Cadera izquierda,,,,,,,,,,,,,,,,,,,,,,,,,,,,,,,,,,,,,,,,,,,,,,,,,,,,,,,,,,,,,,,,,,,,,,,,,,,,,,,,,,,,,,,,,,,,,,,,,,,,,,,,,,,,,,,,,,,,,,,,,,,,,,,,,,,,,,,,,,,,,,,,,,,,,,,,,,,,,,,,,,,,,,,,,,,,,,,,,,,
"R1-ST, 15 dpl",,,"R1-ST, 30 dpl",,,"R2-ST, 15 dpl",,,"R2-ST, 30 dpl",,,"R3-ST, 15 dpl",,,"R3-ST, 30 dpl",,,"R4-ST, 15 dpl",,,"R4-ST, 30 dpl",,,"R5-ST, 15 dpl",,,"R5-ST, 30 dpl",,,"R6-ST, 15 dpl",,,"R6-ST, 30 dpl",,,"R1-TMX, 15 dpl",,,"R1-TMX, 30 dpl",,,"R2-TMX, 15 dpl",,,"R2-TMX, 30 dpl",,,"R3-TMX, 15 dpl",,,"R3-TMX, 30 dpl",,,"R4-TMX, 15 dpl",,,"R4-TMX, 30 dpl",,,"R5-TMX, 15 dpl",,,"R5-TMX, 30 dpl",,,"R6-TMX, 15 dpl",,,"R6-TMX, 30 dpl",,,"R1-EJE, 15 dpl",,,"R1-EJE, 30 dpl",,,"R2-EJE, 15 dpl",,,"R2-EJE, 30 dpl",,,"R3-EJE, 15 dpl",,,"R3-EJE, 30 dpl",,,"R4-EJE, 15 dpl",,,"R4-EJE, 30 dpl",,,"R5-EJE, 15 dpl",,,"R5-EJE, 30 dpl",,,"R6-EJE, 15 dpl",,,"R6-EJE, 30 dpl",,,"R1-TE, 15 dpl",,,"R1-TE, 30 dpl",,,"R2-TE, 15 dpl",,,"R2-TE, 30 dpl",,,"R3-TE, 15 dpl",,,"R3-TE, 30 dpl",,,"R4-TE, 15 dpl",,,"R4-TE, 30 dpl",,,"R5-TE, 15 dpl",,,"R5-TE, 30 dpl",,,"R6-TE, 15 dpl",,,"R6-TE, 30 dpl",,,"R1-VH, 15 dpl",,,"R1-VH, 30 dpl",,,"R2-VH, 15 dpl",,,"R2-VH, 30 dpl",,,"R3-VH, 15 dpl",,,"R3-VH, 30 dpl",,,"R4-VH, 15 dpl",,,"R4-VH, 30 dpl",,,"R5-VH, 15 dpl",,,"R5-VH, 30 dpl",,,"R6-VH, 15 dpl",,,"R6-VH, 30 dpl",,
Paso 1 ,Paso 2,Paso 3,Paso 1 ,Paso 2,Paso 3,Paso 1 ,Paso 2,Paso 3,Paso 1 ,Paso 2,Paso 3,Paso 1 ,Paso 2,Paso 3,Paso 1 ,Paso 2,Paso 3,Paso 1 ,Paso 2,Paso 3,Paso 1 ,Paso 2,Paso 3,Paso 1 ,Paso 2,Paso 3,Paso 1 ,Paso 2,Paso 3,Paso 1 ,Paso 2,Paso 3,Paso 1 ,Paso 2,Paso 3,Paso 1 ,Paso 2,Paso 3,Paso 1 ,Paso 2,Paso 3,Paso 1 ,Paso 2,Paso 3,Paso 1 ,Paso 2,Paso 3,Paso 1 ,Paso 2,Paso 3,Paso 1 ,Paso 2,Paso 3,Paso 1 ,Paso 2,Paso 3,Paso 1 ,Paso 2,Paso 3,Paso 1 ,Paso 2,Paso 3,Paso 1 ,Paso 2,Paso 3,Paso 1 ,Paso 2,Paso 3,Paso 1 ,Paso 2,Paso 3,Paso 1 ,Paso 2,Paso 3,Paso 1 ,Paso 2,Paso 3,Paso 1 ,Paso 2,Paso 3,Paso 1 ,Paso 2,Paso 3,Paso 1 ,Paso 2,Paso 3,Paso 1 ,Paso 2,Paso 3,Paso 1 ,Paso 2,Paso 3,Paso 1 ,Paso 2,Paso 3,Paso 1 ,Paso 2,Paso 3,Paso 1 ,Paso 2,Paso 3,Paso 1 ,Paso 2,Paso 3,Paso 1 ,Paso 2,Paso 3,Paso 1 ,Paso 2,Paso 3,Paso 1 ,Paso 2,Paso 3,Paso 1 ,Paso 2,Paso 3,Paso 1 ,Paso 2,Paso 3,Paso 1 ,Paso 2,Paso 3,Paso 1 ,Paso 2,Paso 3,Paso 1 ,Paso 2,Paso 3,Paso 1 ,Paso 2,Paso 3,Paso 1 ,Paso 2,Paso 3,Paso 1 ,Paso 2,Paso 3,Paso 1 ,Paso 2,Paso 3,Paso 1 ,Paso 2,Paso 3,Paso 1 ,Paso 2,Paso 3,Paso 1 ,Paso 2,Paso 3,Paso 1 ,Paso 2,Paso 3,Paso 1 ,Paso 2,Paso 3,Paso 1 ,Paso 2,Paso 3,Paso 1 ,Paso 2,Paso 3,Paso 1 ,Paso 2,Paso 3,Paso 1 ,Paso 2,Paso 3,Paso 1 ,Paso 2,Paso 3,Paso 1 ,Paso 2,Paso 3,Paso 1 ,Paso 2,Paso 3,Paso 1 ,Paso 2,Paso 3
68.4106,95.884,102.6411,67.912,84.7037,71.0919,65.3643,64.8672,69.549,66.8596,60.8613,66.4998,87.2666,77.3457,101.008,78.7541,80.2227,79.4884,84.4448,76.3597,62.0774,77.6131,79.9187,84.2739,79.1136,65.2889,63.4884,50.7066,43.489,57.7154,52.7986,102.305,66.0284,45.9566,62.825,66.6776,77.6677,75.264,80.0714,88.1812,95.5066,102.832,51.8095,66.7615,65.7547,59.4137,58.3116,77.4477,73.2801,78.8263,84.3725,52.9132,65.8651,57.9748,63.4187,70.2293,70.5748,53.1314,67.7342,72.8203,84.3124,100.3903,97.2164,89.555,92.3942,96.2083,87.4798,85.9692,94.4784,78.2282,85.831,86.1633,85.0835,60.596,69.1645,74.8742,88.2174,81.5458,70.1852,72.8871,69.5027,40.3899,42.0956,66.6519,48.2956,63.4143,65.1643,54.2873,48.8019,58.3478,44.7504,81.5384,86.6585,52.2117,51.8063,59.5899,59.4583,66.2651,73.0719,56.1767,62.57225,68.9678,74.9727,88.3931,97.446,76.8467,79.1085,93.3062,93.3757,87.7316,99.0198,94.4879,97.3845,90.4635,84.5161,102.4292,114.8495,74.7073,79.7724,85.2736,81.0593,77.0314,75.2115,76.2296,79.9548,72.5044,74.9999,83.9644,82.5995,64.8642,73.0281,72.04,73.7397,83.8468,96.4614,58.1264,59.9035,61.6806,83.4811,96.6424,88.5443,72.2684,76.6551,85.6926,71.30155,73.2453,69.3578,66.7343,65.5155,75.0716,87.9909,97.3513,88.0113,71.5137,80.1076,83.4017,85.9626,96.5515,91.3,75.5673,91.7273,93.0233,89.9398,99.6707,94.22,90.89175,90.406,91.3775,77.8605,81.9905,90.3662,80.3003,71.8543,90.406,73.8694,77.84625,81.8231,69.9191,78.9431,76.0006
77.6413,103.8751,106.3047,69.9203,88.8885,70.7322,60.7494,61.4149,67.6781,66.05,62.7326,66.8395,77.7959,89.8081,92.0987,80.2227,75.3402,77.78145,86.1902,79.191,68.1946,86.079,72.6712,89.6709,79.4517,68.9156,69.6724,48.6019,53.5383,52.2461,54.541,97.8862,81.3588,55.986,66.6776,78.7803,90.8221,86.1419,95.5023,97.1911,102.7582,108.3253,53.5725,64.4809,77.7449,61.8499,75.7692,76.4238,81.1357,90.28065,99.4256,50.4236,58.6545,51.8274,67.7392,72.3846,74.0503,58.6293,82.7692,82.3262,84.8191,100.5054,105.3487,98.3696,100.0851,97.4941,105.4389,90.2935,101.5347,81.241,94.6581,100.9983,94.1075,60.1619,68.737,83.5488,86.9153,78.8475,81.9052,79.8168,76.1811,35.113,34.5676,87.6526,65.2588,63.1182,70.6192,70.7141,68.8754,59.587,53.6393,83.3676,99.8867,50.3385,55.6115,63.0517,68.9363,80.9977,74.4953,71.0265,61.5642,73.636,82.4729,100.2366,95.4903,80.8519,87.9284,90.5799,82.3289,97.7667,103.0354,93.1557,94.5707,97.8488,95.809,110.4144,114.9956,79.573,83.9065,96.2032,76.2442,85.5042,81.3229,75.9058,81.482,70.3296,79.4788,93.3504,85.8282,63.3659,74.2223,79.1839,74.3071,92.5215,95.1233,67.396,66.2007,65.0054,100.6873,93.9226,96.3914,91.6453,77.8933,94.1152,61.7943,71.6568,72.1873,70.4744,70.9139,70.4657,92.4367,98.3985,96.4129,83.4017,92.3038,81.7508,90.957,101.9495,96.3384,80.1429,85.4633,94.0646,94.6211,99.0987,98.1682,92.99415,94.9536,91.0347,79.573,90.8536,95.3675,94.3321,81.4334,85.6855,71.3316,75.8331,75.4829,78.046,86.2689,79.464
85.666,110.8724,98.179,80.2259,92.1082,77.5922,59.0356,74.0389,67.5419,65.0104,64.689,69.4878,80.3317,83.2717,100.1539,82.2944,79.8049,81.04965,85.7349,79.5794,71.3745,83.5698,84.3152,93.2753,75.7836,70.8257,64.8841,54.0545,53.8576,55.8362,57.5742,103.8272,83.6494,54.6574,67.7499,74.3105,85.81365,83.4156,88.2117,97.2361,96.0603,103.2807,63.3279,74.5633,78.5627,68.2644,64.8662,65.8504,84.0242,81.1974,104.5533,58.957,63.591,64.237,67.6391,85.2503,82.5702,70.747,91.2181,79.4908,97.0794,100.896,97.3144,87.7647,105.1373,109.6588,105.885,94.7649,101.9131,96.1166,96.604,102.0566,78.3485,69.3416,64.977,96.1888,97.74,88.8642,91.1479,76.1811,76.7766,55.4801,56.9276,80.4002,54.9735,68.1712,70.0803,83.1059,68.8754,69.5649,51.6793,86.8919,97.5554,46.3022,62.7305,69.5055,65.2847,87.2244,79.4195,77.9282,71.6239,79.0201,85.214,97.446,96.7047,81.9963,86.0899,91.7806,97.5909,105.9756,108.8955,91.5042,100.6656,103.1571,96.5084,109.8614,110.7048,93.639,84.8191,101.5347,89.1507,82.5073,91.9135,78.8643,89.2432,80.4769,85.1877,96.7404,93.0946,74.2968,78.3057,86.6753,82.6307,94.6002,86.61,66.7609,69.517,80.0035,101.7322,99.3949,100.1547,96.3175,75.6786,99.3303,79.33115,75.9332,82.7291,73.2665,78.4268,79.3277,91.0866,109.7104,98.7658,76.0062,93.1244,94.104,96.6234,103.1146,99.3739,88.1525,98.7102,88.2936,95.8224,103.6799,98.1682,94.5846,96.4127,98.0367,84.5399,93.6771,103.7752,92.0701,88.2444,90.0595,73.4363,85.831,86.9418,75.5188,85.9068,88.1254
89.6139,110.2564,101.9433,87.7369,95.9488,88.2936,66.7788,70.3732,63.3098,65.9475,62.6858,67.5206,87.3185,96.0344,106.98,84.0631,82.836,83.44955,85.9742,81.182,74.5483,93.2439,83.8049,90.9847,75.8587,71.5964,68.8145,51.0161,63.4923,60.6081,62.5788,96.7433,78.0703,61.4732,72.6844,79.6435,97.8481,97.0299,98.6663,105.341,104.5359,106.1603,73.9637,72.3556,81.9963,71.5077,66.205,75.7609,99.3826,83.3223,104.0376,64.0472,72.0054,52.1599,73.244,80.5452,83.7806,71.8975,88.6043,81.4334,97.4912,101.1135,112.8535,106.5432,109.2112,117.2575,111.7172,95.934,105.4832,94.6581,100.5519,103.8793,80.3867,74.0775,75.4089,99.7579,98.3696,99.7967,100.3134,84.0475,81.0216,57.3148,66.0298,91.2528,61.6683,77.6426,74.689,88.4093,74.7325,77.9946,52.6129,96.4452,101.6346,54.3448,57.6283,82.3851,73.0719,91.6546,84.6608,86.2653,87.9093,84.9202,96.1542,102.3524,108.2571,84.595,95.8655,98.4021,101.3326,109.0107,104.5482,93.2425,106.5132,112.7211,109.842,117.751,122.6093,95.2612,86.3285,106.1965,95.3911,93.2588,90.3628,79.1123,91.2452,80.2586,89.7274,101.4991,102.9826,70.6798,77.0232,90.6935,90.0984,94.6002,92.955,74.6965,76.3698,85.9378,105.1636,109.1823,97.734,94.3321,87.5627,97.5159,72.91,82.0671,82.8126,88.091,81.9194,69.5077,88.796,104.2098,96.535,91.5593,94.666,100.8351,96.112,105.475,96.2127,86.3687,94.765,100.0704,103.6799,102.8951,102.0724,99.5834,100.4572,106.1369,92.8551,102.1626,102.8038,91.0089,91.0701,90.0595,76.9012,87.0557,90.6581,86.2689,96.1325,89.5007
94.3692,104.5148,108.0025,87.3628,103.7459,92.0475,63.7803,85.9824,63.3098,69.5979,60.8749,71.282,98.2294,103.5201,109.8783,87.4019,81.119,84.26045,93.0627,76.3841,85.2264,94.2493,90.9847,104.2751,80.0093,75.0377,70.361,52.7858,65.2444,52.306,66.1122,98.7278,81.3644,64.3939,81.4856,81.3568,81.2297,92.776,97.8272,103.346,103.346,111.9235,75.6623,83.8239,82.6935,79.9238,74.2422,82.1584,92.0068,91.3564,99.6192,56.7453,64.393,56.9104,79.8465,97.272,93.7976,71.6564,89.3223,88.6335,94.1247,93.9094,104.7972,104.0742,101.5304,101.475,109.5097,108.9909,99.9867,97.6709,101.1815,105.7627,98.8011,82.4334,78.4452,100.5084,108.7305,114.0713,108.3333,82.4337,92.2209,71.8498,78.0028,90.6177,83.3726,77.6426,78.9748,98.3641,86.2251,84.4845,60.6831,93.6525,100.0648,64.507,77.8477,88.3933,83.4873,96.43,87.9531,93.4871,85.6667,97.9658,89.9158,104.273,109.7543,87.736,90.1763,91.4283,106.5985,114.4698,112.7756,92.8115,107.3417,110.6537,103.8469,117.9057,121.5335,110.0201,101.5347,116.0389,102.0562,97.6579,96.8671,78.3365,98.5567,93.2051,100.2382,107.8308,101.5298,78.8117,79.8352,82.9177,100.7949,102.0374,102.3259,83.1707,78.0261,80.2472,109.0047,104.9414,105.0706,95.4043,92.1485,93.7025,75.7835,83.0542,84.6733,86.7669,87.0842,81.8284,96.9215,107.6553,106.6735,103.7198,103.0229,89.5931,104.3907,103.0003,103.1181,95.1556,102.7486,102.7486,95.4309,103.6799,105.8428,100.5519,98.5089,102.4692,94.22,102.8038,106.6536,108.0249,91.0089,93.546,83.6864,92.5325,98.8727,95.6582,104.532,96.1645
89.684,103.8331,99.9944,98.1184,99.7191,94.716,76.2209,89.764,71.6949,74.1669,64.4379,81.5923,95.3903,106.409,119.0025,93.5766,87.4019,90.48925,73.2325,85.6931,79.7604,95.9027,89.7751,99.0981,77.1119,76.0117,72.1855,58.8932,66.3855,55.5638,72.296,109.1819,88.942,68.4892,88.1323,85.1971,80.6391,96.8777,97.9194,102.451,103.4355,98.6465,79.8728,87.5294,92.0464,79.8484,90.8577,94.6182,99.8052,102.2293,103.2127,57.4271,61.6484,54.0369,85.5042,89.2163,92.3265,76.5939,88.3312,94.7363,92.9162,97.355,100.4812,103.8021,97.7996,104.1885,121.9176,112.1366,109.405,99.3303,104.8075,111.3832,83.7832,82.3076,86.7927,100.7408,113.5088,111.5264,98.3563,80.2334,107.4384,73.0687,81.4824,95.1002,63.4143,79.1453,81.8716,107.2993,93.9535,90.2029,67.1221,88.0534,104.7407,66.4867,83.8398,82.6977,86.7062,101.2173,99.5714,92.8899,85.8795,95.2811,103.3172,110.4921,102.8837,90.1763,101.7831,94.4901,109.6492,101.7965,110.358,83.1962,102.6626,102.8074,110.1444,121.5335,119.1629,105.8145,99.7283,116.0389,99.2617,105.1003,98.9105,87.4547,104.7156,97.2156,109.842,119.3828,113.533,89.5028,92.2291,95.8644,100.7949,95.2772,92.3283,85.8382,93.2617,101.1684,115.7401,106.8444,102.4382,95.0534,92.1485,102.1767,82.8126,92.9316,89.334,88.2369,89.202,81.2292,98.9865,114.2424,114.9085,112.7516,106.5341,108.6286,106.0928,103.8108,104.5903,95.1556,99.4418,101.715,106.5327,96.1623,103.7752,82.0323,91.1927,86.6125,93.5085,107.1417,106.6536,111.8555,104.0085,111.4733,89.1995,92.5325,100.525,92.1873,84.8585,96.3522
81.9869,98.4713,102.2685,104.7246,98.6483,108.2011,74.7636,87.291,79.8202,74.4263,61.366,77.6325,100.1372,112.9356,116.8072,100.3558,94.4356,97.3957,58.9457,91.0472,80.0559,98.7068,100.1372,108.5404,80.3879,79.7372,72.4619,67.5512,65.491,51.675,81.7649,114.2555,87.8734,63.043,83.8332,90.8932,86.1419,94.4582,101.1815,100.9146,98.4053,97.8624,86.1525,93.4659,92.0464,81.387,89.2421,105.5396,105.2185,107.9164,99.8075,73.3298,70.0279,59.756,87.7462,82.4838,78.6369,69.3291,84.5213,72.7902,97.8586,100.3725,103.7752,104.1558,114.8929,108.5045,117.5166,109.9536,106.6945,106.3163,113.8995,117.7405,89.3204,86.6049,93.5492,109.9003,113.5614,117.0005,102.1703,103.6243,97.2273,80.9168,79.1972,95.5492,85.5534,84.4294,93.3647,106.6518,99.6174,85.8411,51.5581,70.4721,95.224,73.2852,71.0879,94.8309,100.5743,100.6212,102.0701,82.0903,84.6929,95.6153,113.683,104.8465,105.8268,96.7047,96.0458,94.2037,114.1799,114.5824,101.9932,72.0338,88.1819,95.1021,108.8576,121.5335,125.1647,96.9737,102.9007,107.4081,107.9503,109.3013,103.8961,97.1109,103.0686,103.108,110.7665,113.8977,113.3868,88.4741,99.8492,100.1821,104.9919,104.8489,103.0106,94.6853,95.4497,99.9672,111.2194,110.6603,110.2702,106.1369,102.4524,102.1767,99.49035,103.6943,95.2864,79.9955,94.4329,79.2412,99.2839,113.3854,117.5838,110.2166,99.0403,103.7198,105.441,109.1265,98.1588,104.7798,91.1626,99.5339,85.8351,100.3088,92.8145,81.1264,87.6353,94.6578,108.3092,106.5983,110.0201,102.6935,100.7465,112.2095,84.6075,97.2393,94.5651,88.2221,88.7067,85.2468
62.7614,84.3211,90.0831,101.7895,112.1249,109.6969,68.3162,89.981,81.3575,70.8002,67.9589,85.2009,110.1882,107.1988,122.0587,104.4196,98.2347,101.32715,64.0761,76.2051,89.8972,89.1998,103.8012,105.7509,78.7904,87.3338,74.7445,77.6321,79.9127,61.1309,85.1699,108.3493,95.5143,77.3729,93.4741,91.0319,92.3423,98.6663,105.4953,100.9825,96.6455,83.7384,87.9127,86.4909,91.9647,89.0278,95.6941,96.2496,88.1145,105.2185,83.998,74.0465,75.9779,64.478,80.1596,77.6533,78.044,59.8705,74.9008,77.0129,71.6945,87.2095,107.5022,97.181,111.0516,96.6455,111.681,112.9064,107.1685,110.7048,107.8648,113.8995,96.4823,77.9601,104.1988,112.9034,110.5486,108.7185,76.3378,69.5027,105.579,92.2448,98.1463,97.2153,78.1354,103.2397,88.9641,100.3836,88.7969,94.2653,50.2867,65.2953,71.4704,78.8404,73.108,85.789,92.9607,99.7168,93.2396,80.5424,82.0437,92.9758,113.5472,100.5353,101.5273,93.8657,100.6167,94.4784,104.8159,106.3533,91.3539,61.2251,70.2898,87.6647,115.7795,117.0005,116.6047,112.7037,107.0073,117.2759,106.6957,107.0665,104.0944,92.7691,87.3332,92.776,113.8149,116.3172,115.9965,95.2093,99.2604,102.7791,110.7665,116.603,95.407,98.5336,99.9672,97.6968,110.0006,111.9347,106.714,106.2659,106.403,103.7275,88.1041,92.6262,101.007,80.9767,86.6181,79.1511,115.1548,121.2208,114.6008,101.6936,99.7998,108.1096,99.7189,102.7162,101.8524,104.211,94.9337,96.7985,78.5969,88.5614,93.6277,81.4958,77.3537,79.4748,89.1576,103.559,104.7218,107.0922,106.7665,105.4234,91.8786,100.3384,96.4169,77.1157,84.3875,81.8064
43.4266,77.7262,81.1883,100.6555,105.0084,94.6674,72.6947,97.0159,79.3433,71.5317,62.0327,90.0074,113.1812,123.181,122.3126,104.4602,101.3447,102.90245,42.3416,76.3539,75.2219,79.8248,99.3332,91.8676,84.3393,90.6977,84.0364,72.7528,78.0507,63.1323,97.5682,110.4032,98.8676,78.6113,83.8699,88.3358,90.6906,98.0637,98.0637,93.7626,79.2966,78.4327,93.3208,87.2063,100.3308,94.1276,103.3147,109.9752,79.2474,93.4882,68.2405,75.9779,79.3845,64.8585,69.4065,51.9131,57.5124,61.8373,59.347,66.462,54.928,57.2874,112.6966,98.2771,94.9007,101.2289,105.3962,112.2144,105.3962,113.7802,113.3608,113.8995,99.1723,81.5508,92.4994,112.9407,118.2637,113.1865,69.5027,55.4665,95.0086,89.5496,82.9277,72.1609,83.0639,104.9442,88.41,94.43025,90.9164,97.9441,43.6402,57.031,52.7427,75.1319,76.2574,84.8548,98.176,90.1488,93.1324,85.2887,77.5023,79.3907,106.7545,99.5762,103.444,97.2167,106.4627,97.9091,93.7361,100.577,82.5213,46.6043,60.1785,93.6702,119.7642,118.1674,118.169,99.8097,107.4339,93.7586,99.2011,86.9754,87.1892,96.3266,79.0961,80.6126,113.6745,114.1362,116.8524,93.3691,96.2477,108.4464,116.9279,113.5292,104.0171,104.7732,103.9103,106.403,104.5042,98.4053,104.4993,101.2067,110.6209,91.8481,98.5819,101.2262,106.9282,75.4788,80.4291,65.7061,106.1439,125.2993,122.9338,93.6843,104.8069,100.9378,96.7207,97.6148,87.6165,90.172,90.172,104.211,76.5882,66.5623,84.3693,81.5202,75.2684,68.9033,99.70555,93.6277,105.7834,117.6155,112.5017,115.1118,88.7692,97.5743,104.3646,80.8688,86.5027,77.0404
51.8334,51.5814,68.6244,102.2664,92.9043,76.368,83.8743,99.7674,91.1866,72.6461,65.2808,97.9741,112.7532,117.8886,124.0511,108.5324,105.2852,106.9088,43.7159,44.9998,41.8418,69.8356,99.4031,75.7035,86.5951,92.7348,86.8887,78.3725,83.7356,66.6447,96.3562,97.6432,88.6715,82.8131,88.773,91.839,98.8985,97.0699,88.2311,74.9041,52.826,62.8618,84.7128,80.0019,93.2,94.8335,110.2702,103.5937,72.7664,76.6271,52.1062,79.3845,79.4297,68.1958,49.6179,47.868,56.4562,50.1604,49.4484,63.6576,54.2273,52.1849,70.564,85.5534,89.3675,62.9928,100.6249,101.0937,90.2936,113.7176,109.1107,113.5834,93.639,89.7069,88.2619,98.7198,114.8929,119.1835,70.465,58.0539,90.5068,77.7333,72.3582,57.195,72.9946,85.1666,90.924,77.2746,75.0599,71.3685,34.6435,44.2348,38.322,69.9613,55.1063,78.4195,88.452,95.8368,93.0712,71.1719,69.254,72.4772,109.8869,93.6911,107.0362,79.5382,86.2051,88.5095,91.9666,100.1634,67.5773,48.2,49.4254,79.1684,104.6191,117.6361,110.9905,101.1122,101.5712,70.399,78.6369,64.7766,82.0166,79.6426,81.7761,80.70935,112.3019,95.407,103.0588,90.6053,92.0783,97.6654,110.5486,106.7266,100.0851,106.0081,110.4905,115.5898,100.1732,103.8655,108.3685,98.8328,99.4803,90.534,103.0497,102.3392,109.214,70.6564,63.0599,62.753,111.6519,109.2483,126.9419,91.2548,87.0908,91.9931,67.2388,66.106,73.7775,88.2011,104.0562,96.2198,51.4861,54.1094,59.6349,68.0837,74.7803,64.928,88.5826,92.4576,93.6277,112.2646,112.5017,113.3727,86.4156,93.6291,98.9445,80.8688,74.7462,77.3025
52.7062,53.9648,59.3007,91.6272,85.1261,73.058,89.7963,98.9277,88.3131,75.7447,71.139,93.1002,113.115,110.1322,105.0827,121.3416,109.6839,115.51275,35.7074,36.4348,43.9917,49.8989,100.5325,72.0295,85.1192,88.6858,91.5602,82.6784,84.0815,68.0888,99.7336,90.1855,100.0976,92.7621,84.8636,93.4645,71.2978,68.8431,65.8579,51.5959,48.2212,57.8805,85.1221,77.3431,95.4643,102.3106,104.4717,101.9869,51.0138,75.1517,49.4961,95.0867,79.7621,69.0798,36.0774,40.1078,45.7771,53.6972,62.2754,59.8838,57.0512,40.6902,62.5784,77.3633,57.7957,52.911,84.6664,81.5137,74.5185,100.525,96.9329,113.7268,106.1703,91.1257,94.3345,106.2349,110.5111,108.8879,65.5132,57.4304,81.971,81.0998,67.0318,44.2988,67.0335,60.319,81.8599,51.2492,50.0884,62.9715,37.5077,37.731,39.1873,55.1063,35.6257,55.7997,65.3845,77.9932,80.113,56.5642,57.3744,62.6588,97.6105,79.1545,88.7067,85.4587,78.9334,78.1997,78.3649,80.2748,65.8078,43.8864,51.9508,67.3497,94.5241,112.4685,103.2356,94.4921,90.1421,78.7767,65.8523,51.1611,58.6254,62.7728,69.4253,73.7598,94.0674,75.3151,99.2866,87.4224,79.1766,90.0472,112.0218,96.3691,86.6624,108.8925,102.7972,112.796,78.7159,91.5898,95.0331,91.2842,83.98965,76.6951,102.7135,103.0497,99.047,56.2757,55.9053,71.2654,105.9892,121.0272,117.128,82.2284,91.649,85.7066,62.3939,58.4102,59.2551,85.8124,82.5575,89.0673,50.3438,46.5609,53.1284,46.2355,48.7563,53.5303,74.0465,59.651,72.3047,112.2595,112.255,115.4054,81.5637,85.6013,93.0179,67.074,64.8294,57.5745
45.3235,51.1002,59.3813,80.1819,79.6399,61.1416,90.7857,98.7068,82.9199,84.6495,73.779,105.3315,119.9677,92.5579,88.8505,116.8364,116.3832,116.6098,38.5321,40.4126,44.6716,52.1788,80.6751,56.2766,87.7402,96.1226,92.9405,90.2631,85.8724,76.2995,104.3496,96.3566,92.4638,98.1604,86.9847,86.1339,45.6019,63.9171,57.9206,49.9548,46.7099,64.853,74.0645,64.063,76.1567,105.8355,100.2992,103.3633,29.3095,56.1242,43.755,77.1391,77.1391,72.9318,37.8585,38.3212,43.499,56.4847,64.8533,63.2005,64.8355,47.6096,58.6111,56.817,41.8062,52.7948,68.9159,70.7934,68.446,104.8799,99.0752,91.9502,101.5347,103.2333,93.773,83.7546,105.4576,92.7773,60.5281,52.6136,38.9854,72.9088,64.6014,45.178,53.0638,64.4398,77.2899,51.3738,45.6632,54.361,43.6634,50.5055,39.831,40.8487,44.1681,42.9508,61.4239,72.6544,74.5677,54.8243,43.7197,60.0912,80.6616,64.4539,71.2813,58.6374,58.9967,72.8959,52.6668,67.2283,63.883,51.6361,53.9055,61.7524,71.994,96.0882,92.7526,82.7962,82.9395,66.0085,54.706,44.5243,52.9168,61.3361,59.5696,53.5552,75.2543,64.4273,77.5053,64.8547,68.389,74.7292,98.5479,103.8998,96.5509,113.0039,103.9744,98.4805,66.9007,79.8484,79.1453,90.259,91.2842,87.7229,107.243,103.1225,103.8302,61.5482,47.7437,51.9098,124.32215,127.7739,120.8704,67.4857,65.7457,66.6157,69.9923,68.1704,59.5648,74.8549,75.3985,74.3113,55.2802,49.3293,48.5,44.4039,50.3438,47.7122,63.5924,67.2742,66.6287,94.0499,99.2344,107.1026,85.524,89.5444,89.5444,48.9153,48,48.2752
54.2753,54.8479,57.2313,49.7271,64.0712,39.911,93.2587,105.278,91.7053,82.9603,70.708,106.0754,105.7347,76.3516,85.3813,122.7605,121.3416,122.05105,41.4254,39.0107,38.7684,49.3131,51.401,58.9214,86.53,99.9735,98.6774,81.5171,90.0677,81.5136,100.001,88.9206,84.6523,98.1522,75.0094,90.9156,49.7818,57.2181,51.5908,47.6138,45.4739,55.7486,54.385,56.8457,71.8723,102.9643,99.0052,105.4087,20.2564,49.5153,48.1269,82.4321,83.3307,68.5661,45.0149,46.5517,51.2612,56.7794,61.6196,62.8662,60.1236,51.5242,51.1136,52.1456,52.6046,48.5673,56.8432,66.6718,62.108,100.2142,85.782,85.2173,91.6641,103.0372,91.8839,71.686,78.3792,74.2796,67.9197,58.9107,52.7771,56.0756,48.1005,44.498,56.98,61.6098,59.1186,50.8245,39.7703,44.264,39.2174,46.7035,47.4636,32.3001,36.5037,32.9264,56.7109,57.7159,61.4537,40.9265,40.9265,54.9895,56.9978,56.0506,62.4507,44.7807,56.684,60.7969,60.3208,56.8666,64.6176,53.7139,53.6429,53.4968,70.794,83.7027,84.4562,72.1585,54.4239,64.0683,46.5367,46.5517,53.1452,49.9681,50.2854,53.4228,66.6807,51.8481,59.9589,48.9295,60.9508,67.2792,91.3437,92.1037,95.1055,118.646,90.2766,93.968,60.0163,62.7802,85.1491,94.4501,81.8114,81.5202,94.9806,101.4285,103.3138,48.2544,52.4239,47.3127,124.87065,121.2187,128.5226,76.22045,69.3255,83.1154,65.8481,64.7103,67.9656,48.9042,59.1657,50.3644,60.3518,53.7103,50.6993,48.2838,44.6808,55.6989,45.7355,41.0327,52.748,95.532,99.5297,103.0179,67.6133,65.26,77.0971,40.34,45.8335,35.1378
51.9063,58.1695,59.0173,49.9753,58.2059,42.8514,97.9895,112.9825,93.5279,84.6944,77.0327,112.2458,97.7524,65.0043,64.6319,125.1368,109.7284,117.4326,41.209,41.4254,44.1447,46.7426,52.7379,55.2043,81.6245,100.4679,103.6231,76.5465,87.2409,82.5249,99.418,74.2605,97.1342,90.8957,58.5945,91.95,49.4975,62.3106,54.1805,51.2825,48.3939,54.7341,39.7131,45.6329,56.0373,98.6657,106.1303,106.3825,38.5203,39.0485,50.0072,78.0789,80.523,68.5661,48.1121,47.3133,49.8137,59.7578,67.384,63.0674,62.1929,53.1863,58.9785,55.329,45.8679,47.6653,49.1481,63.5114,62.108,88.5282,65.7135,80.6126,87.8515,106.4771,97.9833,58.8171,66.5387,58.9562,64.0028,42.7622,52.2865,50.9226,47.2502,48.7436,52.5125,53.6462,65.0625,37.4103,42.4495,53.7622,42.9002,42.299,41.7477,24.6062,30.334,28.5532,44.0656,44.7873,54.9895,45.8242,45.1066,48.0996,50.6996,43.8636,47.517,39.9674,50.7067,54.4071,54.9745,64.1138,62.8556,52.5602,59.9806,63.3927,75.0675,79.5507,78.4709,55.1977,67.3082,72.6999,55.7612,44.5616,56.1789,56.6256,48.7599,58.1369,60.192,58.3679,58.3679,52.3722,49.7398,51.3363,88.2897,81.2062,92.3297,106.3681,92.0123,92.322,46.4911,53.5161,62.6869,89.7684,69.4689,72.7902,97.0632,85.7162,88.2161,46.5626,50.5533,53.2495,110.5345,118.5209,117.1991,65.5453,63.8356,67.255,70.4328,77.5055,60.3524,44.2168,57.0494,56.3569,59.7731,55.3598,61.4432,49.2959,49.6146,50.3383,46.5339,48.6336,45.9628,71.8241,71.6564,84.0499,74.8895,66.4069,73.514,40.4276,37.0335,43.5533
65.2812,59.4738,55.7876,55.0457,45.0111,39.8607,102.5379,107.5882,97.0352,92.6025,73.3174,110.1411,77.1135,66.3663,63.7521,113.1265,119.9795,116.553,46.4738,36.2844,42.154,44.4474,49.0914,53.0743,93.2448,89.8901,102.2087,70.1342,82.9397,85.6579,90.7433,63.6631,94.9594,90.4879,54.9907,81.8932,53.3125,62.6512,65.9484,46.214,57.5307,53.8506,34.678,35.2734,43.8956,107.4342,90.5847,103.404,42.9862,44.2662,53.3405,98.6227,87.8515,76.6582,46.1913,41.7976,52.6309,50.7996,63.3245,56.5912,65.534,59.2523,58.9785,55.0942,44.455,53.1645,54.5122,68.1664,79.8715,75.1906,56.6612,65.9889,82.0528,108.1308,91.9491,61.5431,60.1875,56.6889,43.3164,52.1263,54.8279,50.9243,45.5604,44.0938,49.4569,52.4414,44.2144,44.334,40.109,47.1981,44.3547,36.731,44.3056,24.1704,30.0295,25.0971,47.7425,50.8328,59.1622,44.9966,51.3383,37.2551,45.7615,41.3712,49.2674,49.159,54.9185,52.633,49.8512,66.7635,79.2056,55.7261,62.4088,71.845,74.2408,70.6026,71.5892,57.8653,61.4432,67.827,46.2524,50.2345,55.5483,59.2359,59.3476,62.837,69.2182,49.4229,63.3902,53.2878,47.0443,48.0019,72.7315,69.4217,83.4013,87.7229,82.376,85.04945,47.5477,48.9189,58.2807,81.1264,76.7125,63.9541,91.0387,93.6818,92.36025,52.4199,54.4572,51.2677,95.3234,103.5422,118.4643,74.5781,62.4967,63.0456,69.3724,76.7236,71.2,44.3942,52.1273,53.8009,64.6561,56.2676,57.9255,50.7701,51.0787,50.9763,42.4505,52.5003,54.1579,62.2839,58.8187,69.0169,61.9758,58.1617,59.8625,46.3337,43.5575,50.3364
76.0403,63.7845,50.5586,52.5598,50.9005,45.0933,106.2331,96.6759,88.3335,91.1452,81.9776,109.5953,60.3025,79.4244,71.4512,107.1427,110.0317,108.5872,41.6647,41.3055,44.1447,48.0851,54.1697,55.9267,90.7764,92.6563,107.8539,64.9343,78.795,89.3155,85.531,53.1961,71.9725,81.9114,47.2972,63.6796,55.982,59.987,64.5265,47.6098,61.999,55.7066,39.3299,33.186,34.3912,102.6836,72.1198,88.3649,41.0305,50.1755,49.3055,96.3486,85.3784,81.874,47.0134,45.4065,47.9303,61.9758,67.4078,65.1089,69.0408,52.1273,61.5197,46.5689,52.9356,66.1705,58.4597,71.005,76.612,62.7135,57.7202,68.1191,83.3382,88.997,97.8586,58.0086,58.3368,68.9756,59.9416,49.8373,64.6927,46.2451,39.0469,43.9562,53.5091,46.2635,54.3347,47.659,36.7558,53.7765,52.4449,41.6379,41.8769,32.8565,32.9152,41.9072,50.9636,51.3383,44.3801,49.1499,46.3957,39.3655,52.7762,51.8557,47.6091,54.4989,59.0881,56.1031,57.937,64.7714,83.894,62.5703,67.7042,66.0139,73.5937,66.186,68.4028,47.7656,62.9941,67.8477,60.8339,47.8961,59.6247,64.0911,56.527,62.1388,62.9588,53.4965,70.6026,51.9902,48.0019,52.2886,57.5161,62.8592,68.2023,60.772,57.5114,64.0326,55.2754,40.0737,47.4182,65.1366,53.46,47.7016,73.0465,74.6905,77.0952,53.5282,54.6957,55.3893,83.8126,91.9828,92.3332,64.3816,57.9109,54.9361,69.6807,85.9658,71.5639,49.9274,49.074,55.4992,62.1353,63.4715,64.8666,44.6994,48.5544,49.6649,49.6167,50.1399,57.9255,51.7611,49.1643,62.7135,46.4767,49.8431,44.0674,52.3065,41.0903,50.2619
76.4435,57.326,57.2067,49.5738,55.1243,42.2568,106.4613,94.5984,92.0546,89.0405,83.6739,103.0743,62.5973,82.4634,76.5241,89.1208,109.9089,99.51485,40.8686,42.6896,41.4254,45.5626,49.5908,59.688,85.0203,85.6868,96.7191,62.0816,74.4486,89.2758,68.3504,54.073,65.5313,74.0044,45.419,59.8419,57.8435,64.4805,72.4918,63.2212,65.6202,57.6275,39.6993,41.3195,45.4277,87.238,55.0726,88.353,37.3665,58.1242,50.8335,99.4229,87.6525,79.2278,50.652,47.868,57.4074,59.8705,61.9758,56.504,80.069,58.2708,65.0679,51.2936,59.0455,58.0198,64.6648,70.2718,88.3052,57.8691,57.8323,59.2138,75.229,77.7793,78.7558,49.9684,55.8715,64.826,57.3331,57.9555,51.7751,36.3147,49.6467,33.5451,48.7592,50.8505,44.0726,48.7442,42.2553,46.8664,47.4697,44.3184,43.0774,32.7282,30.4804,43.3878,51.2677,52.7773,55.3755,55.6359,48.5265,52.8364,58.0954,56.7633,53.8009,53.9288,55.1401,59.9358,61.8139,74.429,79.3904,67.0782,68.4999,69.8808,75.8236,77.1631,86.3209,46.3711,56.7118,65.8236,55.5544,47.868,61.6096,56.6207,58.7617,58.5693,66.331,55.5936,71.4726,54.4328,49.868,52.3854,52.7312,64.6883,71.2814,38.90635,39.9023,37.9104,64.2184,43.2163,58.5162,53.0587,43.6992,64.0414,64.02045,68.2575,59.7834,59.5153,59.9481,59.5724,81.8177,70.6903,87.5198,62.4967,73.0605,62.8143,74.1113,85.8303,74.1746,49.9274,57.1407,58.512,63.4293,63.626,61.6239,47.4625,44.1071,48.8487,45.374,41.58,57.439,56.3253,50.4978,55.3998,41.163,40.1524,,52.7456,48.0947,55.5951
81.5501,64.2986,54.7895,59.0008,51.4882,40.5491,90.3318,113.4861,99.7674,96.1266,92.4649,106.8495,68.2714,82.6843,72.3861,82.0246,99.9493,90.98695,40.3844,39.0102,45.3064,50.753,52.0579,53.6534,86.6317,86.9443,97.192,54.2533,62.0816,97.2158,58.2315,51.3466,50.9093,64.0677,58.1768,49.192,59.5156,65.0622,58.34,56.4873,70.646,66.6522,44.6333,38.4344,47.3884,61.8499,50.0619,76.9666,50.997,60.9028,56.6964,92.3317,83.1317,74.2353,58.2807,48.5818,48.4348,61.4356,59.8705,67.5393,81.7025,64.0831,65.4246,60.9798,55.3544,64.873,66.435,80.4125,62.0798,53.3808,64.9573,73.0249,64.4009,65.5657,58.9799,64.7351,61.4544,68.826,63.2016,56.1646,49.1276,39.8801,43.3575,40.4718,48.9337,45.8828,46.111,41.6506,42.4958,53.6674,61.2122,45.3197,52.6128,29.6922,35.932,35.2333,56.0506,54.0962,53.6403,64.6292,63.7496,52.8753,55.8273,59.6878,52.0015,64.6648,63.626,58.5901,70.1407,77.8146,89.3053,85.0321,78.8939,75.1543,72.9229,67.1381,78.0595,56.5376,61.0743,69.1614,61.9469,59.5358,65.6147,67.5301,61.7424,61.3548,70.6426,62.7089,72.3169,58.9606,52.6322,50.9289,47.8903,62.8076,64.6744,37.2515,37.5041,36.9989,63.756,54.0182,53.0477,48.7537,39.5072,53.5523,53.1057,53.7752,56.7874,57.8554,62.5786,61.9847,66.8627,66.5518,72.8591,71.6806,63.2224,68.596,77.5806,88.3048,67.121,49.7352,52.1273,51.8459,69.7314,67.5746,63.626,53.7741,47.3949,56.4395,43.7112,46.5163,53.2938,56.9559,53.2069,50.4978,47.7574,45.6555,48.8158,52.0277,53.1551,52.7121
81.4427,70.8022,60.9622,59.4279,50.0887,40.7626,90.89,96.9135,94.5429,105.7122,83.507,96.951,69.4584,71.0636,73.8349,70.2907,95.967,83.12885,44.8742,42.4328,41.532,55.3218,58.0691,52.3956,86.0611,81.0603,92.7469,47.079,54.2533,88.966,43.7152,46.7374,44.7903,44.1684,64.0138,42.4121,51.4121,59.5347,68.8426,59.2851,73.024,65.5203,43.309,47.0207,54.532,53.4793,49.1435,56.4963,47.9842,61.8193,54.8758,83.0674,68.586,74.5677,53.1727,59.9504,53.0625,75.8331,76.5614,60.8063,77.046,61.2344,68.977,58.9562,56.3368,63.3331,72.8959,84.5265,83.2246,62.4714,68.8859,75.0173,51.6621,64.5741,55.6282,65.4443,60.4273,68.2916,,,,26.5698,48.8409,58.4725,50.902,46.111,47.4233,45.5373,50.6546,54.9326,49.9592,45.9649,54.0455,30.9707,37.7225,40.0358,68.9363,62.0175,63.756,58.9435,59.3785,47.3225,60.4315,58.59,50.798,71.1471,70.207,59.5495,60.056,69.2189,91.5187,91.3567,81.3136,82.2901,81.6359,66.9144,79.7168,64.3253,69.5548,49.7352,65.9972,59.4342,64.1368,68.1147,70.5144,64.5415,73.0472,71.5865,75.152,63.2475,62.6473,68.8434,59.6247,60.9835,68.7832,46.4767,39.1563,47.7122,64.2861,60.5339,59.1047,40.8091,53.7102,50.7441,50.2288,51.5464,48.9112,58.6094,59.4418,57.3627,76.2839,64.1174,77.9112,71.5616,76.4061,71.9868,72.6748,85.6747,70.6294,51.4861,55.025,67.8127,70.4607,64.2472,71.2424,47.2121,54.7172,57.1398,45.7355,53.2933,53.3133,49.2599,50.9386,57.7202,50.725,52.9784,52.4964,53.3419,57.3315,52.9538
62.99735,66.6961,59.2986,58.6046,59.6492,53.8369,94.1357,95.4788,89.8442,91.3985,90.0405,87.2981,76.2018,82.8904,79.5461,62.3015,86.4424,74.37195,41.8418,51.2995,47.8695,55.1333,56.9232,61.7852,77.8376,70.302,85.9099,42.5835,47.974,85.4575,42.754,51.763,48.7502,44.3615,45.749,49.8296,62.5494,64.3021,66.3475,67.4064,76.2479,68.1252,43.1547,45.4556,49.9274,52.5904,49.2239,52.085,49.4725,62.6933,65.7742,62.424,67.0614,68.0234,57.1778,62.3085,59.1541,,,,85.8692,66.435,72.8589,60.9028,61.5621,68.9749,77.8137,86.042,86.3285,57.7202,70.0989,72.8005,50.1302,62.0213,57.9568,57.3343,66.7806,62.05745,,,,37.2615,49.7164,59.14,46.0353,53.8923,46.7256,55.3561,56.0772,58.3404,61.4693,55.1754,57.038,35.9885,36.9298,34.8292,62.5548,64.1881,63.5211,60.7636,61.2252,60.302,61.9276,67.8338,57.2695,76.9418,66.435,64.5068,76.0049,81.3503,104.3482,,,,83.2527,77.3216,77.3216,57.8955,75.9184,57.0343,68.3825,63.5008,64.7232,71.00645,70.2223,71.7906,83.1551,73.2033,81.1082,60.2529,61.0013,66.0603,64.3724,68.6095,65.9554,34.958,43.2097,47.7313,73.4829,69.6733,67.2302,43.2744,56.0626,55.9964,53.23195,50.3584,56.1055,64.9185,59.4374,65.8712,75.8293,63.2789,78.5903,70.2468,76.9214,71.1331,76.6677,86.4562,67.6442,53.3832,60.1673,68.5794,71.2424,64.6648,71.005,54.3476,50.2004,47.9126,50.1841,53.0316,60.4007,53.3327,54.8946,51.8224,49.8431,58.5624,53.8822,61.8802,55.0275,52.6459
71.02595,76.613,65.4389,61.2094,65.852,56.5668,82.9577,89.7211,92.9816,105.6931,95.1098,71.5781,77.5443,83.799,80.67165,56.688,77.2668,66.9774,49.113,50.663,47.6273,59.5656,58.973,55.8241,65.4533,73.8456,72.345,39.1724,46.424,82.6571,45.2824,57.5194,57.4086,38.0543,49.6746,43.0175,61.8126,67.9568,72.8272,78.2705,78.2431,71.8529,48.0616,50.9456,51.7958,55.5598,52.1594,47.4182,59.827,66.0733,69.5933,67.9767,57.6413,58.7647,65.1448,59.38295,53.6211,,,,93.2653,68.199,74.9024,63.7252,61.3926,79.1357,76.9418,93.1904,90.4641,63.3577,73.0523,83.204,54.4897,51.7011,55.7818,58.9193,60.2644,59.59185,,,,30.4596,51.8676,41.1636,47.8192,45.3709,52.5851,,,,67.3556,54.0407,65.0965,42.1222,34.5966,37.0311,73.0719,73.4779,65.6955,,,,67.2382,77.7366,64.1705,82.7753,69.4477,69.7314,77.4061,78.1709,77.7885,,,,73.2033,88.9043,79.476,64.7434,76.7478,55.5238,,,,,,,83.5241,84.1537,81.9951,69.0306,63.1819,60.461,80.4437,62.6005,63.8036,38.7125,49.7891,50.8289,79.9249,78.3273,79.1261,52.4964,64.6324,52.9784,52.111,49.3236,61.0568,63.1943,65.2104,69.837,79.7855,70.8233,80.4262,81.4154,85.5602,75.158,75.1075,84.7731,72.6901,55.5238,57.183,57.679,71.6513,66.435,69.9662,49.358,50.8978,61.4501,53.2124,59.3122,58.7415,58.1305,53.452,68.4725,49.5277,57.0736,55.9437,67.9205,58.0372,63.7663
,,,,,,88.7299,80.7428,93.3593,99.376,93.979,68.3852,77.4524,90.1446,83.7985,57.6499,59.7602,58.70505,59.8396,51.7176,37.4806,58.5104,57.0932,63.5454,64.9427,58.9611,65.452,38.5808,36.1321,70.7813,48.2181,50.6862,62.1002,41.6802,55.6225,48.65135,67.2194,77.0906,64.5231,87.1911,86.7674,66.8354,51.2964,52.2618,50.9456,50.652,60.5685,55.8338,63.7794,74.9245,66.5614,56.9821,46.3599,47.67,,,,,,,72.92485,75.4804,70.3693,63.7182,65.0445,89.555,,,,68.7283,76.0879,82.7546,60.7016,56.5946,51.4419,65.8218,70.2768,68.0493,,,,,,,57.7579,43.0504,55.8146,,,,70.118,66.261,79.1043,44.5665,41.0314,43.0749,72.8066,73.4372,72.176,,,,74.5633,80.9804,58.9548,76.8467,72.8959,75.8132,,,,,,,96.2782,92.5622,81.4256,69.4477,83.3862,76.41695,,,,,,,,,,66.4369,66.5682,73.1292,68.8768,70.0264,74.3079,42.5178,50.4392,50.2119,,,,48.5544,61.4948,55.0246,53.2713,51.1075,59.0529,63.3802,64.4269,62.4056,80.5672,74.8323,93.431,,,,75.1712,89.8638,80.6666,46.6219,54.5595,47.7965,76.4429,68.759,75.4804,66.7203,61.7744,65.3422,52.3989,65.3926,59.1874,53.8138,55.9437,68.7723,47.8554,52.6962,60.7246,69.7569,61.8802,65.81855
,,,,,,68.3437,76.7339,92.1194,87.6548,85.8872,57.8076,,,,55.4758,66.3119,60.89385,46.7027,49.2829,46.9089,66.5777,64.5741,60.0177,50.8798,50.5106,58.8599,46.6546,47.1044,70.3071,51.9661,52.0219,51.6026,49.8117,64.1558,56.98375,69.7762,66.8431,70.216,90.879,85.9504,84.6107,49.9971,46.2298,59.0328,53.4435,56.6002,57.701,70.9052,66.7922,78.4711,46.6633,46.8492,36.8834,,,,,,,,,,65.2066,74.2796,69.7431,,,,73.014,78.772,84.5506,60.8137,58.254,58.177,69.9118,77.6736,73.7927,,,,,,,47.8749,54.9141,58.8192,,,,85.1485,72.4994,81.3567,39.68745,31.2253,48.1496,,,,,,,,,,,,,,,,,,,90.6553,82.8613,87.3233,,,,,,,,,,,,,,,,73.2033,68.2916,68.9312,42.661,53.0537,51.3348,,,,62.2839,69.6191,65.9515,49.5508,56.2817,60.2556,63.95273333,72.9695,63.8986,70.6903,69.8953,80.9087,,,,78.6659,82.6453,70.0876,54.5486,58.9542,49.3498,75.0992,79.4805,81.4379,69.6241,64.4068,75.6856,69.16155,68.328,69.9951,60.7996,63.4067,69.894,53.2948,55.2191,64.7356,70.2423,60.2188,65.23055
,,,,,,66.8581,70.7678,104.7308,86.9057,92.0636,52.6124,,,,66.2807,60.7814,63.53105,49.7641,48.1344,45.8021,73.3906,63.6214,60.2249,53.6038,43.3906,51.4527,45.6964,44.1454,59.1829,51.0083,50.1854,57.8743,51.6959,62.7118,57.20385,77.95725,77.5347,78.3798,93.9679,88.5214,78.2705,56.8891,61.631,47.9351,54.3815,52.1579,59.206,79.4726,74.8388,81.1974,40.679,53.7635,40.0091,,,,,,,,,,72.7889,82.5479,77.6684,,,,74.1425,84.7381,88.0749,59.8215,64.3071,65.389,63.7232,84.5056,74.1144,,,,,,,59.1787,57.7579,60.7069,,,,80.4181,82.279,79.5091,,,,,,,,,,,,,,,,,,,,,,94.5241,93.9249,88.2049,,,,,,,,,,,,,,,,76.18,68.8884,59.9585,42.9762,49.9536,58.8297,,,,59.347,69.8742,64.6106,56.1231,62.2029,53.6422,65.31706667,63.8465,72.5312,79.9114,73.2728,83.954,,,,90.3721,88.7711,80.3817,65.7871,60.7244,64.2238,76.2469,78.6562,77.046,75.8331,77.2461,70.4363,58.8925,65.3543,62.1447,64.0414,64.0414,71.1687,50.4076,60.7246,65.9889,70.715,61.3123,66.01365
,,,,,,42.9179,54.4385,69.9264,73.9369,95.2881,54.2766,,,,66.8387,64.9508,65.89475,53.3829,46.4621,46.3682,69.0052,68.425,75.3948,56.4881,48.3704,66.8411,40.6695,51.5999,51.3707,49.3223,54.554,57.6713,51.7143,67.518,59.61615,80.7192,87.1672,74.2712,,,,55.125,58.1523,59.7864,,,,80.9612,71.19,76.0756,46.5003,57.3609,51.9232,,,,,,,,,,75.4449,83.2903,79.3676,,,,77.2469,88.1633,91.4873,53.2415,66.2731,56.3416,79.373,81.1799,80.27645,,,,,,,53.74805,56.8499,50.6462,,,,,,,,,,,,,,,,,,,,,,,,,,,,96.9493,97.7727,89.8982,,,,,,,,,,,,,,,,78.5639,69.833,71.3912,39.4344,52.5964,59.588,,,,66.5734,76.0033,71.28835,56.3441,69.4632,63.5073,69.5816,67.9901,71.1731,83.2267,81.2115,81.274,,,,88.3048,85.7196,78.387,74.7877,68.4493,66.3171,78.0347,78.6562,88.6401,78.4566,75.6847,71.8241,55.6663,73.3733,63.2622,62.6224,61.4621,74.2341,53.5523,64.8613,70.8677,,,
,,,,,,51.6026,50.3914,75.3212,57.7184,78.3742,70.0963,,,,68.1178,57.5336,62.8257,50.4916,56.382,38.9684,66.5777,70.6857,79.9037,63.2436,58.5949,67.006,42.7498,53.7001,45.7937,54.1196,58.6602,72.6962,51.4659,68.7134,60.08965,78.54835,80.6391,76.4576,,,,,,,,,,,,,48.236,57.2252,53.2643,,,,,,,,,,79.2448,91.5413,85.39305,,,,80.4356,82.39895,84.3623,61.3268,67.0532,56.1194,80.4214,94.3168,87.3691,,,,,,,69.0701,65.2588,72.8814,,,,,,,,,,,,,,,,,,,,,,,,,,,,94.1049,100.8496,84.3706,,,,,,,,,,,,,,,,88.8613,76.2937,69.1915,50.7803,54.60595,58.4316,,,,76.2089,79.1826,77.69575,57.1271,63.7526,65.3827,,,,82.386,76.4273,79.6887,,,,83.9267,89.5885,85.2397,58.5905,69.0989,59.254,79.4805,82.5858,92.4213,,,,60.6597,70.4903,56.6207,74.2341,78.3979,76.1056,57.3604,62.6479,68.6342,,,
,,,,,,50.9528,47.3776,60.3169,57.6701,62.2366,65.2798,,,,66.5418,71.1867,68.86425,53.9597,62.6328,39.2979,82.8166,75.9623,89.6709,61.1765,59.3622,73.0359,48.685,52.4176,37.0451,55.2623,56.1707,70.3157,,,,,,,,,,,,,,,,,,,52.1514,54.9793,56.811,,,,,,,,,,86.5813,91.6561,89.1187,,,,,,,63.9256,65.3136,58.7939,,,,,,,,,,54.7094,49.864,59.5548,,,,,,,,,,,,,,,,,,,,,,,,,,,,97.6032,99.1545,96.0519,,,,,,,,,,,,,,,,,76.2937,74.2113,73.4279,73.9053,74.3827,,,,,,,58.6656,63.0429,60.0062,,,,88.5537,90.8666,87.0431,,,,91.1518,90.038,88.0404,65.2111,72.2075,68.7093,83.8648,89.1155,86.49015,,,,57.5434,62.9947,68.446,74.41,76.2089,83.2966,56.8577,66.2527,65.3851,,,
,,,,,,48.439,63.5267,49.9114,53.0105,53.2674,62.674,,,,66.6526,69.6018,68.1272,56.4157,61.678,42.5873,,,,68.0684,62.8711,71.3836,44.7053,57.8893,42.0347,52.8564,58.1427,69.2255,,,,,,,,,,,,,,,,,,,50.1547,51.6128,54.6067,,,,,,,,,,,,,,,,,,,60.108,71.9739,67.816,,,,,,,,,,52.11215,49.864,54.3603,,,,,,,,,,,,,,,,,,,,,,,,,,,,,,,,,,,,,,,,,,,,,,,73.9214,71.0095,,,,,,,,,,64.406,63.991,62.9097,,,,87.7747,70.2705,82.3157,,,,88.27,99.1638,90.1131,71.0298,73.5091,72.26945,88.6332,89.1155,88.87435,,,,63.1468,79.0468,68.3554,76.1125,79.8231,88.2444,62.9761,71.647,71.8231,,,
,,,,,,56.5626,56.1655,57.4354,49.0175,54.6648,68.9109,,,,70.3623,78.9024,74.63235,60.3057,57.6904,46.5175,,,,64.5642,59.1615,76.5641,48.7568,57.2014,48.5626,59.9017,62.708,66.5577,,,,,,,,,,,,,,,,,,,51.7212,52.9574,51.9391,,,,,,,,,,,,,,,,,,,56.1574,66.229,56.0384,,,,,,,,,,,,,,,,,,,,,,,,,,,,,,,,,,,,,,,,,,,,,,,,,,,,,,,,,,,81.8537,76.0413,,,,,,,,,,59.2116,62.0979,64.9842,,,,88.731,83.5798,86.1554,,,,86.2708,95.7973,94.3591,77.8056,77.8056,77.8056,97.9875,93.6771,95.8323,,,,67.5512,69.24885,70.9465,,,,73.7466,76.2469,77.354,,,
,,,,,,56.2729,61.4037,68.0323,57.3979,67.2736,68.9606,,,,,,,56.53005,64.1341,48.926,,,,,,,50.6886,57.3358,49.0832,66.0207,60.2184,75.1433,,,,,,,,,,,,,,,,,,,48.417,52.7636,49.8421,,,,,,,,,,,,,,,,,,,64.6466,70.2899,59.6002,,,,,,,,,,,,,,,,,,,,,,,,,,,,,,,,,,,,,,,,,,,,,,,,,,,,,,,,,,,,,,,,,,,,,,,,,,,,90.6319,95.4775,95.9599,,,,93.6316,92.6896,91.7476,81.9963,82.9101,82.4532,,,,,,,72.7476,70.40555,68.0635,,,,71.0826,74.2341,78.3179,,,
,,,,,,61.8171,66.8303,65.2624,57.0687,65.3878,73.7069,,,,,,,57.99645,66.4474,49.5455,,,,,,,,,,70.2305,59.4464,70.1935,,,,,,,,,,,,,,,,,,,44.256,49.7727,53.5686,,,,,,,,,,,,,,,,,,,63.7357,62.5793,59.3621,,,,,,,,,,,,,,,,,,,,,,,,,,,,,,,,,,,,,,,,,,,,,,,,,,,,,,,,,,,,,,,,,,,,,,,,,,,,,,,,,,,,,,,,,,,,,,76.5882,87.2988,81.9072,,,,,,,,,
,,,,,,64.2893,67.4245,65.4405,60.9842,64.98555,68.9869,,,,,,,,,,,,,,,,,,,76.1405,58.3847,70.7039,,,,,,,,,,,,,,,,,,,53.0501,49.5482,55.0588,,,,,,,,,,,,,,,,,,,66.1049,63.5899,56.3294,,,,,,,,,,,,,,,,,,,,,,,,,,,,,,,,,,,,,,,,,,,,,,,,,,,,,,,,,,,,,,,,,,,,,,,,,,,,,,,,,,,,,,,,,,,,,,79.573,76.76835,73.9637,,,,,,,,,
,,,,,,66.4565,66.9246,66.8303,,,,,,,,,,,,,,,,,,,,,,71.1662,67.2037,78.8234,,,,,,,,,,,,,,,,,,,48.9998,51.6721,54.2693,,,,,,,,,,,,,,,,,,,62.2044,70.2884,59.9134,,,,,,,,,,,,,,,,,,,,,,,,,,,,,,,,,,,,,,,,,,,,,,,,,,,,,,,,,,,,,,,,,,,,,,,,,,,,,,,,,,,,,,,,,,,,,,,,,,,,,,,,,
,,,,,,71.44185,68.8845,73.9992,,,,,,,,,,,,,,,,,,,,,,78.3577,66.448,78.6435,,,,,,,,,,,,,,,,,,,47.8822,48.417,54.7631,,,,,,,,,,,,,,,,,,,67.2504,57.8549,62.55265,,,,,,,,,,,,,,,,,,,,,,,,,,,,,,,,,,,,,,,,,,,,,,,,,,,,,,,,,,,,,,,,,,,,,,,,,,,,,,,,,,,,,,,,,,,,,,,,,,,,,,,,,
,,,,,,71.9784,69.549,74.4078,,,,,,,,,,,,,,,,,,,,,,84.9545,66.5633,87.6808,,,,,,,,,,,,,,,,,,,47.2351,52.8325,55.8001,,,,,,,,,,,,,,,,,,,64.7472,62.5793,63.66325,,,,,,,,,,,,,,,,,,,,,,,,,,,,,,,,,,,,,,,,,,,,,,,,,,,,,,,,,,,,,,,,,,,,,,,,,,,,,,,,,,,,,,,,,,,,,,,,,,,,,,,,,
,,,,,,,,,,,,,,,,,,,,,,,,,,,,,,,,,,,,,,,,,,,,,,,,,,,50.4645,55.4313,55.618,,,,,,,,,,,,,,,,,,,,,,,,,,,,,,,,,,,,,,,,,,,,,,,,,,,,,,,,,,,,,,,,,,,,,,,,,,,,,,,,,,,,,,,,,,,,,,,,,,,,,,,,,,,,,,,,,,,,,,,,,,,,,,
,,,,,,,,,,,,,,,,,,,,,,,,,,,,,,,,,,,,,,,,,,,,,,,,,,,56.9106,49.0712,59.6183,,,,,,,,,,,,,,,,,,,,,,,,,,,,,,,,,,,,,,,,,,,,,,,,,,,,,,,,,,,,,,,,,,,,,,,,,,,,,,,,,,,,,,,,,,,,,,,,,,,,,,,,,,,,,,,,,,,,,,,,,,,,,,
,,,,,,,,,,,,,,,,,,,,,,,,,,,,,,,,,,,,,,,,,,,,,,,,,,,54.0644,55.2978,68.0876,,,,,,,,,,,,,,,,,,,,,,,,,,,,,,,,,,,,,,,,,,,,,,,,,,,,,,,,,,,,,,,,,,,,,,,,,,,,,,,,,,,,,,,,,,,,,,,,,,,,,,,,,,,,,,,,,,,,,,,,,,,,,,
,,,,,,,,,,,,,,,,,,,,,,,,,,,,,,,,,,,,,,,,,,,,,,,,,,,55.1014,58.3399,71.8244,,,,,,,,,,,,,,,,,,,,,,,,,,,,,,,,,,,,,,,,,,,,,,,,,,,,,,,,,,,,,,,,,,,,,,,,,,,,,,,,,,,,,,,,,,,,,,,,,,,,,,,,,,,,,,,,,,,,,,,,,,,,,,
,,,,,,,,,,,,,,,,,,,,,,,,,,,,,,,,,,,,,,,,,,,,,,,,,,,46.633,60.0255,69.1566,,,,,,,,,,,,,,,,,,,,,,,,,,,,,,,,,,,,,,,,,,,,,,,,,,,,,,,,,,,,,,,,,,,,,,,,,,,,,,,,,,,,,,,,,,,,,,,,,,,,,,,,,,,,,,,,,,,,,,,,,,,,,,
