"Pendulo Derecho",,,,,,,,,,,,,,,,,,,,,,,,,,,,,,,,,,,,,,,,,,,,,,,,,,,,,,,,,,,,,,,,,,,,,,,,,,,,,,,,,,,,,,,,,,,,,,,,,,,,,,,,,,,,,,,,,,,,,,,,,,,,,,,,,,,,,,,,,,,,,,,,,,,,,,,,,,,,,,,,,,,,,,,,,,,,,,,,,,,
"R1-ST, 15 dpl",,,"R1-ST, 30 dpl",,,"R2-ST, 15 dpl",,,"R2-ST, 30 dpl",,,"R3-ST, 15 dpl",,,"R3-ST, 30 dpl",,,"R4-ST, 15 dpl",,,"R4-ST, 30 dpl",,,"R5-ST, 15 dpl",,,"R5-ST, 30 dpl",,,"R6-ST, 15 dpl",,,"R6-ST, 30 dpl",,,"R1-TMX, 15 dpl",,,"R1-TMX, 30 dpl",,,"R2-TMX, 15 dpl",,,"R2-TMX, 30 dpl",,,"R3-TMX, 15 dpl",,,"R3-TMX, 30 dpl",,,"R4-TMX, 15 dpl",,,"R4-TMX, 30 dpl",,,"R5-TMX, 15 dpl",,,"R5-TMX, 30 dpl",,,"R6-TMX, 15 dpl",,,"R6-TMX, 30 dpl",,,"R1-EJE, 15 dpl",,,"R1-EJE, 30 dpl",,,"R2-EJE, 15 dpl",,,"R2-EJE, 30 dpl",,,"R3-EJE, 15 dpl",,,"R3-EJE, 30 dpl",,,"R4-EJE, 15 dpl",,,"R4-EJE, 30 dpl",,,"R5-EJE, 15 dpl",,,"R5-EJE, 30 dpl",,,"R6-EJE, 15 dpl",,,"R6-EJE, 30 dpl",,,"R1-TE, 15 dpl",,,"R1-TE, 30 dpl",,,"R2-TE, 15 dpl",,,"R2-TE, 30 dpl",,,"R3-TE, 15 dpl",,,"R3-TE, 30 dpl",,,"R4-TE, 15 dpl",,,"R4-TE, 30 dpl",,,"R5-TE, 15 dpl",,,"R5-TE, 30 dpl",,,"R6-TE, 15 dpl",,,"R6-TE, 30 dpl",,,"R1-VH, 15 dpl",,,"R1-VH, 30 dpl",,,"R2-VH, 15 dpl",,,"R2-VH, 30 dpl",,,"R3-VH, 15 dpl",,,"R3-VH, 30 dpl",,,"R4-VH, 15 dpl",,,"R4-VH, 30 dpl",,,"R5-VH, 15 dpl",,,"R5-VH, 30 dpl",,,"R6-VH, 15 dpl",,,"R6-VH, 30 dpl",,
"Paso 1 ","Paso 2","Paso 3","Paso 1 ","Paso 2","Paso 3","Paso 1 ","Paso 2","Paso 3","Paso 1 ","Paso 2","Paso 3","Paso 1 ","Paso 2","Paso 3","Paso 1 ","Paso 2","Paso 3","Paso 1 ","Paso 2","Paso 3","Paso 1 ","Paso 2","Paso 3","Paso 1 ","Paso 2","Paso 3","Paso 1 ","Paso 2","Paso 3","Paso 1 ","Paso 2","Paso 3","Paso 1 ","Paso 2","Paso 3","Paso 1 ","Paso 2","Paso 3","Paso 1 ","Paso 2","Paso 3","Paso 1 ","Paso 2","Paso 3","Paso 1 ","Paso 2","Paso 3","Paso 1 ","Paso 2","Paso 3","Paso 1 ","Paso 2","Paso 3","Paso 1 ","Paso 2","Paso 3","Paso 1 ","Paso 2","Paso 3","Paso 1 ","Paso 2","Paso 3","Paso 1 ","Paso 2","Paso 3","Paso 1 ","Paso 2","Paso 3","Paso 1 ","Paso 2","Paso 3","Paso 1 ","Paso 2","Paso 3","Paso 1 ","Paso 2","Paso 3","Paso 1 ","Paso 2","Paso 3","Paso 1 ","Paso 2","Paso 3","Paso 1 ","Paso 2","Paso 3","Paso 1 ","Paso 2","Paso 3","Paso 1 ","Paso 2","Paso 3","Paso 1 ","Paso 2","Paso 3","Paso 1 ","Paso 2","Paso 3","Paso 1 ","Paso 2","Paso 3","Paso 1 ","Paso 2","Paso 3","Paso 1 ","Paso 2","Paso 3","Paso 1 ","Paso 2","Paso 3","Paso 1 ","Paso 2","Paso 3","Paso 1 ","Paso 2","Paso 3","Paso 1 ","Paso 2","Paso 3","Paso 1 ","Paso 2","Paso 3","Paso 1 ","Paso 2","Paso 3","Paso 1 ","Paso 2","Paso 3","Paso 1 ","Paso 2","Paso 3","Paso 1 ","Paso 2","Paso 3","Paso 1 ","Paso 2","Paso 3","Paso 1 ","Paso 2","Paso 3","Paso 1 ","Paso 2","Paso 3","Paso 1 ","Paso 2","Paso 3","Paso 1 ","Paso 2","Paso 3","Paso 1 ","Paso 2","Paso 3","Paso 1 ","Paso 2","Paso 3","Paso 1 ","Paso 2","Paso 3","Paso 1 ","Paso 2","Paso 3","Paso 1 ","Paso 2","Paso 3","Paso 1 ","Paso 2","Paso 3","Paso 1 ","Paso 2","Paso 3","Paso 1 ","Paso 2","Paso 3","Paso 1 ","Paso 2","Paso 3","Paso 1 ","Paso 2","Paso 3"
86.4595,98.0667,97.0036,80.1612,74.6178,70.3098,165.836,152.8669,146.9167,153.5139,154.661,157.5897,146.5971,136.475,141.53605,153.2192,150.4355,146.0199,132.7631,132.9417,135.3747,146.3249,144.1512,144.9397,132.8623,133.9454,133.40385,157.1506,144.8056,140.5614,127.5817,126.4382,128.9071,127.3693,140.4937,125.7576,138.1757,139.3858,138.1024,119.7846,123.2457,129.0237,147.7628,142.3747,140.1085,141.9008,148.7607,141.7248,137.3449,137.3115,142.8217,157.9912,143.1527,150.2778,153.3105,140.7174,142.2238,140.3713,136.891,134.4655,155.4951,141.4927,148.4939,147.9779,155.3502,144.6383,137.7472,136.3214,134.0407,139.0364,143.1225,146.26,153.5225,145.4189,150.1966333,137.7577,146.0553,141.9065,154.0002,143.8348,151.9498,136.1199,136.8585,136.8585,142.2668,135.921,141.8146667,132.7042,123.9506,125.4172,144.0604,130.7077,135.9156,129.7197,130.21185,130.704,145.5532,132.9134,130.8471,135.6008,134.1567,132.219,132.8581,133.5179,131.3212,134.4196,133.1463,137.7138,142.0983,145.8699,143.9841,144.6911,144.2392,143.7873,151.8906,149.9503,142.2298,135.9444,137.938,145.1515,132.4161,137.8477,136.5577,131.1794,130.0545,130.61695,136.2481,131.0182,127.6588,134.7633,138.4743,139.2827,152.8954,147.7624,152.194,139.83015,139.8844,139.7759,142.3084,146.885,145.0283,133.3718,135.2058,134.2859,142.2379,141.6592,138.614,147.4879,140.6519,139.9596,137.8848,137.8525,134.0766,139.3525,136.00895,132.6654,159.9321,162.3068,151.3474,161.2608,168.5352,168.0092,149.2812,148.2656,148.7734,143.2804,139.9467,144.3284,150.8106,150.7968,147.6793,136.9396,139.2241,141.4352,136.1311,131.5113,133.8212,132.4425,136.2018,134.32215
91.2946,107.1051,94.1215,93.6329,73.2631,76.9829,162.3554,147.4239,144.319,152.0702,151.3176,154.6365,139.7751,135.3108,137.54295,149.6977,149.8822,143.6085,133.7002,131.4023,135.412,143.6249,141.8219,145.9381,133.0921,133.6496,133.37085,154.537,144.8131,137.766,126.411,124.8352,130.3123,127.9012,137.0601,125.5687,131.6955,138.1566,138.0961,122.2816,125.1267,131.5944,145.3936,139.9926,137.0214,140.5524,144.539,136.0409,136.2306,133.1085,140.4762,155.8266,142.4432,152.062,149.7901,136.1592,137.6555,136.9031,132.6112,130.3593,155.0293,144.7292,149.87925,143.9611,153.9,142.7676,134.7521,132.4116,129.8444,138.2854,140.3004,143.2555,153.5164,145.6159,149.4728,135.9949,139.1065,137.3277,149.1256,141.7574,145.6573,130.3592,134.3744,132.7194,138.7597,131.3233,138.2816667,132.2293,121.4668,123.34,141.564,129.2062,132.781,128.8954,130.8618,128.1424,143.5351,130.5856,129.8136,130.4073,131.4537,129.666,133.0426,131.8617,129.0101,133.8671,132.0771,139.1168,143.7864,145.3631,146.3940667,140.9785,143.397,141.8058,146.5495,146.8311,138.908,132.0904,135.0512,142.2158,130.2576,136.5666,135.9143,128.1337,128.0989,128.1163,132.7886,128.5417,122.6791,133.1286,136.9988,140.0183,148.8034,144.0613,145.4584,135.7518,138.9485,132.5551,135.4845,144.1932,142.7518,132.5494,133.5816,131.8925,138.7078,140.158,137.1452,144.3364,137.7857,136.4069,136.4272,135.6551,132.3122,137.1855,133.61535,130.0452,157.6204,162.9602,148.5161,161.1192,171.4185,170.959,145.5645,144.6132,145.08885,142.4239,139.0677,141.6728,148.6479,148.2849,144.441,135.6666,139.9524,139.1524,133.0432,129.2857,127.7639,130.2065,134.9524,132.57945
90.5919,114.8408,107.8751,91.4232,92.0542,85.4689,159.3569,143.7896,141.8077,149.0322,147.6941,150.9653,139.6167,133.5433,136.58,146.8767,147.8241,140.3337,134.4213,131.5407,137.1835,140.0909,140.5812,144.1138,133.1724,132.2757,132.72405,150.6512,142.287,134.9847,123.5691,124.1505,129.1073,126.4516,134.3338,126,133.2313,139.3794,138.0527,123.9739,125.8933,131.5944,141.4556,138.4963,135.5596,138.2401,139.937,135.2775,131.213,128.3773,136.2444,154.0598,139.1601,147.4709,145.0452,133.2818,135.3377,131.9979,131.9919,129.6547,151.7963,147.3508,149.57355,141.1295,150.2337,142.6358,133.3618,131.9393,128.6507,136.2839,138.2359,141.0009,150.1631,142.6947,146.7460667,132.8534,136.926,132.7597,143.8247,133.3332,144.2893,126.1075,129.8356,130.1542,135.3208,129.3497,135.5543,128.8163,122.0508,122.2535,139.282,127.1661,130.6712,122.2758,127.8171,125.469,139.5482,130.7429,129.2438,128.5827,129.8338,128.205,131.9757,131.6703,130.2974,133.9376,132.7423,139.131,141.6388,141.9897,142.8572333,142.4235,140.2801,140.0861,142.0054,142.4125,136.3579,129.0707,134.2406,139.5782,129.7186,135.9219,137.8383,125.7184,125.4186,125.5685,134.5601,126.1841,120.623,131.5624,132.4848,138.4947,144.9744,141.6805,147.3013,127.8378,134.0628,129.3032,133.1,139.396,139.5335,129.8165,130.2316,129.2908,137.911,136.394,137.138,142.4517,134.6376,137.1046,135.7203,132.596,133.1576,135.2862,130.4322,132.5186,159.2085,163.5866,151.3581,159.826,172.3855,168.3068,144.1937,143.4961,152.678,141.3516,135.5763,141.5508,147.2039,144.1,141.1402,135.6439,137.6587,138.39,131.6293,128.6379,128.0091,129.1663,132.3211,139.0899
87.5229,124.3569,110.4002,101.3161,93.1621,89.5257,157.4447,139.3745,139.988,146.7539,143.3374,147.253,136.49,134.63,135.56,143.9466,146.0764,137.7478,133.1496,130.1531,138.9192,140.7091,139.3785,141.0828,132.2047,131.6162,131.91045,146.8625,140.5614,132.8713,122.2133,123.4481,126.4624,126.5239,131.8806,123.0463,136.8772,140.5421,136.8772,125.1379,127.3593,136.7996,139.1926,133.5319,131.3178,135.4109,137.6127,132.7974,131.5493,129.9042,136.2491,154.1304,139.1089,147.8161,141.0538,130.5573,131.9524,128.7549,128.9838,126.7757,151.7963,147.9556,149.87595,143.1187,148.7978,145.1929,131.1203,129.2394,127.514,134.3767,136.2902,137.58,149.2433,144.8695,146.4172667,130.0389,138.3462,132.7461333,142.2172,131.5154,138.5323,119.4113,125.2773,126.7665,132.4998,127.3108,133.3067,123.2147,121.5915,119.8103,137.625,126.5263,127.9837,120.724,124.1694,123.3372,137.9467,128.5734,128.3455,128.9452,127.4662,127.4801,133.1979,132.7639,133.02,134.0698,132.7353,138.4931,139.8897,138.8696,139.5210667,140.4859,138.5929,136.0952,139.4809,142.2605,132.2583,125.9634,131.6111,136.1772,128.1774,134.6501,139.2498,127.0204,128.8774,127.9489,129.7789,124.9,119.1505,130.6927,134.0834,137.0398,139.1032,141.1931,144.4315,127.3033,132.2877,126.3212,130.0999,135.6574,137.8988,130.0369,129.0476,125.9379,134.1468,134.2024,134.8998,139.3433,132.7284,135.0833,133.5095,131.094,131.7437,132.8023,130.4399,132.1011,161.0517,161.5911,157.4588,157.8473,170.4926,169.5462,140.7904,140.1562,148.2724,138.3233,136.9529,136.9153,144.3273,144.3273,140.273,133.4922,136.9396,138.3594,130.798,125.9515,127.8777,127.0241,130.861,139.7262
86.2682,112.3872,101.2983,108.5734,101.6236,99.9898,153.6191,136.4262,136.4699,146.2455,140.7895,143.0161,135.9337,137.7936,136.86365,142.7208,142.2982,137.1402,133.9392,131.6725,137.7477,141.4299,139.5548,138.8395,131.3972,130.2485,130.82285,143.7998,139.4483,132.7962,120.9041,122.8806,126.6988,124.49,128.7916,122.4138,135.7144,142.7226,140.2563,124.7381,128.6915,138.0781,135.0015,130.8683,128.7098,133.9864,133.0289,133.5552,129.8996,130.2846,132.5624,149.9523,139.1601,144.714,140.1796,128.7673,130.54,127.0574,127.68,125.2617,150.5686,149.314,149.9413,145.42,150.5805,148.4653,128.4456,127.8939,126.2254,133.9211,133.7184,134.9404,147.7805,142.7004,144.7451333,129.7566,134.9858,131.3778667,134.0471,131.6513,142.3953,115.0571,122.2696,124.414,129.4836,126.734,131.5145,121.3562,117.8887,120.2832,136.0049,125.9473,127.549,119.0506,120.2942,121.4576,133.5734,127.0804,128.3531,128.5062,126.4512,124.775,133.4881,133.2747,134.1894,132.4157,134.4372,139.3065,130.1293,132.7094,132.7012667,134.6901,136.1033,133.4927,136.5919,136.3723,130.9872,125.3881,131.1875,131.3699,128.2936,134.5772,140.6196,131.7209,134.3514,133.03615,126.2303,123.3316,116.7305,130.7066,134.1704,137.7979,137.15,135.4989,144.4315,126.4494,128.8369,121.6793,129.0054,132.9799,133.2928,127.6179,126.8506,126.8506,134.8618,131.2749,132.6099,137.1121,129.5702,134.2422,129.9919,130.4364,131.3856,132.4532,130.5884,129.0554,157.4123,159.2339,156.2149,158.3875,171.2832,172.6127,139.2215,137.7611,146.5746,136.9594,137.6978,137.6405,143.7343,141.5127,138.6872,136.2574,136.9458,140.2227,129.061,125.9583,126.8131,127.2274,128.2748,137.6346
56.5308,71.5212,84.205,107.844,125.6271,114.5774,151.416,135.8778,135.9139,145.2479,138.2159,140.3091,134.1764,141.7401,137.95825,140.1983,141.4001,136.0018,134.4284,132.4119,136.0314,143.6013,141.7039,140.069,131.0153,130.6759,130.8456,140.029,136.6387,130.6054,120.3453,122.4026,122.8597,123.2126,131.0888,124.9954,138.059,140.2691,141.295,127.8773,130.2509,139.3001,132.371,129.6904,129.4931,131.1324,130.1821,129.6014,130.7216,128.3754,132.7903,144.9484,137.5566,144.2326,135.3063,128.7673,130.8534,129.1949,128.1508,124.9845,146.7197,147.1903,146.955,148.2376,150.9454,151.2881,126.2184,122.7601,123.1287,131.6393,131.6194,135.6484,144.2357,142.3607,142.8909,128.556,131.8694,129.2907333,132.6714,133.53,137.6288,118.429,119.4168,119.2606,127.9941,125.8808,130.1720667,119.9058,118.7074,118.7074,134.9442,124.5316,124.6974,119.1011,118.6282,121.9222,131.014,125.9082,127.5061,126.4507,126.6878,125.4132,133.4272,134.2043,137.1476,131.6634,134.3135,140.7979,124.8427,130.9285,130.6505667,133.3649,134.8303,129.4627,135.3941,137.2103,129.6615,124.2158,132.5883,128.6347,130.1043,135.8475,142.0005,137.0354,139.0775,138.05645,123.1976,121.7767,117.1976,130.2182,133.4395,137.8107,131.3499,132.5073,141.6169,120.2352,123.5548,122.5201,126.3584,130.134,131.0909,128.5756,125.0056,123.9469,131.8059,129.3974,131.1079,134.8884,129.8138,133.1864,130.9423,127.9921,132.925,128.7772,126.3716,127.6111,159.5734,159.2339,153.6575,157.3074,169.0879,172.1563,136.2651,136.9833,142.1638,136.252,138.6572,136.2141,141.6541,141.6541,137.0025,136.9711,138.3493,141.3383,129.0678,125.3965,128.0299,127.8937,128.9821,136.2811
45.4535,33.2809,36.4787,121.1293,128.8069,124.3778,149.7459,130.921,133.7353,143.3293,134.5145,137.761,137.7633,144.7479,141.2556,137.7809,139.2321,133.7214,135.7646,132.4188,135.3691,145.4366,145.4294,141.6009,131.4952,131.7818,131.6385,137.7813,136.6925,129.3671,117.7562,122.2071,123.7608,125.5454,129.8075,127.1563,141.4766,140.2756,143.4976,125.9329,133.7335,141.5853,128.7686,127.2891,127.3467,127.9412,128.9277,129.8088,128.1237,127.5124,132.4493,142.9649,136.0685,143.1527,133.8905,128.566,129.7724,129.8686,124.6905,124.4291,143.8056,146.151,144.9783,151.5228,153.8428,151.8607,125.3772,120.931,116.8262,131.2983,129.007,133.6322,143.7063,143.4148,142.1827667,129.5133,130.2034,128.5629,130.028,130.9325,136.6997,126.4992,117.9047,117.5829,128.5645,125.3552,129.3805,119.9646,118.7345,119.2339,134.7614,124.4078,124.1757,118.1103,113.2445,120.3704,129.6609,127.0426,127.0271,125.0464,125.9975,128.4382,134.0927,135.315,138.4281,133.3439,134.9257,147.803,126.7445,133.4839,132.8642,131.9063,131.9184,131.7006,129.5172,135.5737,127.4372,125.6771,132.1635,127.2251,129.7763,135.1434,141.3722,138.3923,141.8214,140.10685,120.3063,121.6556,122.1538,132.5613,133.3673,137.756,128.5809,135.6812,142.6136,120.6533,121.2387,122.3649,125.5899,128.0174,129.9819,127.8836,124.1637,125.0885,128.3919,129.0009,131.7917,132.3635,132.7284,133.8491,130.5055,126.3256,131.6766,124.8173,128.6781,126.1446,160.3474,162.9653,160.0454,159.2489,173.1175,176.3872,134.2047,134.8156,142.1638,134.6559,139.737,136.9215,140.6595,139.7012,137.0025,134.7463,139.8941,142.248,126.6059,123.1411,127.9446,128.0049,129.3512,135.5695
43.216,45.9059,31.0051,122.3062,119.9284,92.2987,145.6947,129.9658,131.5449,141.6327,130.8944,136.5105,137.8298,145.7277,141.77875,137.1778,138.5154,134.3361,137.169,132.9417,133.63,145.0451,146.2217,143.0099,132.2722,133.9805,133.12635,135.5343,132.5749,128.7756,116.8324,119.1439,121.3404,130.3165,127.9676,135.0201,139.1183,140.2887,145.675,126.7426,134.6647,141.8026,126.2799,125.4963,126.2987,127.3865,127.8879,127.3806,131.2841,130.1909,132.027,141.8608,133.0915,140.7194,130.4039,133.9618,130.5515,126.9928,124.6262,125.8755,141.1945,146.7849,143.9897,152.4707,154.8259,153.8185,120.1937,117.9397,117.2402,129.4035,128.3711,131.9822,143.295,142.2463,141.2397667,132.4064,131.0138,129.6825667,128.3893,130.3955,134.5021,139.2396,118.457,116.2862,127.9485,127.9238,130.0534333,122.198,120.0909,119.934,136.5022,127.2009,122.9811,125.087,114.7586,120.5125,127.0426,127.1206,125.2733,125.4977,127.478,131.1548,135.2396,135.2396,137.1626,134.4051,134.8791,153.0353,134.0576,144.9788,141.3984,127.9571,129.3894,125.4756,130.1013,131.0715,128.0099,128.3138,130.6742,131.6321,129.2213,134.5092,140.7272,140.4688,141.2898,140.8793,119.839,123.7297,122.1611,136.3532,136.3532,137.7496,126.9893,133.7174,141.7719,118.5124,121.4428,119.4217,123.2662,125.6376,127.9961,126.5656,124.4849,124.0543,128.8195,125.814,131.7988,132.0923,130.0988,136.2968,128.3106,125.5348,129.7362,122.0679,125.0084,124.4142,158.4528,159.9474,153.8579,158.5303,177.5762,179.1698,134.2782,134.8692,140.3359,134.457,138.8902,140.1013,139.7905,138.8225,135.0864,131.5066,139.2023,141.6413,124.2574,121.4161,122.0711,126.4319,129.5783,134.9245
83.8751,38.2218,32.9317,130.8131,87.147,67.6149,142.7825,128.2842,129.3704,140.333,129.8832,134.0783,141.1329,145.2347,143.1838,137.7939,138.5226,136.5948,136.4123,134.1909,133.5572,146.1054,147.8098,145.8137,133.9076,133.9076,133.9076,132.7103,131.9202,129.3826,120.2025,120.711,121.6756,137.7873,125.5741,142.0218,138.0455,141.5027,148.2521,128.749,143.2193,141.6135,123.3793,121.5474,122.0681,127.6144,126.697,126.179,140.0679,138.7529,132.6063,137.694,132.4138,142.2842,129.4074,136.0671,133.2061,130.1308,125.2377,126.2594,144.5125,143.1251,143.8188,147.1624,153.6269,153.191,115.3546,116.7869,117.869,129.6536,129.2896,130.0787,140.5312,145.633,141.2484667,132.3091,132.108,134.3541667,126.007,140.328,139.0055,153.8828,126.8954,113.0363,128.1255,129.1741,129.6806,120.976,123.1055,123.8742,132.9198,130.5773,124.622,131.1051,122.5739,123.0463,126.8501,126.5561,128.8522,124.2076,129.3721,132.217,133.8113,134.5829,137.8604,134.3418,134.947,156.0219,158.5146,160.9618,155.3702667,128.9622,132.7328,134.3636,130.4731,127.7636,127.0476,133.981,132.9498,138.1517,130.1415,133.7249,141.7166,141.4201,139.9501,140.6851,121.4254,120.2751,122.5685,137.8487,138.5884,137.0191,124.6434,136.3935,144.239,118.5189,121.3247,118.96,119.9976,126.0897,125.8041,125.33,123.0739,125.918,128.4062,126.3538,132.5026,131.948,128.7689,130.973,126.6132,124.8045,130.4844,124.2382,123.9605,124.422,156.7664,159.9474,157.6612,163.6476,179.4019,174.8081,133.0208,134.9345,139.3958,133.5865,139.9281,140.3835,137.921,137.8839,137.0025,131.3729,137.7623,139.0484,122.9524,121.7404,121.7474,121.2135,130.2917,133.6566
94.8988,81.0788,51.2136,67.5195,66.5853,44.8566,138.1898,125.9333,128.2979,139.8909,128.3323,132.379,139.5241,146.8945,143.2093,135.7883,140.8555,144.9114,134.8302,132.7418,133.0271,144.636,147.2013,146.2288,136.7178,135.5466,136.1322,133.9784,130.8779,128.799,127.6827,126.1345,130.9467,147.9133,123.8062,159.0274,140.4457,141.3409,150.4446,129.8897,151.1853,138.0803,121.5696,121.3702,121.9558,126.3333,122.8422,124.5156,159.7571,153.0848,134.8566,137.6486,131.7489,139.1601,132.8868,138.8183,137.9084,138.8183,130.3568,129.8778,146.3331,143.8665,145.0998,148.2693,153.4383,152.0103,115.5356,121.5968,126.8657,131.6402,130.5937,132.0286,140.4642,143.2892,140.248,129.2357,128.0768,128.65625,124.1164,147.4322,146.8447,165.8068,142.7827,115.6918,129.6713,132.6417,131.1094333,124.1132,125.0431,128.3109,139.1324,136.4292,125.9469,138.9237,129.6981,130.5298,129.8103,127.6445,129.3428,123.2346,131.1036,140.7595,134.5302,135.1641,140.7025,134.2683,133.36,157.9108,168.1177,171.4841,166.1489,137.8229,149.3439,148.0795,135.1105,133.5424,135.1343,144.0088,142.0628,149.8903,130.5701,135.7477,140.3122,139.2525,139.2596,139.25605,122.6173,121.8304,121.2269,140.9187,140.9337,136.3146,122.9425,131.3572,142.8175,114.2226,119.0045,121.6987,118.7151,125.6047,123.487,125.6382,120.7841,125.6316,125.5554,124.7789,135.5086,130.81,128.2618,132.7361,125.8643,122.5965,129.9249,123.7838,127.2088,125.2717,156.7716,158.1965,157.656,164.1134,179.2428,169.156,132.8268,135.5357,138.5675,136.0715,141.1517,140.6067,136.0564,137.8507,137.0096,131.0391,136.1835,138.3306,124.9078,124.0079,124.0079,119.4767,127.2308,134.9772
84.9968,88.5261,72.4085,29.52,37.4931,37.3035,135.4144,123.8931,127.0361,137.7911,127.379,130.655,140.3826,147.2368,143.8097,136.4414,143.8574,145.5294,136.4133,134.1419,133.2542,143.5028,147.8313,142.0574,137.2659,137.8693,137.5676,133.9941,131.1379,128.4956,145.2828,136.2528,133.7414,161.5809,121.5865,170.4084,140.1954,144.4795,161.0449,138.878,155.9226,144.7003,122.4521,119.2285,124.6382,124.4285,124.2713,123.2901,174.9232,169.9534,145.4999,136.8126,132.4138,138.32,135.1311,145.0452,150.2256,151.398,136.9092,133.7569,151.2741,142.0007,146.6374,143.9736,149.9412,152.3374,122.2538,130.2601,146.4669,134.6256,137.8559,131.7395,140.4002,145.271,142.1087333,124.2131,125.373,124.79305,130.5997,164.5974,159.6839,171.2071,157.0843,126.5702,134.2852,136.67,133.7536667,123.6092,128.8954,137.7958,140.8432,139.8057,130.5403,148.7654,139.8724,140.8966,138.0881,141.5338,132.6803,128.032,135.3396,151.1044,135.1797,137.201,142.7654,135.7186,137.8611,162.011,173.7585,176.5423,172.0901333,158.4714,170.6119,158.4876,143.061,143.0425,144.5473,154.9071,154.372,167.4288,129.2746,137.1949,141.8693,138.5429,141.5565,140.0497,123.6636,123.6068,122.7742,146.5744,142.6045,136.3098,124.4554,128.0995,140.5965,111.6274,116.4176,119.963,121.2269,124.7,119.7994,126.2416,119.0305,124.2171,125.5406,122.7316,136.271,132.628,131.9714,134.4085,126.4685,122.4016,129.0151,124.7367,134.0692,125.8911,156.7767,157.4275,158.4734,168.4189,179.2507,167.3475,134.515,134.4336,136.1764,139.8638,141.1579,141.9223,135.0934,135.2461,135.0206,130.67,135.2548,139.1708,133.9897,132.9169,134.8885,120.4878,129.3204,135.5549
106.0554,92.5583,91.0981,34.6815,34.8363,34.0467,132.8145,120.9671,125.9642,136.1528,127.091,130.097,140.4936,148.4295,144.46155,136.393,141.4305,140.9085,137.2206,133.4465,133.7882,143.6976,146.3512,140.0685,139.5647,140.9428,140.25375,131.0159,129.9509,127.0962,160.3436,153.5995,141.2525,168.1007,129.349,171.5368,143.3165,149.9571,169.4475,143.9104,158.5475,153.9175,124.1142,125.7838,126.9323,124.9613,125.2375,122.1289,177.1933,179.7607,166.4369,134.4593,130.3132,139.1601,136.933,161.7081,162.1862,161.9508,145.7959,142.0794,149.8502,142.2398,146.045,146.2788,149.1308,154.7116,134.2034,138.8309,159.5057,137.7858,144.2926,135.2045,140.345,145.8084,141.5046667,125.2897,133.9149,129.6023,144.0682,179.9312,172.8155,172.6044,169.5007,146.9952,143.2347,142.0356,137.7808,127.4608,137.8013,148.4545,144.0175,146.2101,137.7258,156.6814,149.9109,148.0054,145.6318,153.2277,144.8845,137.0972,141.4813,158.0985,135.1954,140.0095,145.3233,137.0826,137.882,159.688,178.6428,176.865,176.1352667,178.9661,174.9515,179.1325,159.0163,160.4564,163.4027,173.3829,172.6092,175.8533,130.0278,136.4509,133.23935,140.0697,143.0732,141.57145,130.1824,128.6341,126.9132,149.3201,144.3515,138.5441,128.587,136.2984,146.9472,113.5583,115.1789,114.3686,127.4522,126.7889,127.6446,123.1074,118.5065,126.8168,123.1454,127.1737,137.1524,134.5391,137.1737,140.8416,124.9169,123.3189,125.1763,131.9416,143.4192,136.3865,156.9563,161.2588,156.5007,169.5614,179.6689,168.7964,136.9974,133.9846,136.9833,142.1538,148.2439,148.2314,137.0096,138.1542,135.812,133.4473,134.82455,136.2018,148.706,145.6827,151.0529,124.0961,134.335,134.6615
88.2282,83.5339,98.4454,68.9339,39.685,72.9308,129.9793,118.9851,126.2079,136.1694,127.1348,128.5086,138.001,153.7494,145.8752,138.0002,142.0769,139.4916,134.4942,134.0894,135.0407,144.8517,146.8826,139.3713,140.1654,144.0445,142.10495,128.9659,129.2922,127.3839,175.1438,165.3316,146.1805,165.4297,134.2975,170.2481,148.7154,151.2697,172.521,149.763,155.8315,161.5266,132.7255,132.4154,130.956,124.9206,127.4468,123.0909,176.6136,173.7675,177.9929,134.465,132.2986,137.5765,152.8905,175.4621,178.2929,171.3143,164.2713,150.1836,148.7276,146.7415,147.73455,147.4903,151.2726,155.3689,150.4334,156.074,162.0358,148.302,153.7292,138.8494,139.7637,144.7318,141.7066,137.7424,143.8517,140.79705,161.4502,173.5408,174.3138,172.7904,171.976,164.6852,148.6443,144.0321,140.5421,135.7997,147.6935,156.9126,148.1815,154.6911,142.1053,165.6291,162.7731,153.7027,160.6788,163.1487,159.3433,153.589,155.5322,164.7069,138.5967,140.7651,149.3937,137.0826,139.3284,157.4232,178.7826,173.6019,176.7478,166.3879,168.7801,172.7812,170.8715,179.245,179.8428,171.4915,177.9285,169.813,131.6776,136.4851,134.08135,139.4175,144.7749,142.0962,133.197,134.7185,132.1993,154.1104,147.8046,141.6039,137.2181,138.9547,150.9873,125.0314,122.5303,123.8666,136.4025,129.9479,140.921,119.0694,119.1292,119.0993,123.8041,126.5694,138.1647,138.0711,144.8323,144.077,127.5914,124.5476,126.5986,153.53005,157.0561,150.004,159.1565,159.5937,160.628,172.8791,178.9754,168.4399,138.1595,133.7577,135.9852,145.712,153.2004,151.2833,141.4224,140.6904,134.4284,138.878,137.52265,136.1673,167.9875,161.9214,162.8002,132.2074,143.1306,140.3312
94.3852,77.3069,93.5854,85.829,46.1415,78.3164,129.6718,115.2705,125.5444,133.6556,130.6469,127.9435,134.3269,160.0823,147.2046,139.6984,146.5091,140.3029,136.2966,130.8506,135.6544,143.3634,145.5361,142.0467,142.686,148.8541,145.77005,129.4223,129.4926,129.1116,173.7371,172.985,152.933,164.5007,141.8211,167.8175,153.3941,156.103,176.2797,150.7303,150.2657,167.5278,143.1042,144.7035,139.2,125.5992,133.8964,129.7535,171.7821,170.2456,178.1693,133.5478,131.4747,137.5765,165.6436,176.9091,175.7581,170.6303,169.0203,161.7898,150.3223,153.7668,152.04455,150.0001,156.7712,156.7391,163.6134,166.5947,157.9362,160.9613,165.6992,146.7226,140.7396,147.5177,144.3332667,149.5073,152.7725,150.3939,178.2192,174.3645,171.3826,169.5992,167.6281,178.2412,160.9133,155.1147,147.4121667,149.5063,158.085,164.8544,155.9635,159.6258,150.9089,167.7664,169.5408,165.7885,165.5748,164.1703,167.9495,167.3228,166.7619,167.4726,141.4177,144.9664,154.6812,145.628,144.2149,152.1569,173.7278,165.1395,172.3378,166.8259,174.6764,174.6684,177.4321,170.0123,166.8669,168.657,169.6526,176.9177,131.2488,137.2259,143.5899,141.8574,148.7274,145.2924,135.7226,142.4934,141.542,156.6057,151.7915,145.4411,157.6102,162.7473,157.9445,136.191,133.6549,137.0214,155.6299,139.5993,154.9856,119.72,129.9602,124.8401,125.9018,126.9744,140.1797,144.8484,154.1334,156.1362,130.8564,133.4755,129.5796,165.48905,165.9212,165.0569,152.8003,158.6441,159.9423,176.0812,177.9969,170.9237,139.4729,133.4939,135.9165,153.4832,162.9762,159.1892,142.6303,144.1704,146.2915,139.8459,137.9362,136.9584,177.1592,172.1437,171.9503,140.9994,147.9711,144.0834
77.3601,76.9806,87.1039,80.189,72.5548,102.115,125.961,117.8413,123.1949,131.3684,135.8804,127.5178,140.1786,166.2283,153.20345,138.0551,147.8787,136.402,139.1603,131.4128,134.1562,145.371,146.7907,140.7314,145.9266,155.3468,150.6367,128.1675,128.7674,131.0611,166.4138,172.1499,162.309,158.2225,154.6157,165.8635,156.8178,165.2841,178.0898,150.5485,145.2428,166.3163,156.6764,162.8858,154.8702,129.7904,149.7694,140.251,164.8456,166.8237,169.0581,132.79,134.3873,138.3607,174.9826,176.6429,178.6372,165.9823,166.7674,167.8428,149.2024,162.4212,155.8118,154.7962,158.7672,162.5812,167.1973,167.4817,151.1573,173.0195,175.3839,157.6118,141.6635,149.4345,148.4198,161.5577,161.3469,162.4755,179.1341,175.4962,174.1734,166.5979,161.0909,173.1063,171.4101,161.7995,162.5577333,161.5223,164.8658,167.4817,160.6483,160.2908,160.8099,163.2762,163.6092,167.224,162.8178,158.3976,171.3483,169.0428,168.0758,162.5166,147.772,149.0778,159.8131,148.3925,144.0355,150.7042,169.724,161.5011,167.0596333,165.9338,176.6339,176.7062,179.5911,166.4323,164.7281,175.8505,171.3683,176.1674,131.1121,139.5324,147.5627,144.5479,153.0696,148.80875,140.6385,147.9856,143.2551,162.6247,159.4127,147.8177,171.9369,173.7528,175.8471,158.544,147.0434,150.4209,169.6738,155.6299,168.6183,136.0935,138.8158,137.45465,126.9972,128.8264,142.3687,151.6348,159.0073,160.7952,136.3566,145.5328,138.0836,156.5638,167.5599,167.9602,152.795,156.2907,158.9106,174.9728,177.0619,169.1121,141.9461,133.3523,135.8741,165.6716,168.6284,175.7764,151.0744,151.681,151.3947,142.7342,140.9488,138.8187,177.3569,178.3573,174.7559,156.3753,161.0347,153.664
71.5499,68.9827,91.4002,79.965,82.7425,85.121,125.9731,116.4703,123.0571,131.8307,142.9493,130.3563,140.9957,172.5298,156.76275,139.8046,145.8245,133.9463,141.3368,130.8728,134.9075,148.5508,146.8141,142.6977,149.3249,160.9705,155.1477,127.4001,128.7755,132.1861,163.9552,170.7906,175.8967,154.0177,168.3216,155.8923,158.835,168.5838,174.5519,145.7159,143.173,158.5475,175.1587,176.4136,170.7838,132.3776,166.1473,157.3174,160.0693,162.8048,165.7297,133.6443,135.1817,139.9124,173.0487,169.1516,171.8023,162.0301,160.9534,164.5917,147.4531,169.3582,158.40565,154.1814,163.5244,169.5532,161.8703,160.6206,145.6902,174.2636,177.8062,170.4247,141.3072,150.6619,151.3861,174.2748,173.4906,174.3360667,178.9164,171.6191,177.2086,163.8079,155.8272,164.1253,175.0605,172.4071,172.6157667,159.5899,165.7025,161.1363,159.5546,156.6398,163.6192,159.1599,158.0754,163.298,154.7218,152.985,162.4192,162.0995,162.7127,157.4678,150.0211,151.5661,161.2955,147.0016,138.4178,148.9285,160.7716,156.2715,161.1764667,171.9775,176.308,173.9583,178.5975,169.0851,172.7029,178.567,176.8765,170.657,134.0285,141.2861,151.0891,148.1126,155.5514,151.832,146.804,153.3564,147.6832,171.9156,168.1139,170.01475,172.7558,170.8114,172.7256,169.8927,165.1079,176.332,179.8351,170.6965,175.7881,143.1148,151.9064,134.8336,131.5088,127.7494,145.3117,161.7895,163.1206,170.2455,143.7392,161.1294,152.4294,161.1442,158.8991,161.7437,154.8352,155.5391,160.6126,174.1467,179.0548,167.8226,145.8181,134.515,137.0045,171.9049,178.0406,178.0598,163.1281,159.0788,161.4967,143.5699,142.7142,142.1719,176.0627,179.6236,173.7266,162.5439,169.8255,161.2756
87.0786,83.1036,82.4048,79.4769,93.7473,87.1551,123.9424,120.4383,122.6181,132.1932,156.5906,136.8854,150.3237,172.1737,161.2487,142.6048,151.253,133.0801,147.3993,130.8804,133.9277,150.383,151.0239,146.3478,156.1109,161.7346,158.92275,124.1579,130.6416,133.1803,158.4041,172.4593,176.8649,149.99,170.8112,153.9951,163.2027,163.1516,171.3707,141.9395,136.8161,154.7954,178.8301,177.8911,177.9137,143.2619,177.5167,173.232,155.4096,160.3153,157.6151,136.0172,136.8183,139.3021,168.6466,162.7638,165.5196,155.8735,155.8614,155.8523,148.8284,175.3652,162.0968,159.4917,165.6455,171.308,154.0753,154.0025,141.6422,171.9051,176.3482,178.8372,141.7168,155.8827,148.79975,178.0033,179.1996,178.4000333,174.6374,170.6345,177.2303,162.9891,149.1343,156.7971,170.5705,179.3569,176.1067333,156.1051,157.4083,152.5275,156.6224,154.724,163.6192,153.9025,152.728,157.9877,150.3273,147.3858,154.6906,154.0958,153.7063,164.2842,144.943,145.6764,155.1743,142.0002,135.6899,147.7391,154.1942,152.8522,156.2937,167.0354,165.1224,169.3111,177.1884,174.6598,179.9563,171.893,178.7336,163.5124,135.7162,144.5149,155.093,152.1214,160.6959,156.40865,147.2421,149.6631,148.3224,168.5913,171.2646,169.92795,168.4133,166.5253,161.4992,176.4576,173.9268,179.7378,178.2574,179.2572,173.5557,161.2863,166.7266,141.0337,139.9534,132.3677,153.7961,163.1646,165.6773,172.065,161.1895,170.6631,174.1923,150.9002,150.0715,156.5242,157.6508,155.5042,154.8199,172.8176,176.0511,167.0245,145.8181,137.0117,139.6071,174.9978,176.8346,178.0598,175.0998,170.1864,173.0875,145.1605,149.0918,147.876,170.2203,175.0145,167.9733,166.175,172.1647,169.3185
91.201,80.12,74.7747,69.4148,87.6086,91.5591,122.953,124.1429,122.4388,135.4203,170.8542,141.3958,156.6839,166.9107,161.7973,146.8624,152.9334,132.8261,151.3109,136.2966,134.563,151.269,151.0318,146.3556,165.1879,165.5831,165.3855,125.9479,131.23,138.7347,153.9004,169.9631,173.8706,145.1976,164.2475,149.7201,162.4021,159.4419,168.247,137.7664,135.6414,147.8214,175.9934,178.1411,174.6193,154.8067,176.7946,176.9818,149.9623,155.3688,154.6747,132.4196,137.6997,140.2808,159.7116,156.869,160.3021,149.8856,150.7377,147.0663,155.51,176.2115,165.86075,163.2056,165.8331,167.8668,150.1209,148.9197,137.8795,167.682,171.7308,177.0258,172.4224,166.8299,169.62615,178.0094,178.0033,177.7177333,167.9802,168.8954,171.0902,162.0847,141.901,144.7307,177.4533,178.5986,178.02595,148.6182,147.7667,145.098,153.3332,151.3583,157.3675,148.0185,151.2628,154.4532,145.7795,141.5936,150.8586,147.4634,146.3985,154.0376,140.4518,140.4368,150.0488,137.0398,135.6899,146.8664,150.9475,152.2946,152.2932,160.5194,158.8226,163.4292,173.6823,177.7974,176.5434,166.015,172.5521,160.6586,146.4337,151.6152,157.5072,154.1732,161.7706,157.9719,142.2133,142.806,143.4464,165.5126,171.0294,168.271,163.7298,168.87,160.3317,172.0346,178.7478,176.2969,172.8864,177.5997,174.7351,172.5126,177.3287,156.0058,149.8464,135.3717,159.1561,163.1319,160.3565,170.848,175.7777,166.1856,178.7498,144.2876,149.5662,151.0543,158.2017,152.9204,157.2394,171.3977,173.0875,169.8245,150.7126,138.3439,139.7308,171.0868,176.3346,175.849,179.8211,179.2344,179.3185,145.1605,152.5761,152.0655,166.7198,169.4393,162.4155,167.4303,171.2798,175.566
98.4279,70.8412,70.8721,68.6366,85.4147,88.2524,122.7167,135.7206,122.939,139.0422,177.5255,148.3037,156.9885,156.3654,156.67695,155.1699,157.8837,140.7254,155.7096,135.3266,134.4942,152.7409,153.9081,151.0083,170.2042,161.0154,165.6098,129.3228,135.9501,141.6646,152.2129,166.3784,173.1138,140.4937,157.8548,146.143,159.8069,155.3906,167.6201,133.9506,133.1474,144.98,169.9841,171.7449,178.9409,172.8378,169.5585,178.5587,143.0688,153.1627,150.276,135.0884,144.1707,145.9749,157.8396,153.8192,155.3324,146.2206,148.8611,150.4769,164.557,169.7953,167.17615,165.1937,161.1334,166.1102,147.1092,144.6794,134.968,165.6105,167.1967,170.0453,176.9103,175.6565,176.2834,176.367,176.2679,174.5595667,164.0751,167.6685,166.1069,151.5912,139.4956,140.1181,172.5496,173.535,173.0423,138.9637,140.4478,138.3691,147.68,148.1181,152.2605,142.6623,144.67,150.8848,140.289,138.6948,145.5161,141.5195,142.7574,146.0055,138.4356,137.1402,149.0225,134.2402,134.3205,147.2223,150.546,148.0111,149.8925333,155.5194,153.4295,156.6393,169.0613,175.4775,171.5086,159.6411,170.0029,147.0338,146.1408,147.0162,164.2136,148.4112,162.4177,155.41445,134.9947,139.3621,135.8859,160.1376,166.9392,159.2744667,167.4514667,176.8522,168.2448,167.9712,174.3616,169.0796,166.8147,171.0592,179.0762,179.6445,178.0044,169.1372,159.7843,143.7733,168.7405,161.2759,155.1145,166.197,179.4703,160.4952,178.4682,140.025,141.1535,144.4836,155.5793,148.842,153.2063,171.7702,168.9908,171.7288,161.4203,146.7005,150.4042,165.5634,168.4257,169.8977,178.7007,177.9473,177.9691,147.3352,157.5465,161.2714,162.4018,167.0367,156.5116,163.2108,166.8711,170.987
90.5665,88.1189,71.5403,75.262,73.4992,78.1279,122.0911,153.3927,125.2921,148.36,174.6719,160.9382,151.3643,148.9187,150.1415,163.4739,164.5243,147.5621,156.1899,138.2562,138.2408,151.5824,157.1841,151.2295,169.5194,157.0092,163.2643,131.4018,137.2741,148.0169,146.6246,164.5323,175.1292,137.0601,151.9915,143.3929,158.0785,151.4766,164.8598,131.8368,132.9801,142.2222,165.2586,168.2468,175.8096,179.1592,162.0383,173.1026,139.7296,148.8923,,140.418,153.6126,154.1131,152.97,145.4608,151.8791,141.2897,146.899,147.1548,166.2943,166.8913,166.5928,161.8943,156.7829,163.8136,141.5257,142.3155,,164.4147,163.5053,164.4467,179.6089,177.1292,174.8344,170.2832,170.6391,169.6097667,160.8554,167.6685,159.8882,150.8839,143.04745,135.211,167.1355,169.1363,168.1359,132.9078,135.2584,134.0831,144.0352,144.0044,149.5224,139.3348,139.3788,147.1543,138.7508,134.2441,139.448,137.0123,140.5791,137.7512,135.2245,133.9952,144.7801,132.0936,135.0254,144.5218,,,,151.6113,150.5041,149.3278,165.3063,172.7174,167.1826,154.1167,165.1792,159.64795,143.598,142.5171,157.6182,141.0478,158.7014,149.8746,132.2958,131.8106,131.7394,156.3565,161.6403,156.7391667,175.47305,176.1337,174.8124,165.5338,168.2398,162.4072,160.5695,168.6215,174.7422,175.6878,176.2643,179.2641,168.1908,152.4899,173.7105,158.3853,151.8632,161.5864,174.9447,160.6832,172.9973,136.4799,137.8211,137.1505,151.2589,148.4573,154.035,169.7521,165.4606,167.60635,171.5319,158.583,166.7566,159.9289,162.7301,162.6663,176.278,176.1974,171.3899,149.6362,162.0859,167.6411,158.7628,162.7375,154.8536,157.1461,158.7226,167.1475
,72.8141,70.2834,,76.9167,74.8185,120.748,164.6347,129.2257,155.9183,178.2429,172.8465,143.7521,145.2127,144.4824,169.5331,174.566,156.1984,155.1973,144.5044,139.2888,150.3943,154.2345,147.7898,165.2169,153.3991,159.308,135.8687,140.075,155.7009,143.534,145.5495,177.9067,134.3338,147.893,140.9555,152.1128,145.3558,161.2301,125.1021,,135.5972,159.6696,161.8368,167.9782,178.0908,154.2672,167.2629,,,,145.7283,163.7898,162.5819,148.225,,146.3482,,141.0296,143.0023,161.8895,168.0092,164.94935,164.2083,159.1453,161.7324,139.1865,137.7472,,161.7154,158.9894,158.9894,179.5984,172.6536,175.7140333,166.9715,163.5025,163.1623333,153.404,160.3868,157.5874,146.9777,139.53355,132.0894,163.8658,166.3101,163.8011333,125.9983,127.7492,126.87375,139.3385,141.5973,146.3538,134.8757,136.2678,140.8582,134.9714,133.7475,137.1574,,,,133.5179,132.1704,140.4518,131.4607,137.0468,146.6228,,,,147.9759,148.616,146.0992,162.2507,168.1511,165.2855,149.4696,162.7768,156.1232,,,,135.6242,156.3874,146.0058,132.9044,129.5104,126.1164,153.8451,157.617,156.4135333,174.14455,170.4031,177.886,158.2776,160.6164,157.1033,152.4051,162.7027,165.7244,167.0035,167.0167,169.5808,165.4057,165.6553,177.697,150.4517,146.9234,159.0492,172.37,155.0653,167.8879,132.5701,138.4721,135.5211,148.5717,146.6489,152.4983,171.3286,163.0494,167.189,179.1698,176.3011,179.1421,153.7799,157.4591,159.1826,172.5194,173.5384,166.2218,154.9663,162.58775,170.2092,156.5048,157.6203,151.6317,150.2218,155.3501,160.7991
,,,,,,124.5525,175.614,132.6387,167.8944,176.2089,178.3431,141.6092,142.5156,142.0624,172.3315,174.8308,162.8977,151.6116,143.5913,142.4379,145.8733,153.877,152.2637,160.9912,149.7547,155.37295,140.0668,142.2215,166.5864,142.5924,144.0967,179.3598,131.8806,145.0297,137.6132,150.5608,142.515,162.5021,126.8137,,134.2025,155.4775,156.4406,161.4377,177.127,148.4424,164.8109,,,,155.818,171.9583,172.7223,144.6052,,145.2355,,,,158.4234,171.4185,164.92095,162.8066,160.5085,159.6996,,,,159.7676,154.9026,156.7203,178.7323,170.8844,174.4985,157.1739,158.1765,156.5305,149.0489,158.9954,152.1068,,,,158.6093,163.2253,160.9173,,,,136.4916,139.8575,141.7572,134.81765,133.3164,136.3189,,,,,,,134.71315,131.62,137.8063,130.4073,135.7449,146.6228,,,,,,,160.6546,164.8333,160.5356,147.0785,159.307,153.19275,,,,132.7252,149.7787,141.25195,,,,150.9456,154.6001,155.3646667,170.4214,165.8467,174.9961,153.0472,154.8523,152.0681,,,,163.1102,158.8965,165.6445,161.5072,169.0021,176.6746,148.7193,144.5857,154.6724,168.1234,152.3581,164.6268,,,,149.9918,148.7658,151.0058,166.6454,160.4441,163.54475,178.0511,176.6704,179.4597,150.162,155.338,154.7697,166.5205,167.6798,163.1709,153.1413,155.387,166.8043,152.6768,152.0625,148.6086,146.719,153.3921,157.5104
,,,,,,124.5602,178.7643,140.1731,175.4461,170.2286,171.4889,,,,171.1198,174.9478,160.9599,151.6116,148.1662,147.3758,146.7599,151.3687,150.2643,157.9646,146.5036,152.2341,145.8049,148.8828,168.2297,139.5015,141.5481,178.5098,128.7916,143.156,135.4615,150.751,142.5216,158.7436,123.5175,,130.1563,149.8138,151.0369,157.9251,172.7363,145.1802,158.7744,,,,164.9201,178.3264,177.0126,,,,,,,156.4505,172.5686,164.50955,162.1351,153.946,156.7522,,,,152.3165,153.6269,150.7702,176.9481,170.657,173.9517,152.0557,154.4197,151.5556667,147.3295,154.555,146.8094,,,,153.7727,163.2205,158.4966,,,,133.746,135.9425,136.9995,,,,,,,,,,,,,,134.5503,145.786,,,,,,,155.6609,161.9048,159.5793,143.0693,153.7206,148.39495,,,,,,,,,,146.7356,150.5422,153.6541333,168.70585,164.7529,172.6588,148.2835,147.9144,145.8345,,,,158.7298,150.7306,164.0157,158.8329,169.4695,172.6901,142.1757,140.8966,152.4809,165.5526,149.5599,159.9788,,,,147.3862,149.1511,148.5717,160.9627,157.9295,159.4461,176.9591,179.2967,178.1279,145.7345,151.1403,148.8731,162.4086,165.082,155.966,150.6488,153.3292,162.7483,149.9628,149.9628,146.5666,142.357,147.6163,155.569
,,,,,,128.1208,174.8783,152.292,179.0442,165.6736,172.5852,,,,165.7607,168.6074,156.0287,148.2216,150.2152,148.1434,144.6169,146.7369,147.6391,152.7344,143.773,148.2537,157.9116,152.1769,166.2964,134.5614,138.9322,178.3876,,,,146.0392,139.2822,158.1362,121.0081,,132.8033,147.7557,147.3833,151.03,169.32,141.8512,156.26,,,,172.1877,179.2875,170.6521,,,,,,,154.5407,173.7266,164.13365,159.7242,153.1174,157.2614,,,,150.1413,151.665,147.4068,173.4896,173.2518,174.2951333,,148.809,146.9104,,,,,,,149.4315,156.1321,152.7818,,,,,,,,,,,,,,,,,,,,135.1586,143.9928,,,,,,,158.61455,158.8318,158.3973,140.0759,152.6009,146.3384,,,,,,,,,,143.9858,145.1289,144.55735,,,,143.7331,141.6397,142.3096,,,,154.8136,144.5102,165.6511,154.6404,161.5221,168.1018,,,,160.9019,147.5474,155.5801,,,,146.7369,147.041,147.2858,161.9463,156.3057,159.126,178.1081,175.7522,176.93015,,,,160.4105,161.3071,153.2896,148.5762,150.7742,159.2068,147.5878,146.2917,146.2917,142.0799,146.3715,153.2879
,,,,,,130.9794,171.3163,164.0565,177.5167,161.5707,174.7918,,,,162.5163,163.137,148.7245,146.4018,150.3148,149.8249,144.6092,146.5304,147.1481,148.909,140.7397,144.82435,164.7568,158.4221,161.9602,133.4126,136.4144,177.4684,,,,143.2559,134.394,159.4362,,,,,142.4849,145.5629,164.746,,153.2152,,,,178.42,179.26,168.7194,,,,,,,153.1897,172.3426,162.76615,157.3714,149.4792,160.0777,,,,145.8356,,143.8621,169.9846,172.6536,172.4052333,,,,,,,,,,144.7904,153.9371,149.36375,,,,,,,,,,,,,,,,,,,,,,,,,,,,155.54075,156.6811,154.4004,,,,,,,,,,,,,140.6338,143.1623,141.89805,,,,,,,,,,151.1929,159.5984,168.0039,151.3682,156.5123,163.0446,,,,158.2922,144.235,153.0043,,,,146.4455,147.3701,146.897,157.8548,155.9133,156.88405,174.3342,174.5243,174.8653,,,,158.143,158.1638,147.9693,148.2683,148.2373,154.2753,144.4132,141.2293,142.0106,138.3293,142.2413,149.6262
,,,,,,136.4506,170.2513,174.307,176.827,,176.919,,,,158.28,158.949,144.04,145.3136,146.1634,150.6487,143.9157,145.8151,144.1859,146.7395,139.1775,142.9585,172.0684,164.1609,,128.7538,132.0743,173.8267,,,,138.1757,136.8835,157.9402,,,,,,,161.6665,,146.5476,,,,179.6925,178.6618,170.0516,,,,,,,149.7258,171.6838,160.7048,,,,,,,,,,168.3543,173.6107,171.5460333,,,,,,,,,,140.3756,152.8258,146.6007,,,,,,,,,,,,,,,,,,,,,,,,,,,,153.00175,153.4814,152.5221,,,,,,,,,,,,,,,,,,,,,,,,,,,,148.1758,152.9328,161.1005,,,,153.2967,144.4157,147.6295,,,,145.0477,147.3231,146.0378,156.6871,157.4774,157.08225,172.8827,169.4201,169.9648,,,,155.4167,155.4375,145.8024,146.6797,143.2614,151.1525,144.0309,138.6971,140.2454,,,
,,,,,,142.6318,167.1547,178.8184,178.4019,,179.0854,,,,156.4845,155.5751,140.2176,141.683,144.8722,145.069,,,,143.1963,139.6574,141.42685,174.9299,169.3646,,,,,,,,,,,,,,,,,157.2136,,,,,,176.4583,176.5398,173.9624,,,,,,,149.9319,165.8821,157.907,,,,,,,,,,167.0176,173.6168,170.8743667,,,,,,,,,,136.6603,149.3609,143.0106,,,,,,,,,,,,,,,,,,,,,,,,,,,,,,,,,,,,,,,,,,,,,,,,,,,,,,,,,,145.2825,149.6169,158.2779,,,,148.1686,141.617,145.8479,,,,142.9784,150.1871,148.9343,157.0581,155.0579,156.058,170.0942,167.5996,165.856,,,,152.0829,152.2647,143.5154,145.0759,142.3986,146.9171,141.0238,136.9614,139.4645,,,
,,,,,,158.5253,164.5149,174.0484,175.6252,,179.4582,,,,153.2625,150.8252,136.5094,138.5474,144.6721,140.2416,,,,139.5857,138.1981,138.8919,173.6503,168.8816,,,,,,,,,,,,,,,,,151.2522,,,,,,173.7116,173.2405,177.1379,,,,,,,148.591,165.082,156.8365,,,,,,,,,,163.8051,172.6657,168.4889333,,,,,,,,,,,,,,,,,,,,,,,,,,,,,,,,,,,,,,,,,,,,,,,,,,,,,,,,,,,,,,,,,,,,,,,144.6482,156.9862,,,,146.1178,138.5787,141.853,,,,151.4898,151.8615,146.8918,157.0581,159.0816,158.06985,164.7171,166.7006,160.8447,,,,149.6993,146.6077,148.1535,144.8593,140.0092,145.9731,138.5867,133.0499,136.9818,,,
,,,,,,167.9429,161.6295,177.8774,173.5125,,,,,,,,,139.2535,143.1708,140.2346,,,,137.6612,137.7085,137.68485,167.6289,164.3453,,,,,,,,,,,,,,,,,,,,,,,170.9444,173.2405,178.1932,,,,,,,143.4856,166.7544,155.12,,,,,,,,,,158.9794,168.3636,163.6715,,,,,,,,,,,,,,,,,,,,,,,,,,,,,,,,,,,,,,,,,,,,,,,,,,,,,,,,,,,,,,,,,,,,,,,142.3468,153.2824,,,,143.1542,138.6174,139.1201,,,,159.9093,152.5085,147.2806,156.6722,160.5832,158.6277,165.1008,161.5458,158.1307,,,,,,,,,,135.4044,131.4976,134.6285,,,
,,,,,,175.6531,160.434,179.3376,169.5121,,,,,,,,,138.5401,140.8771,138.7247,,,,136.7138,138.2256,137.4697,165.1076,157.5085,,,,,,,,,,,,,,,,,,,,,,,167.5238,168.8295,179.6801,,,,,,,,,,,,,,,,,,,158.167,166.1643,162.16565,,,,,,,,,,,,,,,,,,,,,,,,,,,,,,,,,,,,,,,,,,,,,,,,,,,,,,,,,,,,,,,,,,,,,,,141.6664,150.2402,,,,141.7735,138.6105,135.7987,,,,160.8494,153.2217,149.8857,158.7277,158.4562,158.59195,160.1208,160.3912,154.8481,,,,,,,,,,,,,,,
,,,,,,177.8592,157.1091,172.9455,167.5604,,,,,,,,,135.6718,138.5939,137.1476,,,,,,,159.4516,155.6688,,,,,,,,,,,,,,,,,,,,,,,166.474,168.3226,177.3968,,,,,,,,,,,,,,,,,,,157.0327,164.847,160.93985,,,,,,,,,,,,,,,,,,,,,,,,,,,,,,,,,,,,,,,,,,,,,,,,,,,,,,,,,,,,,,,,,,,,,,,,,,,,,,,,,,159.9525,150.4365,151.0058,157.5942,160.9934,159.2938,157.7011,155.9592,152.0705,,,,,,,,,,,,,,,
,,,,,,171.3608,153.5319,170.2585,162.6989,,,,,,,,,134.2712,137.8592,136.4083,,,,,,,157.1351,153.494,,,,,,,,,,,,,,,,,,,,,,,163.0403,165.4345,172.8806,,,,,,,,,,,,,,,,,,,153.7646,166.7819,161.0210333,,,,,,,,,,,,,,,,,,,,,,,,,,,,,,,,,,,,,,,,,,,,,,,,,,,,,,,,,,,,,,,,,,,,,,,,,,,,,,,,,,159.2339,148.7862,154.035,162.5909,163.9344,163.26265,,,,,,,,,,,,,,,,,,
,,,,,,168.932,150.0525,166.2669,158.4941,,,,,,,,,135.0195,137.8521,,,,,,,,154.1148,149.8707,,,,,,,,,,,,,,,,,,,,,,,161.2623,164.4061,170.7074,,,,,,,,,,,,,,,,,,,150.9737,163.5199,158.3337,,,,,,,,,,,,,,,,,,,,,,,,,,,,,,,,,,,,,,,,,,,,,,,,,,,,,,,,,,,,,,,,,,,,,,,,,,,,,,,,,,,,,,,,,,,,,,,,,,,,,,,,,
,,,,,,165.3252,,163.0463,,,,,,,,,,,,,,,,,,,151.51,147.2261,,,,,,,,,,,,,,,,,,,,,,,157.7428,161.3913,166.1533,,,,,,,,,,,,,,,,,,,151.2811,160.8559,156.4741,,,,,,,,,,,,,,,,,,,,,,,,,,,,,,,,,,,,,,,,,,,,,,,,,,,,,,,,,,,,,,,,,,,,,,,,,,,,,,,,,,,,,,,,,,,,,,,,,,,,,,,,,
,,,,,,160.2992,,157.5594,,,,,,,,,,,,,,,,,,,148.9556,145.8182,,,,,,,,,,,,,,,,,,,,,,,154.7735,160.63,162.2931,,,,,,,,,,,,,,,,,,,147.7399,157.0559,154.5353667,,,,,,,,,,,,,,,,,,,,,,,,,,,,,,,,,,,,,,,,,,,,,,,,,,,,,,,,,,,,,,,,,,,,,,,,,,,,,,,,,,,,,,,,,,,,,,,,,,,,,,,,,
,,,,,,157.0692,,155.0992,,,,,,,,,,,,,,,,,,,,141.7689,,,,,,,,,,,,,,,,,,,,,,,155.259,158.1947,159.6034,,,,,,,,,,,,,,,,,,,146.1665,153.7763,151.6747,,,,,,,,,,,,,,,,,,,,,,,,,,,,,,,,,,,,,,,,,,,,,,,,,,,,,,,,,,,,,,,,,,,,,,,,,,,,,,,,,,,,,,,,,,,,,,,,,,,,,,,,,
,,,,,,,,,,,,,,,,,,,,,,,,,,,,,,,,,,,,,,,,,,,,,,,,,,,149.6933,156.2161,155.7202,,,,,,,,,,,,,,,,,,,,,,,,,,,,,,,,,,,,,,,,,,,,,,,,,,,,,,,,,,,,,,,,,,,,,,,,,,,,,,,,,,,,,,,,,,,,,,,,,,,,,,,,,,,,,,,,,,,,,,,,,,,,,,
,,,,,,,,,,,,,,,,,,,,,,,,,,,,,,,,,,,,,,,,,,,,,,,,,,,147.8218,154.7405,154.2948,,,,,,,,,,,,,,,,,,,,,,,,,,,,,,,,,,,,,,,,,,,,,,,,,,,,,,,,,,,,,,,,,,,,,,,,,,,,,,,,,,,,,,,,,,,,,,,,,,,,,,,,,,,,,,,,,,,,,,,,,,,,,,
,,,,,,,,,,,,,,,,,,,,,,,,,,,,,,,,,,,,,,,,,,,,,,,,,,,146.5401,154.2597,152.3253,,,,,,,,,,,,,,,,,,,,,,,,,,,,,,,,,,,,,,,,,,,,,,,,,,,,,,,,,,,,,,,,,,,,,,,,,,,,,,,,,,,,,,,,,,,,,,,,,,,,,,,,,,,,,,,,,,,,,,,,,,,,,,
