Pendulo izquierdo,,,,,,,,,,,,,,,,,,,,,,,,,,,,,,,,,,,,,,,,,,,,,,,,,,,,,,,,,,,,,,,,,,,,,,,,,,,,,,,,,,,,,,,,,,,,,,,,,,,,,,,,,,,,,,,,,,,,,,,,,,,,,,,,,,,,,,,,,,,,,,,,,,,,,,,,,,,,,,,,,,,,,,,,,,,,,,,,,,,
"R1-ST, 15 dpl",,,"R1-ST, 30 dpl",,,"R2-ST, 15 dpl",,,"R2-ST, 30 dpl",,,"R3-ST, 15 dpl",,,"R3-ST, 30 dpl",,,"R4-ST, 15 dpl",,,"R4-ST, 30 dpl",,,"R5-ST, 15 dpl",,,"R5-ST, 30 dpl",,,"R6-ST, 15 dpl",,,"R6-ST, 30 dpl",,,"R1-TMX, 15 dpl",,,"R1-TMX, 30 dpl",,,"R2-TMX, 15 dpl",,,"R2-TMX, 30 dpl",,,"R3-TMX, 15 dpl",,,"R3-TMX, 30 dpl",,,"R4-TMX, 15 dpl",,,"R4-TMX, 30 dpl",,,"R5-TMX, 15 dpl",,,"R5-TMX, 30 dpl",,,"R6-TMX, 15 dpl",,,"R6-TMX, 30 dpl",,,"R1-EJE, 15 dpl",,,"R1-EJE, 30 dpl",,,"R2-EJE, 15 dpl",,,"R2-EJE, 30 dpl",,,"R3-EJE, 15 dpl",,,"R3-EJE, 30 dpl",,,"R4-EJE, 15 dpl",,,"R4-EJE, 30 dpl",,,"R5-EJE, 15 dpl",,,"R5-EJE, 30 dpl",,,"R6-EJE, 15 dpl",,,"R6-EJE, 30 dpl",,,"R1-TE, 15 dpl",,,"R1-TE, 30 dpl",,,"R2-TE, 15 dpl",,,"R2-TE, 30 dpl",,,"R3-TE, 15 dpl",,,"R3-TE, 30 dpl",,,"R4-TE, 15 dpl",,,"R4-TE, 30 dpl",,,"R5-TE, 15 dpl",,,"R5-TE, 30 dpl",,,"R6-TE, 15 dpl",,,"R6-TE, 30 dpl",,,"R1-VH, 15 dpl",,,"R1-VH, 30 dpl",,,"R2-VH, 15 dpl",,,"R2-VH, 30 dpl",,,"R3-VH, 15 dpl",,,"R3-VH, 30 dpl",,,"R4-VH, 15 dpl",,,"R4-VH, 30 dpl",,,"R5-VH, 15 dpl",,,"R5-VH, 30 dpl",,,"R6-VH, 15 dpl",,,"R6-VH, 30 dpl",,
Paso 1 ,Paso 2,Paso 3,Paso 1 ,Paso 2,Paso 3,Paso 1 ,Paso 2,Paso 3,Paso 1 ,Paso 2,Paso 3,Paso 1 ,Paso 2,Paso 3,Paso 1 ,Paso 2,Paso 3,Paso 1 ,Paso 2,Paso 3,Paso 1 ,Paso 2,Paso 3,Paso 1 ,Paso 2,Paso 3,Paso 1 ,Paso 2,Paso 3,Paso 1 ,Paso 2,Paso 3,Paso 1 ,Paso 2,Paso 3,Paso 1 ,Paso 2,Paso 3,Paso 1 ,Paso 2,Paso 3,Paso 1 ,Paso 2,Paso 3,Paso 1 ,Paso 2,Paso 3,Paso 1 ,Paso 2,Paso 3,Paso 1 ,Paso 2,Paso 3,Paso 1 ,Paso 2,Paso 3,Paso 1 ,Paso 2,Paso 3,Paso 1 ,Paso 2,Paso 3,Paso 1 ,Paso 2,Paso 3,Paso 1 ,Paso 2,Paso 3,Paso 1 ,Paso 2,Paso 3,Paso 1 ,Paso 2,Paso 3,Paso 1 ,Paso 2,Paso 3,Paso 1 ,Paso 2,Paso 3,Paso 1 ,Paso 2,Paso 3,Paso 1 ,Paso 2,Paso 3,Paso 1 ,Paso 2,Paso 3,Paso 1 ,Paso 2,Paso 3,Paso 1 ,Paso 2,Paso 3,Paso 1 ,Paso 2,Paso 3,Paso 1 ,Paso 2,Paso 3,Paso 1 ,Paso 2,Paso 3,Paso 1 ,Paso 2,Paso 3,Paso 1 ,Paso 2,Paso 3,Paso 1 ,Paso 2,Paso 3,Paso 1 ,Paso 2,Paso 3,Paso 1 ,Paso 2,Paso 3,Paso 1 ,Paso 2,Paso 3,Paso 1 ,Paso 2,Paso 3,Paso 1 ,Paso 2,Paso 3,Paso 1 ,Paso 2,Paso 3,Paso 1 ,Paso 2,Paso 3,Paso 1 ,Paso 2,Paso 3,Paso 1 ,Paso 2,Paso 3,Paso 1 ,Paso 2,Paso 3,Paso 1 ,Paso 2,Paso 3,Paso 1 ,Paso 2,Paso 3,Paso 1 ,Paso 2,Paso 3,Paso 1 ,Paso 2,Paso 3,Paso 1 ,Paso 2,Paso 3,Paso 1 ,Paso 2,Paso 3,Paso 1 ,Paso 2,Paso 3,Paso 1 ,Paso 2,Paso 3,Paso 1 ,Paso 2,Paso 3,Paso 1 ,Paso 2,Paso 3,Paso 1 ,Paso 2,Paso 3,Paso 1 ,Paso 2,Paso 3
161.1181,134.2276,140.5047,145.3677,141.7718,147.3388,168.7866,156.2937,167.6885,158.4014,168.4428,165.1451,153.9688,149.4409,148.454,161.8473,156.8482,159.34775,135.2367,134.0694,142.4325,140.1151,141.4954,138.9036,145.0948,157.8904,159.1473,153.428,151.4037,158.4966,156.8618,131.2831,151.179,155.3961,144.6576,139.3573,142.3248,145.5496,139.1,134.7795,134.1606,133.5417,151.6573,145.8303,140.5319,158.6382,154.6832,150.6739,142.3838,140.0891,137.7944,160.195,154.6674,164.1297,154.7443,154.7551,147.1154,155.822,147.4874,145.6444,150.5457,147.4473,142.1422,146.9862,140.8985,142.6032,140.1241,141.8438,138.8721,145.1548,144.7129,146.3623,151.5334,155.5736,157.5288,152.6936,152.0823,152.38795,147.4603,145.9374,146.6418,146.8978,141.1875,129.6716,150.7248,142.6496,141.5038,144.3609,139.4203,139.6118,159.2066,131.6093,127.8905,141.4028,134.5766,133.3652,151.9093,147.35635,142.8034,144.3139,144.3139,137.4612,143.0578,138.3466,133.6354,143.4431,141.5946,143.1116,148.6302,147.3226,149.9378,139.537,140.8079,144.5817,48.5795,43.0255,47.0828,41.4722,45.3531,45.3531,143.9233,141.3568,136.1582,146.4453,144.9534,147.9372,157.9638,146.9509,149.5591,157.1024,157.8702,153.6653,150.1902,153.6837,159.3568,139.2325,142.14225,145.052,142.486,138.6477,143.0987,142.0923,143.397,143.405,147.8893,148.1403,147.6383,144.3846,144.7302,148.0413,150.9768,141.6265,152.8216,148.77145,149.4688,148.0741,135.9012,144.6566,141.1203,137.7905,130.8223,134.8552,140.5115,134.64,139.1377,146.1808,142.5084,139.3527,148.8372,139.3048,137.5978,139.181,140.8083,141.8974,155.6121,151.794,147.9759,143.9927,136.2325,140.0564
154.6894,134.3028,139.508,142.1109,138.1517,144.2693,166.8947,150.9315,163.9566,157.2044,166.0664,161.7066,152.3771,145.7307,146.2905,156.8386,157.4862,157.1624,136.36,137.4458,138.7411,139.9532,142.646,138.7906,146.2041,154.2984,157.2312,152.7148,148.435,156.0525,156.1909,133.1741,149.3199,151.8638,139.3527,138.2806,139.91335,140.7227,139.104,133.3907,132.23465,131.0786,146.3129,140.3223,138.8637,153.7003,151.7773,143.9492,142.3838,139.39335,136.4029,158.3004,154.6723,164.1297,149.304,147.1045,144.4612,152.3574,140.8129,142.5223,146.8381,144.2716,140.5319,144.8038,140.6667,137.8946,137.3604,140.3223,138.7526,146.8952,141.6225,144.7223,152.397,154.7239,156.5031,149.9807,148.2143,147.1265,143.745,142.4952,142.4952,143.4082,134.6518,128.1793,149.9807,140.9502,137.9513,137.7838,134.6923,134.6088,153.9654,130.7736,126.905,141.4028,134.665,130.7921,150.1986,143.6065,139.9849,141.3826,137.5204,136.1882,140.0997,136.1168,130.0525,138.8637,140.1495,140.1495,148.1523,143.6953,145.43,139.3333,140.6583,143.3272,52.8791,49.272,49.272,37.9572,46.4281,46.4281,144.2883,138.5525,131.1926,144.3065,142.1882,146.4248,152.112,144.6377,146.4757,149.0555,154.5038,151.332,147.4639,150.1944,154.5931,136.0564,139.5463,143.0362,136.1499,134.9393,138.8721,140.2722,138.9536,142.4354,144.6271,144.084,145.1702,140.8284,144.0836,147.1133,147.7472,138.5481,148.532,150.0231,145.3913,141.9099,133.9319,144.5123,139.9088,137.7112,129.6301,132.0675,137.5816,134.7846,137.5221,144.3029,140.5715,131.5328,146.1208,137.6731,136.129,134.7756,137.6416,137.5793,154.5065,147.3932,145.0559,141.422,136.2374,138.7319
150.8799,131.74,140.2229,137.3395,138.106,141.2653,161.3275,143.4356,160.7546,154.8566,163.8556,156.1073,146.676,140.847,141.6718,155.4162,154.032,154.7241,133.2428,134.1574,139.8635,139.8141,138.7953,137.5199,145.3891,152.527,154.3092,150.1069,146.4599,156.0525,147.6157,131.2927,150.6255,148.3885,135.221,135.189,136.1664,139.104,133.2288,132.0682,133.5317,131.5145,144.6681,138.8637,134.736,151.7822,145.7155,139.433,137.8436,146.0747,132.5831,155.5915,153.758,162.8024,145.9982,144.0853,141.5255,149.4087,141.8927,142.1958,146.3046,142.7741,138.9956,144.8038,137.7368,136.263,136.1415,138.7441,137.4231,144.7176,137.5143,140.1825,151.5387,151.302,154.708,146.4903,144.4612,141.777,134.2982,138.1299,140.5491,131.6477,130.2845,124.9995,149.5499,137.7836,139.4946,133.3781,134.6972,133.0705,152.3183,129.791,125.0518,139.5749,133.0333,129.2795,147.4723,139.8274,137.5031,138.6777,132.3741,131.2184,134.7766,132.3027,128.9999,136.1373,137.4865,141.599,145.4097,144.3056,142.8132,140.3268,139.8647,142.3228,57.1801,51.5581,55.7711,42.8316,44.8578,44.8578,141.3568,133.876,130.3402,152.0528,140.6981,142.4601,148.9709,143.2959,139.9849,151.0832,156.1681,147.8983,143.9233,150.1944,154.5931,128.7469,137.4116,137.4195,132.4976,131.3987,137.4821,137.4844,137.4884,139.108,145.5649,140.1329,139.9758,138.5451,141.8677,147.5925,142.7774,137.4686,143.6904,148.0645,142.8877,140.5518,131.3594,140.5139,141.1361,131.8487,129.9224,129.2944,134.7196,132.1299,137.5262,143.4832,134.6994,133.3104,142.8226,139.1377,133.2666,131.7695,140.3624,134.8499,154.5104,145.0599,142.0884,137.5006,135.0683,136.2374
146.2763,131.5919,137.3147,134.6646,134.8356,139.153,159.814,146.1764,158.5645,152.4952,162.5949,152.3989,144.3984,137.354,138.4036,152.6769,152.0996,152.38825,132.1285,136.36,137.5291,138.518,137.5247,135.1825,146.2041,150.7126,149.1833,148.0504,144.1835,153.5111,145.9481,129.9561,147.6254,143.7454,134.2602,132.2854,134.73205,136.0952,133.3689,129.6255,131.2983,129.4404,141.5819,136.1373,136.1373,148.7869,140.8935,134.705,135.0426,139.2428,131.4274,153.763,149.2271,161.4336,140.3003,141.2899,140.1452,144.7793,138.9084,137.6556,140.3181,139.9598,134.736,141.7184,136.268,133.4006,137.3149,137.3646,137.3235,141.8927,134.8452,136.1868,148.0998,148.6643,150.3093,140.5051,144.8619,138.9392,127.5347,134.1801,134.1801,131.3841,127.7628,122.2785,147.6193,130.3004,131.4103,136.2454,133.2326,133.0705,148.2001,129.1254,125.0574,137.8497,129.8729,123.8468,142.7949,137.3443,136.1708,135.019,133.8067,129.0676,128.3436,130.0484,128.3096,132.1464,138.6482,138.7612,143.2083,141.9849,142.6302,133.3281,133.5808,141.3525,60.385,53.6121,56.4002,44.7582,46.3312,46.3312,134.9435,129.5889,126.1586,145.3495,139.3681,141.9547,144.642,137.2561,141.1492,144.5956,152.0182,145.9467,141.1279,150.1944,151.6823,124.7427,133.4768,132.0924,131.3904,131.4029,134.8176,134.6901,134.763,136.0912,144.0887,140.1376,138.8179,138.3848,138.4709,146.6855,141.8163,137.4372,143.6904,142.1179,139.4327,136.3154,131.7388,136.7314,140.9903,127.2747,127.7915,125.9425,132.1299,131.9319,136.129,137.5746,133.3104,130.7371,142.457,137.5937,134.7319,131.9833,133.3104,134.8499,152.2608,143.389,141.7939,136.2325,132.8709,133.8515
138.6496,132.0414,136.2778,132.3772,134.9247,135.5716,156.2006,142.1418,158.5645,151.8438,162.158,148.1428,138.4709,133.2602,138.3327,148.0124,149.2819,148.64715,129.5271,131.9564,131.7812,135.2738,135.1366,131.9023,143.4177,147.758,148.1182,145.6186,143.9349,148.859,142.8877,127.0029,146.3283,142.5618,132.2854,135.2642,148.0516,137.5005,134.767,129.9179,129.9228,130.2108,137.4738,134.8685,132.1423,143.9541,139.2708,128.5522,132.5553,137.7775,127.5554,154.6674,148.6182,160.6764,141.5092,138.7061,138.8207,137.8002,134.7133,137.584,138.9956,141.3402,136.1373,137.6103,132.0781,134.8708,131.5676,136.15,135.031,143.1351,134.9091,132.3728,145.5297,148.6643,147.0573,140.3165,144.1018,137.6041,127.5347,136.155,130.6228,126.8209,125.9939,120.6671,143.6205,130.3004,131.405,132.2545,130.81,131.8566,143.81,127.9517,123.3727,131.5777,126.0376,123.4282,139.9764,133.8802,135.006,130.3575,131.6187,129.3498,127.6417,127.0306,126.4915,133.652,139.9727,134.8856,142.6092,139.9308,138.3981,129.5692,130.6071,136.9344,67.4369,55.9288,60.8344,51.2755,49.1754,49.1754,133.876,131.9387,124.4415,144.2334,136.1242,140.5314,140.7448,135.1378,136.1838,145.3149,149.4653,143.5123,137.3812,146.3254,147.4639,122.6602,130.8849,130.643,126.6917,129.0373,132.3399,131.8984,130.9008,134.6264,138.9214,137.5918,135.1047,136.2637,137.2828,143.8063,136.427,134.3765,137.4372,140.5374,138.2904,135.3493,131.1368,134.5589,138.5084,124.9425,124.9527,124.9425,133.3986,132.134,134.801,134.8499,130.4622,129.2245,139.1336,134.7278,133.4027,129.5403,131.9833,130.4622,152.465,137.4805,140.2682,133.8416,131.8387,131.6635
129.3154,128.8464,131.308,129.7388,134.2628,134.841,152.5757,140.8894,153.9607,151.8438,162.158,145.9212,139.5127,131.429,135.2822,144.7191,148.0173,146.3682,125.5856,131.1656,131.9564,134.1129,131.7271,132.0742,143.1827,144.5782,144.5836,143.5785,143.0964,148.859,138.4317,125.3734,146.3283,138.3427,135.2642,131.3866,142.4235,137.3805,133.4967,126.8007,128.1329,127.3055,137.4188,134.9227,131.1676,142.5982,133.3957,125.5351,131.4051,135.1129,130.3304,149.232,146.408,158.6126,138.7061,138.6162,136.3367,132.3541,128.052,129.4817,134.5008,138.7526,134.736,136.2781,132.2771,130.5524,130.9513,135.0734,136.1586,139.0399,132.5299,133.702,145.5191,147.5935,143.226,137.6041,140.1452,132.5061,128.0203,129.0253,130.6228,127.3106,124.4773,116.5105,142.6496,126.1286,128.1687,131.2756,133.524,129.3023,142.7246,127.2884,123.0744,130.2041,122.1769,122.4962,137.3812,132.9354,132.8044,125.7717,129.0632,127.4464,127.9867,126.4874,128.6052,129.0165,139.9727,132.6551,139.9412,141.8236,136.4889,131.195,130.8879,133.568,62.5391,60.8344,58.9486,65.1771,51.2755,51.2755,131.9302,130.4732,127.2025,138.5929,138.1033,138.2538,138.3821,135.1831,134.0671,143.838,145.3189,140.8446,137.3812,145.8387,146.8671,119.3497,127.2375,130.0188,127.0679,131.4029,131.1884,130.6429,130.9008,131.9103,140.1376,136.3188,132.9619,136.2683,135.3386,142.8645,137.4372,131.5779,137.4423,134.3261,137.2595,135.3493,132.383,134.1911,137.3709,124.9476,123.4584,123.9876,130.12,131.9441,133.2708,131.9925,129.2199,131.7834,141.02,134.7319,133.4069,128.4077,130.7371,134.8546,149.316,137.4805,136.0833,131.6537,128.7962,130.4111
136.2778,137.5014,132.4685,129.105,133.5751,127.5731,148.968,139.8141,154.7504,148.111,157.8958,140.9967,135.2314,129.1575,133.4766,143.5502,146.7836,145.1669,134.9827,128.8313,130.7558,130.8751,131.7319,131.7415,143.1878,141.8039,142.7937,142.2364,141.3483,145.6235,134.2652,127.8693,143.8442,134.096,128.6314,130.52,140.9824,136.1116,134.8344,127.0169,124.9531,129.1531,136.1458,132.4851,131.1676,140.6617,130.5475,124.9432,130.0402,131.1915,125.6129,149.232,146.4129,157.7339,137.5932,135.0526,135.0044,138.0251,130.6546,132.6105,134.4016,132.9659,133.2749,136.2884,133.7885,132.0881,126.2757,132.9103,131.3907,140.3624,132.6833,132.688,142.9055,144.8091,141.9784,137.5114,136.3311,131.1257,129.3076,128.5557,129.0253,127.3106,121.6779,113.7888,137.7836,127.7733,128.174,130.1729,127.7742,131.0609,134.9872,127.1325,124.6103,126.0376,122.8254,123.0648,131.926,130.7815,132.6673,123.7944,124.358,126.1802,126.4833,124.8191,127.7021,128.3305,140.1495,132.9277,135.4967,136.4626,139.0756,144.5735,141.5475,130.6007,56.85675,60.8344,52.8791,60.4423,55.8136,55.8136,128.6428,128.935,123.6463,134.8804,134.0031,137.1743,136.1838,134.2133,137.2021,141.0426,146.9172,139.4515,135.0391,145.4001,143.8501,115.3535,128.9583,126.6249,125.7505,128.3972,127.687,130.643,125.7864,131.9144,138.8131,133.9329,131.7544,132.7648,135.2774,139.93,132.3465,130.3064,135.4662,130.9548,134.27,134.3503,134.9323,136.3716,137.4046,115.0019,120.5115,120.9973,125.5094,128.0031,128.0031,128.052,126.1695,124.8722,139.3007,130.6887,134.8051,128.4077,129.2199,132.3681,148.6082,136.0872,133.357,127.7564,126.5437,125.9276
153.9279,148.0508,140.1014,128.72,131.1054,128.7903,148.0837,139.819,152.424,146.9827,156.0457,140.2675,131.2599,131.7544,133.6594,141.141,142.2032,141.6721,160.4503,125.0649,122.9924,136.3203,132.9441,132.3294,142.1322,139.0172,140.0298,139.3381,138.2394,142.2414,135.269,125.3734,142.9023,132.2764,127.8377,131.213,137.7238,133.3894,134.6386,123.0225,127.6474,134.4254,132.4893,130.9387,127.662,139.2708,127.7273,123.2537,129.0691,130.0513,126.3949,144.7632,144.7682,154.6674,136.3256,133.3128,137.8848,158.9331,143.8876,144.8072,152.5269,130.6182,128.5385,136.2884,131.8794,127.6574,121.3938,126.2842,126.9082,136.1728,132.6833,132.688,142.6185,144.8091,138.8756,137.46,135.1675,129.6822,131.3867,138.4503,126.368,115.4288,118.6539,113.9293,136.3148,124.4826,124.4154,126.9993,128.4802,132.2644,137.8532,132.1995,133.6523,122.1769,123.842,119.4111,132.7959,131.5927,132.1757,121.4316,122.5081,127.3508,127.1523,125.2062,124.815,125.7381,138.8849,131.931,136.4626,136.4523,148.7273,156.1292,154.0965,134.4708,41.1763,52.0563,43.1211,54.1858,51.2755,51.2755,126.7085,124.8739,122.6837,133.7133,132.4677,138.2538,136.1882,135.1875,137.2432,140.8446,145.323,138.3756,136.1666,142.7865,141.8688,113.1547,126.617,127.6161,125.3179,124.8524,126.2924,127.9532,124.3229,127.5645,135.1047,135.0952,130.939,132.2774,136.2825,137.5556,130.5209,129.6608,131.7513,130.7831,132.6584,131.9216,132.0274,134.4973,134.0467,113.8774,115.8862,113.0538,131.2382,126.9708,125.5177,127.0245,127.0245,122.6117,132.7544,128.8316,130.697,130.105,130.983,131.2124,142.7853,134.7511,134.7511,122.8351,123.7037,124.3487
176.2353,158.2938,160.7313,129.5101,129.3071,133.0134,143.1582,138.518,153.9607,144.0163,155.4737,136.4589,130.755,130.1553,132.4879,140.116,139.3098,139.7129,178.6252,133.5174,130.6743,152.0715,128.5454,131.4164,141.2605,136.4427,139.0172,136.3253,135.3592,140.2754,132.225,122.9977,142.6605,131.3776,125.3078,130.1061,134.4546,131.2166,131.2125,126.26,140.0721,152.4622,127.2997,124.2445,127.6662,136.2581,127.4212,123.8724,126.3669,123.3913,132.8323,144.7682,143.1904,154.6723,140.9611,144.4557,147.6466,179.061,165.5493,165.5541,178.8627,154.5807,129.7888,131.3841,130.7506,129.9328,121.398,124.8401,121.4065,136.1821,137.4105,132.688,139.9305,142.9108,136.2678,134.1341,132.8387,129.3618,146.6418,146.6512,126.6927,113.4599,116.9451,129.9746,136.3148,122.2678,127.3314,127.0781,127.2727,124.9404,149.379,143.3373,153.0836,120.4667,118.702,114.1646,131.1926,128.3972,127.194,126.0039,129.8393,126.0171,124.0302,125.2435,126.117,122.7533,139.9771,129.8316,141.4169,141.6416,173.9615,167.4099,169.006,142.8066,43.5963,47.7916,35.2677,36.0926,38.5241,38.5241,124.8609,131.7851,132.1929,126.8532,136.1157,138.419,135.1117,135.0235,135.0324,140.0678,143.5083,138.2917,137.377,142.7824,140.5569,118.9499,123.4268,123.9158,124.2695,124.8524,125.3179,126.3945,122.051,130.3927,133.9329,132.8153,131.1436,130.828,133.5515,134.8853,131.5932,130.5158,131.7565,132.0742,131.1162,132.3245,134.4948,137.475,138.9293,112.6281,112.6333,113.8774,145.6039,141.6649,132.3233,123.4625,122.6117,124.8769,126.3385,125.5177,127.5217,127.0918,129.8373,130.1097,140.7187,131.8984,133.4847,118.7804,121.8117,116.7974
172.3868,178.0073,174.5775,131.572,134.2187,139.7463,140.8894,138.518,152.4289,142.1322,152.527,134.7287,131.0929,127.3343,128.4867,137.2163,137.2681,137.2422,168.9075,162.9449,166.9146,177.629,131.9167,145.7778,140.2357,136.4481,137.3086,134.3454,134.5403,139.348,129.3045,123.3016,139.5551,131.3821,119.7262,128.0915,136.0912,137.8514,132.2934,141.4574,164.3256,178.732,120.6132,118.7792,123.7524,132.0682,127.7969,121.2299,127.7647,129.6817,153.6501,143.1904,141.948,151.7566,155.6846,163.5178,166.8078,170.6878,176.7582,172.6881,170.7367,167.1095,152.3182,138.1308,140.0922,150.8075,125.4284,128.454,126.6877,137.4599,132.0019,128.4264,139.7871,141.4727,136.2678,131.5675,133.7341,125.0048,168.3554,178.5618,128.7236,113.9187,118.8622,146.4903,133.1403,123.0635,125.5909,134.3929,125.6208,123.5259,168.2561,164.1429,171.9221,119.8332,124.2563,117.8024,129.2094,130.456,128.0365,130.1704,139.3593,126.7303,123.5961,124.3649,122.3887,125.9703,136.163,126.7051,154.1375,151.9084,174.1541,174.6623,179.2287,150.7822,40.7782,39.4618,33.888,38.0712,34.2655,34.2655,134.8386,128.0669,131.45275,128.7935,136.1116,137.5213,136.1926,141.8988,141.9121,136.0728,140.4715,137.3622,134.9849,143.4515,140.5611,116.9987,123.9079,121.783,122.4911,124.1862,125.3739,126.8372,119.9738,125.3861,130.7195,131.7402,131.3249,137.6655,142.282,137.7561,127.4646,132.1906,130.7318,129.9608,132.1257,133.453,162.3417,160.8351,158.5703,115.8862,112.6384,112.6281,169.0468,160.5813,164.81405,137.8329,143.1445,136.1916,127.9948,121.6029,125.5219,129.6049,129.8373,127.7063,140.9824,124.7773,129.4547,118.7853,124.9176,124.2662
178.7317,173.6892,174.0724,139.4288,138.6186,147.2704,142.9023,135.2297,150.9363,141.1075,150.2685,132.191,129.9471,127.4601,128.5319,136.3119,139.2128,137.76235,170.0292,176.8844,175.3497,168.957,147.0286,172.158,140.1182,133.9585,136.4535,133.5097,132.3752,135.396,127.6374,123.1332,138.4414,130.5155,117.0516,126.9238,159.7206,161.3169,150.1437,167.2218,174.353,168.6173,117.7024,117.6982,119.5803,129.6206,125.9632,122.8606,147.0056,136.3915,174.5716,137.5696,140.6361,151.7615,178.6633,177.3915,178.6633,172.4824,175.1122,167.4937,174.7853,170.4315,173.6935,159.9126,168.4637,176.5044,136.1415,143.4558,140.7855,136.1868,129.477,127.2237,136.2889,137.6052,134.9408,131.9269,130.0021,126.3122,176.2378,169.3733,143.5864,115.9276,131.6793,171.5378,129.6103,122.2678,121.049,157.7517,136.2405,138.1029,178.6098,178.6156,176.8199,124.2514,137.9682,127.6267,134.6978,136.1666,131.2675,144.7146,155.4738,134.5605,118.4748,121.1107,122.0928,133.2834,139.3428,130.4568,176.9082,171.7045,164.5267,175.8828,174.057,162.2745,37.8225,41.1763,34.4687,33.7637,36.0926,36.0926,148.9794,151.9263,140.3644,143.0563,146.2871,143.816,146.3593,158.2474,150.9362,140.7043,142.0818,137.5497,136.1499,140.7853,136.1666,116.9667,121.4546,119.1558,128.0365,129.0373,123.4422,124.7733,121.7419,122.8587,129.7369,129.7369,129.9979,148.6491,152.0289,143.2451,123.7847,127.6808,133.3255,132.1161,134.9784,139.3282,169.6076,179.8755,178.7717,133.2499,131.6376,133.088,178.8542,174.7971,176.7428,161.3975,163.4469,154.6265,146.7446,137.9891,139.7221,125.882,129.2292,127.7063,134.3515,122.5168,125.3781,128.5413,137.7856,136.2474
179.4738,178.7363,164.6764,152.3614,142.998,161.16,139.6819,134.1032,147.6205,140.2357,149.1778,133.0979,128.1669,136.3069,134.8234,135.4305,135.3628,135.39665,171.935,173.5877,172.285,168.6862,168.5911,171.7782,139.2424,133.2736,134.8169,132.6339,132.6339,133.5147,126.1811,122.2695,136.3253,126.3219,118.5805,126.584,178.8886,178.8884,169.335,176.6965,174.3579,172.4067,126.1336,130.6056,121.2018,128.488,119.7059,120.998,163.6469,145.0072,166.0509,140.4223,140.4223,148.7662,167.7148,165.5404,164.1875,178.8225,171.4608,173.0978,178.8751,168.738,178.8791,176.6714,172.1501,169.9908,145.8345,152.7071,155.5133,129.4723,134.4559,131.0019,138.4969,136.2783,132.459,131.4265,134.601,141.52,166.5756,165.3399,172.6289,125.6016,146.0144,175.0926,142.6658,136.3094,123.585,155.23865,154.6803,155.797,176.1899,175.3451,179.4638,141.1365,139.5989,136.2374,146.3464,143.8626,142.511,164.4978,167.6178,142.2061,125.3406,129.172,126.4403,159.7023,152.7244,136.163,168.1549,174.0589,169.6051,172.2131,176.7049,172.7964,45.1748,49.872,40.4776,32.6098,37.9572,37.9572,175.8193,173.5762,165.7573,159.6638,164.4165,150.5365,165.2297,177.081,171.7259,161.9714,152.4544,155.5089,136.1417,142.4942,132.9868,119.1326,120.134,120.3321,137.719,142.5026,127.0042,122.4159,124.7813,122.059,126.3108,127.477,125.0233,165.7536,164.0363,155.6463,123.795,123.0294,133.2131,139.1634,144.4407,147.6254,168.6426,178.6192,178.5945,151.7971,145.7354,149.5032,175.1671,174.9133,170.7284,177.1107,179.2214,179.151,161.1459,154.5807,163.4053,128.0567,120.9223,127.3403,128.9622,123.3669,123.3669,143.9384,148.7662,153.6996
174.3524,177.7908,165.8425,179.9162,150.7163,176.9862,140.719,134.108,147.6254,138.3308,147.758,130.1242,130.2246,152.4203,144.4271,133.8274,136.3069,135.06715,176.8598,173.289,173.2842,171.5834,171.7782,176.8561,140.0084,131.411,132.5352,131.6394,128.968,132.6438,122.5242,126.6218,132.5063,123.3784,122.4989,119.9614,166.384,163.4745,171.0433,172.6362,178.7566,174.1778,146.7654,147.4515,126.975,125.4688,114.4566,121.9087,177.1608,178.5971,165.0093,139.0949,137.6346,146.9505,169.7937,171.322,166.3243,172.7505,179.3392,176.8335,176.7262,174.7812,176.1431,166.1982,169.9958,176.4513,161.4919,173.301,169.0596,129.0618,142.9014,134.4607,138.5904,136.2836,133.6757,141.5146,146.9563,154.7661,167.9501,171.7153,176.3461,140.7135,164.6319,171.0742,162.8907,163.5701,147.6193,173.1202,174.9101,179.0577,170.4303,179.7421,174.0263,160.6814,162.0535,152.4316,155.4015,160.1291,158.243,173.3437,173.3349,158.2694,137.5221,143.082,138.8595,179.1046,171.0427,154.5979,158.377,163.8342,175.317,166.4714,167.003,178.2574,42.688,44.6275,41.5712,37.7285,39.7471,39.7471,173.469,173.1228,177.0306,178.8884,177.3017,171.3292,169.9485,165.2672,169.6582,176.9642,172.9348,172.9348,136.1499,142.8556,136.1708,117.6252,119.6859,121.6665,160.1419,160.6063,137.9066,121.6704,124.7813,123.3749,126.8612,119.6196,123.3386,176.2353,176.2401,168.5678,127.9765,127.9013,129.0214,148.6865,152.256,162.2898,171.7081,176.2146,174.184,163.4541,160.2355,166.7334,175.1713,176.9535,169.0761,173.093,173.0978,169.3413,178.871,178.8585,179.0289,134.4559,124.206,125.469,132.2692,130.5637,124.7813,167.2111,167.2061,173.1223
166.0132,174.3524,169.2599,175.9867,160.1655,174.5244,137.362,130.9165,145.1524,136.4269,145.9104,130.2942,138.7866,169.6733,164.4436,133.8324,133.5806,133.7065,176.8598,176.855,175.0685,170.8645,173.3479,176.8608,138.2797,129.7436,132.6448,128.1952,128.7257,130.8027,120.8446,133.4482,128.1902,119.1233,131.27,118.5714,172.8012,163.4826,167.2154,178.7566,178.9528,176.3706,161.3511,169.8316,141.336,121.8373,117.8281,119.7059,172.6967,168.1056,174.6404,136.2325,137.5746,146.9505,174.9885,176.7707,169.5065,172.4267,173.8345,177.2416,170.2394,176.8214,178.7309,166.6372,174.1729,178.7469,169.4564,175.2482,169.0596,136.1868,156.7476,144.8168,137.6265,136.2889,129.3253,160.7641,162.9129,176.9324,176.4544,178.8403,164.7994,154.7606,177.5115,179.422,179.4165,176.7707,175.4032,174.7995,174.6641,172.6242,166.9141,174.2479,169.6836,172.1471,179.1163,172.1571,172.0128,173.5762,173.5848,175.674,179.2834,169.1068,152.8283,156.3539,152.8366,179.1751,174.8874,173.3141,164.5797,168.15,176.37,162.3029,163.5725,178.3401,49.5044,53.3686,45.6402,46.3312,49.453,49.453,177.0892,171.481,171.6999,177.5311,177.0944,179.2024,164.3715,163.9146,163.8977,169.4807,169.1606,174.7066,141.0531,152.5394,141.0657,120.805,120.5592,120.8321,173.3305,178.8376,152.5647,122.8507,127.4836,132.527,122.2873,121.0637,125.6249,178.7175,172.1977,178.0266,136.4424,126.2566,128.3227,172.54625,168.9715,176.121,174.5752,172.0093,171.6057,171.1484,173.1429,171.8055,179.2897,178.8627,173.1479,174.9943,174.9991,176.7741,167.9854,166.3297,174.7644,141.442,137.8187,128.0567,144.7069,139.6716,139.6756,175.5418,179.2674,178.7476
158.5174,172.648,170.3658,178.5997,172.8906,171.6571,134.3454,130.9165,143.4405,134.5792,144.0427,129.436,158.3132,176.5433,176.4078,131.6361,132.8437,132.2399,179.6194,175.0685,175.1718,174.8991,175.2355,179.4439,138.2273,130.9259,132.4306,126.3222,125.3975,129.99,121.9564,142.948,127.0742,114.8509,139.8967,121.8722,172.3426,167.2234,171.0555,174.1136,176.475,178.8575,176.7289,176.7331,159.7709,115.702,128.6684,116.7313,176.5631,166.9077,178.5856,133.5062,137.5746,142.2464,175.4086,175.414,174.9775,164.9126,170.2966,170.3013,168.1303,177.0476,178.7309,170.31,176.3609,178.9625,171.6834,167.5796,164.6414,152.5811,172.7646,157.7026,142.0049,134.9567,130.2746,176.916,172.9209,168.5387,175.9559,173.0203,167.9501,172.1633,179.4165,170.8233,171.5494,167.7258,172.7845,177.3051,172.4144,178.7397,160.6064,167.3311,164.1315,164.305,179.1163,176.6735,172.0085,178.8292,179.2002,168.063,173.3349,173.3482,163.8917,173.2799,171.0127,173.2924,167.5271,175.0186,170.2547,170.69,169.4412,158.6573,159.3807,171.4445,60.1596,53.2058,59.8582,56.8255,65.1771,65.1771,175.815,175.1504,175.2571,171.941,177.6475,177.045,168.2263,170.9968,171.243,173.2363,167.637,169.1606,152.5477,163.4052,157.668,121.6394,125.3702,132.7248,177.2343,166.7387,168.6506,127.9651,134.4627,141.6268,123.3337,125.7039,133.1582,176.6423,179.6866,175.5231,152.7078,139.1635,140.643,163.4271,178.6797,175.4141,177.7624,168.5168,169.5331,179.2981,179.2981,175.5572,177.3191,177.1922,178.8627,176.904,178.8225,170.2873,167.561,168.7338,174.9048,171.0669,167.6864,157.9225,158.4714,158.8462,153.4533,177.561,176.8435,178.7476
153.9735,165.0698,173.3805,178.6024,178.5733,178.6151,132.3703,133.0661,142.3831,133.7005,141.134,126.4564,171.5744,173.8061,176.5433,126.8496,131.7741,129.31185,177.774,178.6449,175.0685,179.4439,173.1856,175.5809,138.285,126.6765,129.9446,125.4899,122.8246,128.4471,127.4688,161.184,141.7656,118.5805,159.1444,133.619,176.6378,170.7866,172.7973,169.4703,169.4751,176.2737,172.9395,172.514,178.9474,120.0689,145.7253,116.6142,177.4463,167.6431,177.323,132.2465,136.2424,144.7781,175.7926,167.7552,178.6689,157.428,161.3832,166.6571,166.0606,174.7888,176.3572,174.1729,178.9625,176.8544,163.3185,162.7108,158.2137,166.1231,176.8287,172.7742,150.6491,139.1513,134.8148,164.1454,171.0518,169.201,169.8404,166.4068,176.4591,175.098,173.4614,161.5105,175.1035,167.7258,174.7454,172.8135,176.6665,170.3698,155.6093,163.5484,158.4296,172.1373,174.8972,174.9072,163.9251,173.3091,177.6031,159.7449,165.2428,173.3437,175.4226,177.188,177.1922,169.4564,169.6747,163.4105,178.6252,178.6019,161.8807,152.8239,156.0873,166.083,54.5788,65.4436,63.4181,62.1227,72.996,72.996,170.5512,179.249,179.3767,163.8578,170.1575,177.4161,175.1587,178.846,174.8966,178.9507,169.1683,169.1645,174.818,172.7229,179.1212,127.9301,139.104,142.4354,174.0544,162.3333,178.8205,134.4587,150.5282,152.2925,129.9882,134.687,147.0512,169.9584,176.3739,178.7078,169.2471,155.6731,151.7239,176.547,178.6846,170.7822,179.8909,166.7743,166.1921,173.4145,173.1274,175.7351,177.1839,173.5427,177.3275,177.0872,174.8326,167.6725,170.444,176.7457,178.85,172.6977,176.7725,169.3902,176.8588,178.9782,164.8431,172.3667,177.4283,177.561
150.314,163.9143,177.0006,170.3542,178.8295,175.8178,131.1162,131.7319,142.3831,132.7355,141.1394,121.5275,178.2079,168.7634,170.5888,131.1125,128.1818,129.64715,174.2253,179.6194,176.855,173.6922,178.7178,175.1714,134.5282,123.9247,126.8537,127.8591,123.6678,129.419,132.4917,172.4397,154.7602,121.6097,169.2777,153.052,176.6768,174.8311,174.6764,164.9784,162.0596,171.7859,175.0316,174.7686,170.423,131.3639,165.6258,120.3276,170.8944,174.7887,171.284,132.4233,137.6395,140.4273,170.0102,163.5067,177.517,157.6789,158.5623,156.7429,160.5689,172.3788,173.9958,176.5393,174.4104,169.9432,160.0957,155.5005,152.6986,176.8335,169.026,178.794,159.4984,148.6697,145.7459,158.3621,167.3422,174.7237,163.6202,159.8999,178.8496,169.2175,165.364,150.7196,178.6852,172.9747,178.6906,163.4909,170.3598,159.8797,153.9654,161.7135,154.7966,160.6667,169.9225,170.3568,160.3901,167.5962,172.0128,154.6231,154.6188,168.4727,175.6056,173.5385,179.1624,162.0438,175.15,170.9837,174.259,174.8831,156.4053,148.7395,153.3766,160.97,61.17,61.2817,61.0583,66.1015,76.1268,76.1268,163.9209,169.4688,175.4518,160.7761,169.7975,175.3927,179.2449,179.1045,179.1832,179.1478,170.8245,172.8352,179.1874,179.1749,169.0552,163.41635,161.9977,164.835,166.2352,162.8922,171.2216,149.7706,170.2219,161.9243,152.2738,153.0276,165.9159,166.4372,170.2695,176.6519,178.58,168.9136,164.1041,178.6942,173.8196,175.6002,177.9068,164.8726,165.8857,173.4093,173.4093,171.47,171.3466,169.0384,175.0218,172.4221,169.3954,164.2361,172.0364,178.8384,178.8542,177.1238,170.6878,179.2166,176.7877,174.6643,178.8926,170.2883,173.89,173.6578
145.7401,161.7317,179.4691,164.2924,171.7325,170.6667,130.9261,125.4655,138.6965,132.7407,139.2636,119.3507,174.952,164.4241,164.9026,138.7965,123.1343,130.9654,170.7306,175.9993,178.64,173.4335,177.4635,166.7524,131.4296,122.6719,126.6765,136.3352,127.8492,127.7196,143.7372,179.6357,170.0153,129.1102,172.0475,165.0414,174.2288,178.9583,178.9661,156.7947,159.8728,167.212,177.3359,177.0517,168.7253,153.7152,177.1824,132.459,168.8571,179.5496,167.3724,132.2465,137.7112,139.2552,165.8926,157.3631,173.4723,151.4279,157.6836,157.693,156.5055,168.1303,173.9958,178.7419,169.4849,165.6158,157.3837,152.6986,149.1237,170.9551,167.4985,176.8897,176.2573,159.1226,163.47,165.1094,174.8493,179.2748,160.9255,153.2531,175.4398,176.7761,151.8177,146.3015,175.1993,176.7103,177.2238,155.6756,162.0615,154.6853,150.1149,155.6573,152.3127,156.7692,164.1347,165.5951,153.6837,160.8392,163.9294,147.4981,148.5646,165.2472,167.995,165.7069,171.675,160.0998,176.9322,179.2582,167.7711,168.1671,151.2907,146.3008,151.03,156.7859,50.2974,59.1768,58.2606,74.822,70.2599,70.2599,157.0168,163.3393,167.5877,152.7985,162.0818,161.4577,171.6958,173.0239,173.3091,175.3464,174.869,178.9469,178.846,174.9049,163.4197,172.3471,172.3451,172.3491,157.9596,169.0594,171.2216,168.5745,176.7715,167.0671,174.4171,175.9677,176.9724,160.7076,171.2651,171.825,179.9298,178.5628,179.867,173.1662,168.4308,177.1079,175.6409,160.3073,163.8557,173.4093,173.1274,166.321,171.3425,164.6288,169.0426,169.8537,165.5214,162.7333,176.5885,174.2822,177.0601,172.707,174.7323,170.6783,174.8271,170.7706,172.79885,162.2118,169.9324,171.7851
141.8771,158.5174,177.5631,159.6041,164.3133,161.5297,126.4448,124.9958,137.4339,129.3071,138.3011,123.4643,168.4075,161.2994,157.658,154.7419,124.4805,139.6112,169.379,172.4745,177.7837,167.2553,177.4681,167.2553,129.8554,123.9301,125.1435,143.183,136.3203,128.2001,164.0691,176.944,179.5896,142.3169,165.299,177.7624,167.0392,176.6807,174.9717,153.5927,155.7801,162.0693,175.2354,174.7971,174.9091,166.7386,176.752,151.2095,166.8515,171.9349,164.3002,133.0576,136.2424,137.7955,163.4959,153.0304,167.2894,147.4874,148.7109,154.6218,151.6532,163.3803,171.6585,176.8544,166.6323,161.4641,152.6861,145.1142,148.5139,173.0978,176.9608,175.4858,175.1293,172.1266,173.6889,170.5605,176.694,177.0784,,,,178.7012,145.7507,139.4786,168.7806,177.2291,174.7274,149.4761,153.5896,150.2865,146.6778,149.3563,146.0561,150.2446,160.6764,158.6126,150.1986,157.2041,157.9723,140.1747,144.7146,157.994,161.467,161.4711,167.0928,151.8885,179.1794,169.0682,162.4325,160.8564,146.4451,142.9136,148.6832,151.5878,50.2974,57.6447,51.3913,72.996,59.4694,61.6453,149.5507,157.1915,163.3393,147.9289,153.6999,157.1491,166.2268,163.3393,171.38,169.3715,178.9243,179.0782,175.4434,174.7645,160.4027,174.9561,178.9701,178.9048,177.848,176.8711,178.8249,178.8967,178.8926,178.8926,173.464,176.8817,170.0463,155.4427,165.5597,168.042,176.913,174.0539,173.9064,166.0364,161.8657,178.0258,172.5927,160.8776,161.8578,169.1628,169.5733,160.4802,169.0302,162.6982,166.6029,162.7287,159.793,160.6122,178.8791,168.8561,172.7146,176.7818,178.8179,176.8335,179.1123,174.8192,179.062,158.0339,166.3109,162.1724
140.3681,156.2514,173.9067,156.0593,156.7339,154.8199,121.2922,122.2744,135.1873,125.8711,135.5387,127.7127,164.4194,158.2938,161.3566,171.294,133.6994,152.4967,166.8752,169.7264,176.0042,161.6424,173.1475,163.4774,134.3216,125.962,128.3288,151.9876,148.0936,124.2355,170.6958,178.6797,176.9901,158.4935,160.0693,178.7694,164.1479,171.9852,172.3411,148.2196,148.2196,158.9992,168.6085,168.1386,176.9009,179.3032,179.2226,167.7875,160.3484,167.3553,158.4765,134.5017,145.4097,137.9831,159.1538,150.3674,167.2949,,,,149.1278,158.5051,169.3566,170.3725,164.9979,156.6394,148.0177,143.0987,142.7616,176.8382,177.2416,173.0663,168.4008,178.7164,176.9265,172.5751,177.3915,174.9833,,,,173.1687,139.4682,136.2988,162.2159,170.8179,172.5632,144.8512,146.8553,146.2633,142.7131,143.3146,144.8925,148.1893,154.6674,159.8618,147.4723,152.8658,154.6058,,,,153.7092,151.868,161.463,145.1058,175.2482,152.6902,157.7783,157.1128,143.0291,,,,47.5267,50.2974,50.2974,59.143,52.2583,56.2367,142.5026,153.6796,155.4482,152.5037,150.4609,154.5465,158.6829,160.8392,163.9251,167.4944,176.9714,171.2785,171.6917,176.8047,161.0312,179.0301,177.146,177.15,177.1501,175.0385,179.2617,176.9217,170.9787,174.9555,172.6188,171.7652,173.4724,153.1866,162.2979,164.893,172.4544,175.4789,177.0784,162.3211,157.0012,174.7765,173.8106,158.9644,158.5411,164.7531,167.6922,159.081,166.5864,160.0957,162.7066,162.7287,156.7243,157.6697,176.5469,162.6859,171.0211,178.8318,177.0965,176.9457,178.9622,179.0498,175.1972,153.8249,162.2168,158.02085
160.5971,150.8892,170.305,151.3598,154.2349,148.4847,121.2971,122.6393,133.9247,122.8669,135.5721,136.4644,159.1636,156.1629,157.66325,178.0315,144.778,161.40475,164.0011,167.733,174.4488,157.3338,167.7164,156.5211,142.7883,128.0265,139.4717,165.8263,160.4057,123.1527,174.4042,178.6797,177.9539,163.8951,155.4096,172.6104,158.8264,165.4371,166.5528,142.5885,147.5631,155.7849,164.633,164.0304,170.6459,179.2226,176.8594,176.6008,158.4538,162.298,156.6335,141.1415,156.8034,141.4418,155.6102,160.2185,164.8268,,,,144.6639,159.3276,166.5041,168.2634,160.702,152.8251,145.1058,143.0987,141.3276,177.2416,170.6906,171.0717,170.3505,171.364,176.9265,179.1883,172.9097,176.049,,,,165.6513,134.7454,150.19835,160.748,168.3148,167.8137,,,,141.3484,142.0723,144.1381,141.4028,150.6484,152.622,142.7991,149.5633,152.1205,,,,145.7976,148.5016,155.4028,139.146,171.3762,148.0218,155.5915,152.6873,154.1394,,,,47.5267,47.9675,45.6402,52.347,53.0527,49.0826,148.0035,147.4681,148.5389,,,,154.6015,155.4566,161.5128,165.6467,170.9362,168.9701,169.8441,178.8542,165.2756,179.0262,167.047,172.6603,164.3786,169.0551,159.7021,179.0498,169.0045,174.8151,176.987,177.6274,175.2034,149.4316,157.835,161.2994,177.809,177.0656,178.5524,155.4753,151.767,153.62115,167.4482,154.3396,157.1458,158.3254,161.6037,155.6874,162.6859,157.3837,160.0998,156.7197,152.5578,154.6032,174.2781,158.5051,167.1053,174.3209,170.686,173.3335,177.0016,174.9797,168.5745,150.5818,158.0438,154.3128
,,,,,,121.2971,125.0007,128.5454,119.933,131.7676,147.7798,153.1958,153.3031,153.24945,177.1499,159.1975,168.1737,161.8185,164.9705,171.8928,153.8934,164.0454,153.8934,153.5508,143.7121,152.4098,173.8597,171.3222,127.4884,174.6008,176.273,174.6105,169.273,152.4908,160.8819,151.3306,161.2844,163.3426,140.8886,142.5982,152.4375,160.0998,157.3837,164.0304,174.9179,170.3676,174.6363,152.9374,158.7717,150.4449,155.6824,178.7476,159.8818,,,,,,,162.68285,156.5055,168.8602,165.6158,157.7644,146.9862,,,,171.0622,164.6778,164.6872,172.1966,171.8105,177.5869,174.4613,166.8022,170.63175,,,,,,,156.6858,163.5647,163.5701,,,,137.5918,138.9699,138.9699,137.845,150.6484,147.5375,147.81205,145.417,150.2071,,,,143.0658,142.7493,148.4896,151.9012,148.5394,143.4431,,,,,,,44.6275,48.5795,44.9978,49.9132,45.3531,47.63315,,,,,,,,,,161.411,165.1195,165.1234,165.2086,179.1791,163.9146,173.2183,168.5506,166.0148,,,,174.751,162.0017,168.37635,178.6812,173.7242,178.6812,155.9329667,156.9638,157.6531,168.8931,177.0299,179.935,,,,165.4466,153.4427,153.0574,157.508,156.4824,151.7665,154.5477,154.5681,155.4963,153.6154,144.2983,151.4233,169.815,153.5721,164.6372,172.4221,168.6486,171.0622,172.3371,170.5997,164.599,148.054,153.8348,152.922
,,,,,,132.1257,134.7673,129.0097,122.6611,126.8105,161.7286,,,,174.0675,167.6406,170.85405,154.0053,160.1987,170.4059,153.8934,160.9637,150.3325,171.7647,156.8917,165.1505,175.645,176.6948,135.1113,171.3026,179.6308,171.3124,161.8044,148.8832,155.3438,147.3932,156.6354,162.6563,136.2531,137.8062,146.2611,154.5723,151.6532,161.3343,167.7574,165.6109,176.6816,152.1371,154.8265,144.5387,170.3618,170.8943,174.6756,,,,,,,,,,162.8281,154.693,158.76055,,,,162.7519,159.3807,162.0981,171.8105,176.9318,177.459,169.9995,162.9073,166.4534,,,,,,,150.7302,159.508,157.8108,,,,136.3786,135.0943,136.3729,145.94515,144.3528,147.5375,,,,,,,138.8391,140.1077,143.0578,,,,,,,,,,47.4382,45.6402,41.2753,,,,,,,,,,,,,,,,160.8309,176.9135,164.8139,166.5333,162.6444,160.5233,,,,170.9665,158.1631,164.5648,177.6227,170.0089,175.6082,153.1894,153.9735,156.1677,165.4765,175.4231,175.097,,,,162.8831,149.4427,148.8828,153.7882,153.7831,147.5473,151.6329,151.6573,153.6629,150.589,146.1762,142.8735,169.3566,150.5457,162.7066,164.9035,162.084,163.4328,170.5958,168.5624,160.0618,142.5727,152.9416,148.6035
,,,,,,154.7553,148.2041,126.858,124.7176,125.5625,173.1554,,,,178.7078,173.4047,176.05625,152.4685,156.348,168.2211,147.0853,155.6459,145.985,174.6591,171.2889,174.8319,171.1698,179.8328,144.1505,166.0507,174.4042,167.6933,161.2521,144.9768,153.11445,154.995,152.6443,157.3457,133.2404,133.3957,142.9581,151.8885,148.0218,151.6532,160.6922,159.8776,179.1419,148.269,150.0628,146.0974,174.8074,163.3305,174.6569,,,,,,,,,,158.6431,149.4986,154.07085,,,,160.1493,153.7077,159.03,173.5325,175.2587,175.5624,163.5701,162.9073,163.2387,,,,,,,145.7717,156.6912,154.7443,,,,135.2095,130.0271,135.1541,,,,,,,,,,,,,,,,,,,,,,48.5795,44.6275,47.1719,,,,,,,,,,,,,,,,157.9596,175.252,168.7255,160.0302,154.5143,152.6404,,,,163.9845,155.4542,159.71935,172.1517,166.3874,171.8565,149.46745,150.0046,148.9303,163.9798,168.8982,170.7293,,,,160.847,148.8828,147.2246,145.5088,150.2938,143.9334,149.7801,150.5498,150.8809,147.4828,142.8781,144.2983,165.4827,148.6578,162.7024,159.3668,159.376,159.3807,167.5875,164.5869,156.4757,140.0465,149.6349,145.4737
,,,,,,163.9663,165.8884,133.1356,136.4481,127.3578,177.3899,,,,179.6962,177.1706,178.4334,148.6199,154.7999,169.0209,144.4311,152.2416,143.2492,170.9197,174.5114,179.0223,167.669,179.9031,156.2254,163.3779,172.9496,164.4619,156.1112,141.6199,148.86555,152.0351,148.616,155.4542,,,,150.8809,145.1058,149.8045,,,,143.3333,147.1046,145.21895,167.0683,163.8212,171.1478,,,,,,,,,,155.703,145.7253,150.71415,,,,153.7077,150.9304,154.6313,175.1506,176.9913,175.1523,160.7587,154.7772,157.76795,,,,,,,151.71455,150.7302,152.6989,,,,,,,,,,,,,,,,,,,,,,,,,,,,47.1719,44.5345,47.2608,,,,,,,,,,,,,,,,155.4482,173.0281,170.9927,151.5881,147.968,148.6121,,,,157.3377,152.6523,154.995,170.0041,160.5466,168.1801,149.18005,148.0413,150.3188,161.0557,172.2211,164.8853,,,,160.2764,147.9807,147.7977,144.7934,147.5674,143.9334,148.6376,150.5498,149.132,146.8859,139.3481,140.8037,160.5689,145.5873,160.0998,155.6083,154.6124,152.7392,165.441,162.6563,151.6193,,,
,,,,,,171.3173,175.9548,152.0715,148.9769,136.4535,174.8374,,,,174.9471,175.589,175.26805,147.6651,150.0963,166.4237,153.8934,150.3325,139.0226,166.5275,171.1595,176.4837,165.201,177.1453,163.4123,160.3861,171.5879,162.4056,150.2623,140.467,145.36465,147.02335,142.4274,151.6193,,,,,,,,,,,,,167.4477,167.4477,173.037,,,,,,,,,,148.7918,145.7253,147.25855,,,,150.9257,151.0702,151.2147,179.5373,176.986,171.4854,155.7548,148.723,152.2389,,,,,,,150.1632,149.9861,150.3403,,,,,,,,,,,,,,,,,,,,,,,,,,,,44.5345,46.0948,47.2608,,,,,,,,,,,,,,,,152.8574,169.0634,174.9049,146.7771,144.4347,142.0923,,,,154.5222,147.9799,151.25105,164.0726,158.1202,165.8919,,,,154.867,165.908,162.9971,,,,157.5077,145.0165,145.837,139.2652,144.7832,142.0242,146.8219,146.8422,146.3129,,,,159.7543,143.8251,157.3837,152.7299,150.9257,150.9304,163.3426,161.9977,153.6248,,,
,,,,,,176.273,178.6894,168.1912,164.3453,152.2614,171.7701,,,,171.8298,177.0278,174.4288,143.7817,149.1643,165.1708,145.3122,150.3325,140.2919,166.1983,168.367,174.0221,162.4592,174.3773,168.0997,156.1958,170.0055,158.9451,,,,,,,,,,,,,,,,,,,173.4018,167.4477,174.8074,,,,,,,,,,145.7303,142.6032,144.16675,,,,,,,177.8101,178.727,169.1731,,,,,,,,,,147.93365,146.3174,149.5499,,,,,,,,,,,,,,,,,,,,,,,,,,,,44.61825,43.5963,45.6402,,,,,,,,,,,,,,,,173.9568,169.0676,178.846,141.7822,139.6691,137.556,,,,,,,158.1108,153.916,164.0679,,,,149.4216,161.5769,157.6365,,,,155.2702,144.2358,144.4156,139.2703,141.6928,140.48155,143.4146,142.1339,142.77425,,,,154.5599,140.5277,155.4963,148.0615,146.3576,146.3623,155.5233,157.3377,149.0939,,,
,,,,,,174.6008,175.4237,178.6797,168.4534,167.4337,168.7785,,,,168.7634,175.4559,172.10965,141.32,147.2052,162.9202,,,,163.8033,165.0044,173.8588,158.7154,168.9595,179.7921,154.7455,168.4404,155.4589,,,,,,,,,,,,,,,,,,,175.0712,169.2953,176.7827,,,,,,,,,,,,,,,,,,,175.7507,178.7217,165.3276,,,,,,,,,,146.04455,146.3174,145.7717,,,,,,,,,,,,,,,,,,,,,,,,,,,,,,,,,,,,,,,,,,,,,,170.85905,164.6538,177.0643,,,,,,,,,,153.9065,147.1079,161.6556,,,,148.1572,158.0572,153.4578,,,,150.7984,144.0874,143.487,136.2575,140.4373,138.3474,142.1178,142.1339,142.12585,,,,153.5721,137.5978,152.6944,144.7036,143.4879,140.3718,154.5222,155.4462,147.9879,,,
,,,,,,171.3026,179.6211,168.9472,174.323,174.517,164.7597,,,,160.3677,169.1064,164.73705,137.574,145.2018,162.3945,,,,162.2174,160.8974,171.5877,157.955,166.6588,178.6547,153.3311,168.4453,154.7602,,,,,,,,,,,,,,,,,,,176.915,171.163,178.7576,,,,,,,,,,,,,,,,,,,173.6836,171.8213,162.8329,,,,,,,,,,,,,,,,,,,,,,,,,,,,,,,,,,,,,,,,,,,,,,,,,,,,,,,,,,168.179,164.658,171.7,,,,,,,,,,151.3324,155.9371,160.5418,,,,147.7472,154.867,149.0898,,,,148.8674,142.6208,141.572,136.2575,136.2524,136.25495,139.1216,139.1336,139.1276,,,,148.6578,149.23115,149.8045,,,,151.6074,153.6168,144.63,,,
,,,,,,167.2695,177.9393,170.5496,171.7539,172.0076,163.024,,,,,,,,,,,,,,,,154.7702,162.8953,176.9365,147.6205,166.8996,150.6255,,,,,,,,,,,,,,,,,,,178.7675,174.8174,175.3412,,,,,,,,,,,,,,,,,,,170.3295,169.9737,160.9499,,,,,,,,,,,,,,,,,,,,,,,,,,,,,,,,,,,,,,,,,,,,,,,,,,,,,,,,,,,,,,,,,,,,,,,,,,,,,,,,,,148.5928,143.97285,139.3529,136.2626,133.39,134.8263,,,,,,,148.6578,148.3398,148.0218,,,,146.7964,152.6443,138.9576,,,
,,,,,,163.9518,174.5959,175.5047,171.7539,164.83025,157.9066,,,,,,,,,,,,,,,,,,,146.3186,163.8731,147.2108,,,,,,,,,,,,,,,,,,,179.3233,174.8174,175.1269,,,,,,,,,,,,,,,,,,,168.5592,167.7132,156.6391,,,,,,,,,,,,,,,,,,,,,,,,,,,,,,,,,,,,,,,,,,,,,,,,,,,,,,,,,,,,,,,,,,,,,,,,,,,,,,,,,,,,,,,,,,,,,,145.5914,145.95005,146.3087,,,,,,,,,
,,,,,,159.1963,172.6901,179.7243,170.1274,162.822,155.5166,,,,,,,,,,,,,,,,,,,145.9481,160.4008,145.6235,,,,,,,,,,,,,,,,,,,177.4184,176.7877,173.1123,,,,,,,,,,,,,,,,,,,166.8133,170.7921,153.7934,,,,,,,,,,,,,,,,,,,,,,,,,,,,,,,,,,,,,,,,,,,,,,,,,,,,,,,,,,,,,,,,,,,,,,,,,,,,,,,,,,,,,,,,,,,,,,145.5914,144.70825,143.8251,,,,,,,,,
,,,,,,157.006,169.3296,174.6008,,,,,,,,,,,,,,,,,,,,,,141.6999,161.475,145.6186,,,,,,,,,,,,,,,,,,,175.1121,178.7626,168.7136,,,,,,,,,,,,,,,,,,,164.5843,171.5012,151.0114,,,,,,,,,,,,,,,,,,,,,,,,,,,,,,,,,,,,,,,,,,,,,,,,,,,,,,,,,,,,,,,,,,,,,,,,,,,,,,,,,,,,,,,,,,,,,,,,,,,,,,,,,
,,,,,,,,,,,,,,,,,,,,,,,,,,,,,,141.6999,156.8813,142.6605,,,,,,,,,,,,,,,,,,,175.117,178.7626,166.1739,,,,,,,,,,,,,,,,,,,,,,,,,,,,,,,,,,,,,,,,,,,,,,,,,,,,,,,,,,,,,,,,,,,,,,,,,,,,,,,,,,,,,,,,,,,,,,,,,,,,,,,,,,,,,,,,,,,,,,,,,,,,,,
,,,,,,,,,,,,,,,,,,,,,,,,,,,,,,137.3522,156.7581,138.3609,,,,,,,,,,,,,,,,,,,168.7037,177.2922,163.4927,,,,,,,,,,,,,,,,,,,,,,,,,,,,,,,,,,,,,,,,,,,,,,,,,,,,,,,,,,,,,,,,,,,,,,,,,,,,,,,,,,,,,,,,,,,,,,,,,,,,,,,,,,,,,,,,,,,,,,,,,,,,,,
,,,,,,,,,,,,,,,,,,,,,,,,,,,,,,,,,,,,,,,,,,,,,,,,,,,169.1377,175.3313,162.1489,,,,,,,,,,,,,,,,,,,,,,,,,,,,,,,,,,,,,,,,,,,,,,,,,,,,,,,,,,,,,,,,,,,,,,,,,,,,,,,,,,,,,,,,,,,,,,,,,,,,,,,,,,,,,,,,,,,,,,,,,,,,,,
,,,,,,,,,,,,,,,,,,,,,,,,,,,,,,,,,,,,,,,,,,,,,,,,,,,165.2871,173.1073,160.2049,,,,,,,,,,,,,,,,,,,,,,,,,,,,,,,,,,,,,,,,,,,,,,,,,,,,,,,,,,,,,,,,,,,,,,,,,,,,,,,,,,,,,,,,,,,,,,,,,,,,,,,,,,,,,,,,,,,,,,,,,,,,,,
,,,,,,,,,,,,,,,,,,,,,,,,,,,,,,,,,,,,,,,,,,,,,,,,,,,164.7281,171.46,156.4672,,,,,,,,,,,,,,,,,,,,,,,,,,,,,,,,,,,,,,,,,,,,,,,,,,,,,,,,,,,,,,,,,,,,,,,,,,,,,,,,,,,,,,,,,,,,,,,,,,,,,,,,,,,,,,,,,,,,,,,,,,,,,,
,,,,,,,,,,,,,,,,,,,,,,,,,,,,,,,,,,,,,,,,,,,,,,,,,,,162.139,171.1127,153.7679,,,,,,,,,,,,,,,,,,,,,,,,,,,,,,,,,,,,,,,,,,,,,,,,,,,,,,,,,,,,,,,,,,,,,,,,,,,,,,,,,,,,,,,,,,,,,,,,,,,,,,,,,,,,,,,,,,,,,,,,,,,,,,
,,,,,,,,,,,,,,,,,,,,,,,,,,,,,,,,,,,,,,,,,,,,,,,,,,,160.195,168.7086,151.9935,,,,,,,,,,,,,,,,,,,,,,,,,,,,,,,,,,,,,,,,,,,,,,,,,,,,,,,,,,,,,,,,,,,,,,,,,,,,,,,,,,,,,,,,,,,,,,,,,,,,,,,,,,,,,,,,,,,,,,,,,,,,,,
,,,,,,,,,,,,,,,,,,,,,,,,,,,,,,,,,,,,,,,,,,,,,,,,,,,156.4573,166.7029,161.5801,,,,,,,,,,,,,,,,,,,,,,,,,,,,,,,,,,,,,,,,,,,,,,,,,,,,,,,,,,,,,,,,,,,,,,,,,,,,,,,,,,,,,,,,,,,,,,,,,,,,,,,,,,,,,,,,,,,,,,,,,,,,,,
