Rodilla izquierda,,,,,,,,,,,,,,,,,,,,,,,,,,,,,,,,,,,,,,,,,,,,,,,,,,,,,,,,,,,,,,,,,,,,,,,,,,,,,,,,,,,,,,,,,,,,,,,,,,,,,,,,,,,,,,,,,,,,,,,,,,,,,,,,,,,,,,,,,,,,,,,,,,,,,,,,,,,,,,,,,,,,,,,,,,,,,,,,,,,
"R1-ST, 15 dpl",,,"R1-ST, 30 dpl",,,"R2-ST, 15 dpl",,,"R2-ST, 30 dpl",,,"R3-ST, 15 dpl",,,"R3-ST, 30 dpl",,,"R4-ST, 15 dpl",,,"R4-ST, 30 dpl",,,"R5-ST, 15 dpl",,,"R5-ST, 30 dpl",,,"R6-ST, 15 dpl",,,"R6-ST, 30 dpl",,,"R1-TMX, 15 dpl",,,"R1-TMX, 30 dpl",,,"R2-TMX, 15 dpl",,,"R2-TMX, 30 dpl",,,"R3-TMX, 15 dpl",,,"R3-TMX, 30 dpl",,,"R4-TMX, 15 dpl",,,"R4-TMX, 30 dpl",,,"R5-TMX, 15 dpl",,,"R5-TMX, 30 dpl",,,"R6-TMX, 15 dpl",,,"R6-TMX, 30 dpl",,,"R1-EJE, 15 dpl",,,"R1-EJE, 30 dpl",,,"R2-EJE, 15 dpl",,,"R2-EJE, 30 dpl",,,"R3-EJE, 15 dpl",,,"R3-EJE, 30 dpl",,,"R4-EJE, 15 dpl",,,"R4-EJE, 30 dpl",,,"R5-EJE, 15 dpl",,,"R5-EJE, 30 dpl",,,"R6-EJE, 15 dpl",,,"R6-EJE, 30 dpl",,,"R1-TE, 15 dpl",,,"R1-TE, 30 dpl",,,"R2-TE, 15 dpl",,,"R2-TE, 30 dpl",,,"R3-TE, 15 dpl",,,"R3-TE, 30 dpl",,,"R4-TE, 15 dpl",,,"R4-TE, 30 dpl",,,"R5-TE, 15 dpl",,,"R5-TE, 30 dpl",,,"R6-TE, 15 dpl",,,"R6-TE, 30 dpl",,,"R1-VH, 15 dpl",,,"R1-VH, 30 dpl",,,"R2-VH, 15 dpl",,,"R2-VH, 30 dpl",,,"R3-VH, 15 dpl",,,"R3-VH, 30 dpl",,,"R4-VH, 15 dpl",,,"R4-VH, 30 dpl",,,"R5-VH, 15 dpl",,,"R5-VH, 30 dpl",,,"R6-VH, 15 dpl",,,"R6-VH, 30 dpl",,
Paso 1 ,Paso 2,Paso 3,Paso 1 ,Paso 2,Paso 3,Paso 1 ,Paso 2,Paso 3,Paso 1 ,Paso 2,Paso 3,Paso 1 ,Paso 2,Paso 3,Paso 1 ,Paso 2,Paso 3,Paso 1 ,Paso 2,Paso 3,Paso 1 ,Paso 2,Paso 3,Paso 1 ,Paso 2,Paso 3,Paso 1 ,Paso 2,Paso 3,Paso 1 ,Paso 2,Paso 3,Paso 1 ,Paso 2,Paso 3,Paso 1 ,Paso 2,Paso 3,Paso 1 ,Paso 2,Paso 3,Paso 1 ,Paso 2,Paso 3,Paso 1 ,Paso 2,Paso 3,Paso 1 ,Paso 2,Paso 3,Paso 1 ,Paso 2,Paso 3,Paso 1 ,Paso 2,Paso 3,Paso 1 ,Paso 2,Paso 3,Paso 1 ,Paso 2,Paso 3,Paso 1 ,Paso 2,Paso 3,Paso 1 ,Paso 2,Paso 3,Paso 1 ,Paso 2,Paso 3,Paso 1 ,Paso 2,Paso 3,Paso 1 ,Paso 2,Paso 3,Paso 1 ,Paso 2,Paso 3,Paso 1 ,Paso 2,Paso 3,Paso 1 ,Paso 2,Paso 3,Paso 1 ,Paso 2,Paso 3,Paso 1 ,Paso 2,Paso 3,Paso 1 ,Paso 2,Paso 3,Paso 1 ,Paso 2,Paso 3,Paso 1 ,Paso 2,Paso 3,Paso 1 ,Paso 2,Paso 3,Paso 1 ,Paso 2,Paso 3,Paso 1 ,Paso 2,Paso 3,Paso 1 ,Paso 2,Paso 3,Paso 1 ,Paso 2,Paso 3,Paso 1 ,Paso 2,Paso 3,Paso 1 ,Paso 2,Paso 3,Paso 1 ,Paso 2,Paso 3,Paso 1 ,Paso 2,Paso 3,Paso 1 ,Paso 2,Paso 3,Paso 1 ,Paso 2,Paso 3,Paso 1 ,Paso 2,Paso 3,Paso 1 ,Paso 2,Paso 3,Paso 1 ,Paso 2,Paso 3,Paso 1 ,Paso 2,Paso 3,Paso 1 ,Paso 2,Paso 3,Paso 1 ,Paso 2,Paso 3,Paso 1 ,Paso 2,Paso 3,Paso 1 ,Paso 2,Paso 3,Paso 1 ,Paso 2,Paso 3,Paso 1 ,Paso 2,Paso 3,Paso 1 ,Paso 2,Paso 3,Paso 1 ,Paso 2,Paso 3,Paso 1 ,Paso 2,Paso 3,Paso 1 ,Paso 2,Paso 3,Paso 1 ,Paso 2,Paso 3
38.305,51.8257,49.9948,38.8729,42.893,38.8729,59.3976,45.2361,47.7322,63.5703,59.08,63.7184,49.3236,49.3236,53.964,52.5452,53.3996,52.9724,47.0802,45.5865,47.7184,38.6201,36.2556,39.8822,47.1038,60.9197,58.251,53.2539,53.4529,64.8791,56.0604,61.8414,54.2441,63.7005,65.1169,57.8429,36.81995,35.3045,38.3354,36.602,40.7999,44.9978,49.453,48.3354,43.5493,41.2753,38.6332,38.0017,31.4413,34.82725,38.2132,39.8568,37.1513,36.8013,41.5712,42.0605,43.5963,32.0277,37.0983,38.2132,43.5493,50.6431,49.7295,37.8956,41.1763,41.1763,47.9586,43.651,47.1981,42.4246,43.8633,46.7381,36.684,33.7637,25.2005,36.2724,41.8653,39.06885,32.5189,28.1415,29.4998,23.717,27.0653,32.94,26.6319,26.0436,20.7875,31.191,28.3288,26.5677,45.7443,47.7488,45.3181,26.0124,27.1109,37.9572,50.9726,53.21375,55.4549,55.2963,56.04365,56.791,51.3654,53.5895,55.8136,37.9572,44.8578,45.3531,41.62445,41.0599,42.189,20.0177,32.455,32.8922,48.5795,43.0255,47.0828,41.4722,45.3531,45.3531,48.6665,48.6665,47.4382,54.65775,55.7711,53.5444,50.9726,45.8225,54.2579,53.5128,57.292,54.3231,46.4559,40.7782,38.0017,41.1757,42.1899,43.2041,54.0163,56.4002,48.6665,42.4246,49.6819,41.0606,43.50185,41.0336,45.9701,52.0423,52.0423,49.3236,45.6402,49.4886,50.1446,51.6066,51.0972,52.116,40.6599,43.1681,48.32,36.8013,44.5585,42.4171,45.3531,44.5585,40.4012,38.2132,42.7601,37.5973,33.8897,41.0465,47.1981,45.478,39.5395,42.7601,45.5655,45.4686,45.3717,59.5509,62.3606,59.143
37.0023,57.8765,51.8257,37.3506,45.5865,42.0582,56.5722,45.6098,47.6602,58.3031,58.7182,60.869,45.7796,50.069,50.069,53.3996,58.6784,56.039,52.791,49.9034,47.4001,39.0446,38.6201,34.7897,49.4169,58.7182,61.0715,53.2539,53.2539,59.0879,55.9962,61.9621,53.7175,63.4968,57.8429,61.4388,38.8912,35.6954,42.087,36.602,40.9839,45.3658,46.8143,46.4281,46.3312,44.9978,43.5963,43.1211,32.8305,36.2899,39.7493,39.8568,33.7637,40.1841,39.8707,40.7782,41.8653,32.4533,38.3354,41.0606,44.8578,52.347,49.1754,43.5963,43.0255,40.7782,51.2755,45.3531,49.1754,42.4246,47.2555,47.2555,37.9572,33.7637,31.1482,40.7782,43.1211,51.3913,35.4479,27.4392,28.1415,20.7875,21.3322,36.602,27.7738,23.3905,22.3838,31.9661,29.449,27.8981,48.4029,51.8898,47.7488,28.9043,33.8897,39.4167,52.3041,59.6316,56.791,55.4549,55.4549,55.534,51.9024,54.1858,58.0743,43.651,42.8316,45.3531,42.1302,44.7146,49.9247,20.0177,37.1433,34.868,52.8791,49.272,49.272,37.9572,46.4281,46.4281,49.6155,49.6155,48.6665,55.3388,57.1332,53.5444,46.4559,58.2606,52.6332,47.5736,47.5736,62.7741,47.4382,43.1211,39.1528,43.8633,45.5594,47.2555,62.8329,58.3373,49.6155,47.2555,48.2776,40.1302,43.21715,42.0133,44.421,54.0342,55.7024,52.0423,47.707,43.8003,53.1797,50.17675,52.0485,48.305,41.4875,45.9949,48.8881,41.0465,46.8143,44.5585,44.7582,51.2755,49.1754,39.5395,44.6225,41.8607,37.9572,40.4012,42.4171,44.1899,42.7601,47.2555,43.1517,38.2132,45.3717,59.143,64.1678,60.684
38.8519,66.3722,54.5941,38.5725,49.1624,41.7063,53.2539,43.4849,50.4789,55.8781,61.0715,61.324,47.6536,53.964,54.5941,56.8641,56.8641,56.8641,54.3673,49.1624,47.4001,41.2734,37.5849,38.5348,51.7654,53.9856,58.459,53.2539,56.2526,61.781,48.305,55.8033,53.7175,63.7005,62.9517,58.7011,37.67685,35.6954,39.6583,40.7782,42.8339,53.6121,48.3354,49.0826,45.3531,42.7379,40.7782,36.4924,32.196,40.0153,43.8439,36.8013,37.1513,36.684,43.5963,47.1719,44.5345,37.0983,49.979,43.8633,50.6431,56.8255,51.6344,44.5345,42.8339,44.9978,55.8136,47.1981,53.6649,42.7601,46.6341,46.6341,32.7398,31.82,28.1698,43.1211,43.5963,46.0948,34.3027,25.032,25.4162,27.3507,24.8282,42.8339,21.3322,24.8282,24.8282,33.0982,29.449,27.0179,48.4029,53.798,51.8898,31.82,32.6098,38.5241,49.358,59.8582,52.8791,58.2606,57.1801,56.4002,49.7295,53.4905,58.0743,45.3531,40.4012,47.1981,48.6225,51.3037,58.0795,24.4856,33.574,38.2053,57.1801,51.5581,55.7711,42.8316,44.8578,44.8578,53.6121,53.6121,48.6665,56.7721,63.3261,57.1332,51.3913,59.8582,54.5788,51.6578,50.9235,58.2596,49.872,40.4776,38.0017,47.2555,39.5395,45.478,55.7711,55.7711,51.5581,46.6341,48.2776,46.6341,42.0133,44.3496,45.6915,52.6168,55.2193,52.9736,44.7574,50.5243,46.1056,52.8543,53.4529,54.9624,51.6216,48.6928,52.0701,35.8536,51.2755,44.5585,46.8143,51.2755,49.1754,49.979,48.7826,46.4256,36.8013,47.1981,46.8143,41.8607,49.979,53.8262,39.3012,43.8633,45.478,60.684,68.912,61.4058
43.7617,66.3722,58.1446,47.0802,52.3176,47.7184,53.2539,45.0108,47.7322,56.145,63.7184,56.5172,50.069,56.3193,55.9085,54.803,57.6076,56.2053,52.3176,51.3016,46.3705,46.5704,39.0446,38.5348,46.1909,54.4765,59.5431,50.4789,57.5868,61.781,57.5868,57.7758,51.0972,62.0602,61.4388,61.7845,45.30775,44.1899,46.4256,45.3658,47.2608,60.385,47.6745,46.3312,45.3531,40.7782,39.1528,37.0375,43.6795,34.3713,47.8072,34.1406,35.6133,33.7637,43.1211,47.1719,48.6665,35.3045,54.5726,51.8317,47.1981,58.7334,55.8136,47.2608,44.9978,49.6155,60.4423,51.6344,58.2395,47.2555,53.4503,53.4503,33.8897,29.9048,32.7398,45.3658,43.5963,53.9356,37.2434,27.4392,32.0592,24.8282,30.5847,45.3658,24.9831,26.1918,22.0386,39.6066,31.191,28.8938,42.8702,57.9147,50.0892,29.9048,32.6098,42.4171,55.4549,58.9486,61.5789,58.9486,60.8344,55.9288,51.2755,58.0743,62.7559,44.7582,48.9897,51.6344,53.25,56.1522,62.0879,20.3596,25.3263,39.3049,60.385,53.6121,56.4002,44.7582,46.3312,46.3312,60.2348,60.2348,56.4002,55.7711,68.1421,60.2339,54.0163,65.3719,56.4002,46.1149,51.6578,59.6924,52.8791,40.4776,33.888,44.1899,42.7601,46.6341,58.0301,55.9288,49.272,44.1899,49.1838,37.3485,37.726,39.8787,43.4853,59.4735,57.9436,54.803,44.7574,48.8262,48.1009,52.116,58.9016,60.0756,57.8869,53.692,54.4182,38.0712,51.2755,51.6344,51.2755,51.2755,51.2755,51.2519,51.0575,51.2519,38.5241,46.8143,48.9897,48.7826,44.1899,53.8262,44.1082,48.2776,47.2555,64.1678,70.3344,63.3856
39.9268,53.7528,51.681,50.6971,63.6389,50.6971,56.2526,43.5622,47.7322,51.4832,61.0715,52.6057,49.9948,62.079,60.0656,54.0342,58.4786,56.2564,44.7919,52.791,46.6941,50.4098,38.5348,49.855,48.1224,55.7711,62.6772,50.6856,54.8323,56.0604,62.7433,57.9016,52.116,62.815,66.1187,60.1846,32.4533,42.087,48.7826,51.5581,51.5581,58.3373,46.3312,49.7295,51.6344,40.4776,37.8956,38.6332,49.6973,39.9268,46.017,33.7637,34.7609,30.6012,47.1719,56.4002,52.0563,41.0606,46.6341,41.8607,47.1981,59.5509,55.8136,49.272,49.272,47.0828,65.1771,60.4423,65.486,47.2555,53.4503,53.4503,29.4798,31.1482,33.8897,49.6155,49.6155,55.7711,39.9976,37.2434,36.699,26.1918,34.4687,58.3373,28.8741,26.1918,26.1918,41.5819,35.1482,30.9288,50.3267,57.9147,58.4873,30.0452,35.8536,44.7582,55.534,67.4369,63.4181,58.0301,65.3719,64.7963,55.8136,62.9137,70.3344,51.6344,55.8136,52.347,60.0583,64.7366,57.5197,21.729,24.533,39.429,67.4369,55.9288,60.8344,51.2755,49.1754,49.1754,64.9404,64.9404,60.385,52.693,77.189,68.1421,58.9486,69.6107,62.8329,50.5005,49.3236,62.958,51.5581,43.5963,37.0375,48.7826,44.6225,42.087,60.8344,60.385,53.6121,46.4256,53.4503,44.1899,38.5351,41.3371,42.9014,63.6122,66.1859,57.8765,42.0215,52.2876,52.2876,53.2539,68.8168,62.9228,63.271,57.8869,58.0949,42.8316,49.7295,49.7295,51.2755,51.2755,53.4905,53.4503,48.7826,51.2519,40.4012,48.9897,51.2755,49.1838,48.7826,51.0575,51.1757,49.1838,49.1838,66.1015,75.04,67.7037
28.3624,36.6229,39.9268,59.5798,67.9661,60.2313,49.4358,45.0108,46.129,51.9904,63.5703,55.0724,54.5941,68.5265,66.3722,53.964,54.0342,53.9991,32.3333,56.0264,50.6971,56.0604,42.3118,53.7836,52.717,54.1496,61.5255,48.8022,58.2778,59.0879,53.2539,64.6437,50.7544,58.9144,66.1187,60.9528,33.973,53.8262,53.4503,53.9356,49.6155,41.1763,50.6431,54.1858,51.2755,37.8956,44.9978,41.1763,49.6973,47.6536,51.8257,31.1482,28.9043,30.6012,52.8791,57.1801,49.6155,30.7195,39.6583,33.1517,35.8536,58.7334,55.8136,53.6121,51.3913,51.5581,75.3303,70.036,67.7037,46.6341,60.582,58.2079,35.2502,28.4657,27.5693,51.5581,53.6121,55.9288,28.1415,32.6708,37.2434,26.1918,36.602,57.1801,26.0436,28.3288,28.3288,52.5902,39.3939,37.3227,45.6593,49.4518,60.9528,34.2655,40.4012,46.8143,61.5789,69.6107,69.6107,62.5391,60.385,69.4714,60.4423,72.6287,72.6287,55.8136,65.1771,49.7295,63.1105,56.6262,42.482,24.5803,25.3263,26.1862,62.5391,60.8344,58.9486,65.1771,51.2755,51.2755,74.2789,74.2789,67.154,57.4031,85.8433,75.0844,60.385,74.2789,69.4714,53.411,53.411,68.086,51.5581,48.6665,35.3806,49.1838,48.7826,53.4503,63.4181,62.5391,53.6121,51.0575,53.4503,48.7826,38.5351,44.5636,48.2879,61.1097,74.8758,55.2193,47.1968,54.4217,52.2876,57.3342,70.6892,70.3504,69.8734,65.4555,61.2116,42.8316,49.7295,54.1858,42.8316,48.9897,46.8143,53.8262,51.0575,48.7826,36.0926,46.8143,51.2755,51.8317,46.6341,53.4503,48.2132,49.1838,48.7826,70.3344,62.9137,65.1771
32.196,41.7522,39.9268,63.429,67.9661,58.0975,50.2023,45.0108,52.116,45.3883,60.869,56.0917,55.9085,77.6846,70.7698,59.4735,59.143,59.30825,28.3327,53.9035,48.6638,51.8457,47.9476,53.9154,48.1224,56.0917,62.378,50.2023,50.2023,56.2526,54.9624,60.5657,54.506,56.1016,69.7944,60.3947,35.6954,53.8262,53.4503,49.6155,35.3806,28.8741,56.8255,58.2395,51.2755,41.963,42.8339,41.963,46.017,46.017,44.334,32.7398,29.9048,27.7206,47.7916,47.7916,43.5963,33.973,37.3485,33.1517,33.7637,42.4171,46.8143,53.6121,55.9288,51.5581,55.0466,67.5519,60.4423,51.2519,68.0606,65.6739,34.2655,30.0452,29.4798,58.3373,60.2348,52.0563,28.1415,23.6417,39.2273,28.3288,40.7782,35.2677,28.3288,32.4569,24.8282,57.0602,52.5902,41.5819,36.5857,37.3945,47.7488,38.0712,42.4171,51.6344,74.4144,71.8917,67.154,49.272,49.272,67.154,67.7037,78.1424,70.036,62.7559,70.036,49.7295,52.4577,49.0942,35.8536,26.7161,26.8471,21.729,56.85675,60.8344,52.8791,60.4423,55.8136,55.8136,65.3719,65.3719,71.8917,63.4108,73.5121,74.1425,69.6107,76.7725,77.0405,58.1633,61.2913,70.1014,58.0301,47.7916,38.8417,57.4031,55.7711,55.954,58.9486,52.0563,56.4002,51.2519,58.5634,48.7826,43.4853,46.3165,48.1539,48.2659,67.1146,47.5767,45.4061,49.4886,57.6447,66.1077,57.9016,66.1077,72.2662,68.8212,62.5613,39.5271,36.8013,52.347,31.82,38.5241,36.0926,37.3485,40.1302,40.1302,38.5241,53.6649,51.2755,55.954,46.6341,55.954,42.4246,51.2519,48.7826,65.1771,56.8143,53.4905
41.3236,45.0614,38.2132,59.5798,65.4599,37.2731,46.7899,42.7842,47.5881,50.1702,61.0715,56.145,60.0656,75.2875,79.9444,65.3131,59.4735,62.3933,57.5982,30.624,33.0293,32.7792,46.129,49.9941,48.1224,53.9309,58.459,50.7544,54.506,54.8323,58.9016,60.5657,51.0972,64.4445,71.4067,60.3947,35.1733,46.4256,44.1899,33.888,32.94,26.1918,56.1522,53.6649,58.0743,41.1763,47.2608,43.5963,37.8441,46.017,28.3624,33.8897,31.1482,34.1406,37.0375,34.6987,32.94,41.5193,42.4246,39.5395,41.4722,29.4798,32.6098,51.5581,45.3658,32.94,44.8578,56.8255,49.7295,55.7711,65.5077,68.0606,36.0926,28.4657,33.7637,64.9404,60.2348,53.9356,25.032,25.032,35.4479,40.4776,36.4924,31.4708,24.1991,37.8956,28.8741,46.264,48.0174,43.6795,32.9587,34.0606,37.3945,42.4171,46.8143,47.1981,62.8329,67.154,65.3719,43.0255,38.8417,53.6121,80.4992,82.9812,75.3303,60.4423,62.9137,47.1981,40.7585,35.9882,39.0353,33.1448,27.7054,22.3061,41.1763,52.0563,43.1211,54.1858,51.2755,51.2755,58.9486,58.9486,67.4369,58.5634,53.8262,74.1425,74.4144,76.7725,74.4144,59.9764,55.1252,72.2633,45.22415,49.272,41.1763,63.3261,55.954,58.2079,58.9486,44.5345,56.4002,53.8262,66.1712,49.1838,40.8812,48.2879,53.8763,39.9268,48.2659,42.7665,52.9184,53.544,63.1698,57.7758,44.1003,53.9154,50.621,54.7248,46.544,35.6133,33.8897,32.7398,33.7637,31.82,34.2655,30.7195,32.8739,28.7354,35.8536,42.8316,49.1754,55.954,51.2519,58.2079,51.0606,55.7711,55.954,48.9897,36.0926,42.4171
59.143,50.069,50.069,41.4941,43.5106,29.018,45.9811,48.2337,44.1767,48.5371,60.9197,56.7292,68.6486,78.0334,71.0104,62.8482,56.3193,59.58375,60.3936,32.5085,30.624,25.3189,49.855,32.7792,52.6613,56.7292,58.407,50.7544,49.6457,52.8543,55.8033,57.3342,54.9624,61.7845,62.404,60.3947,32.8739,33.1517,33.1517,32.94,26.486,26.0436,51.2755,40.4012,53.6649,40.7782,53.9356,48.6665,33.9664,36.6229,28.3624,31.1482,35.2502,31.1482,36.4924,33.417,33.417,60.0594,51.2519,51.1548,56.4895,37.1513,32.6098,34.6987,30.5847,28.8741,42.104,42.104,42.104,60.582,63.0718,68.0606,38.0712,32.6098,31.5528,69.4714,58.3373,52.0563,29.4998,29.4998,23.6417,32.5783,27.3507,28.3288,28.3288,36.4924,30.5847,33.67435,35.3826,31.9661,45.489,38.385,42.6013,42.4171,36.0926,39.4167,55.7711,55.7711,53.6121,44.9978,36.602,42.8339,81.0679,72.6287,67.7037,45.3531,49.0826,54.1858,37.7643,34.2732,49.9247,42.7511,35.82,25.6462,43.5963,47.7916,35.2677,36.0926,38.5241,38.5241,40.7782,40.7782,53.9356,46.6341,42.7601,61.2747,64.7963,58.0301,62.5391,49.3236,55.1252,55.8206,60.2348,51.5581,47.2608,77.189,61.2747,66.1712,41.963,35.3806,56.4002,49.1838,66.9959,46.4256,44.5636,46.3165,55.8919,36.0473,36.0473,35.1686,54.113,56.9997,63.5435,39.5792,40.6236,38.5348,36.5613,44.5259,39.7723,29.9048,29.9048,35.6133,40.7249,31.1482,31.5528,28.7354,28.7354,28.419,27.5693,34.2655,36.8013,64.0858,58.5634,63.4108,38.3354,51.0575,45.7711,38.5241,34.2655,34.2655
70.4685,57.8765,56.251,37.9657,30.624,29.5939,43.5622,46.129,43.4849,49.4169,58.7182,57.8338,82.3033,61.1097,55.4267,66.6201,62.336,64.47805,66.2835,39.7626,51.1811,35.712,40.6236,23.3823,48.3004,54.6395,63.3229,53.4529,57.3342,51.0972,57.7758,58.2778,51.0972,63.4968,51.8898,60.1144,30.7195,32.8739,26.2774,31.3456,35.3806,43.5963,34.2655,30.0452,42.8316,47.0828,56.4002,48.6665,28.1222,28.1222,30.4464,35.2502,32.6098,31.82,44.1611,50.9726,47.5267,65.0912,64.8406,63.4108,63.6208,46.3312,38.5241,28.3288,28.3288,24.9831,36.8013,38.5241,36.0926,55.7711,51.2519,56.5002,42.8316,31.82,27.2645,64.9404,55.9288,39.1528,39.8701,45.0838,25.4162,27.3507,26.486,36.2724,24.1991,24.8282,28.8741,24.6909,24.6909,24.6909,61.7845,52.5057,56.1016,33.7637,27.5693,30.0452,47.0828,44.9978,43.0255,45.3658,40.4776,40.7782,78.1424,60.7644,56.8255,40.1841,42.4171,40.4012,44.2639,37.0495,53.9366,50.5469,39.429,30.9962,40.7782,39.4618,33.888,38.0712,34.2655,34.2655,41.963,41.963,38.6332,39.6583,40.1302,42.087,43.0255,41.1763,43.0255,36.699,41.8716,41.3787,60.2348,43.0255,43.0255,80.3527,64.0858,70.0057,37.8956,33.888,50.2974,55.954,59.2703,42.087,50.0704,53.8763,59.7875,35.1686,32.7255,33.8646,51.4915,49.0477,60.517,36.4831,34.6026,38.3636,43.3397,51.9396,45.5848,35.2502,31.82,32.7398,56.8255,49.0826,52.95405,36.7203,31.8367,26.9531,27.5693,28.4657,34.2655,70.7288,58.5634,61.2747,38.3354,35.6954,43.4503,38.5241,40.1841,33.7637
52.6168,57.9436,70.0457,30.624,34.4668,29.4986,49.6457,47.9476,43.4849,50.4003,56.9934,57.8338,73.1017,46.6457,40.4553,72.9828,62.336,67.6594,61.8954,61.7355,64.1098,48.5186,29.4839,26.7738,50.4577,66.2579,62.5277,54.9624,50.4098,49.5758,53.9154,48.2337,52.116,64.7812,41.9684,62.2666,41.8607,41.5193,30.1216,41.5712,47.1719,48.6665,32.6098,25.8519,35.2502,51.5581,52.0563,50.2974,31.0027,28.3624,42.3463,38.0712,30.0452,28.9043,68.8431,59.6316,62.5391,58.652,74.7709,76.3339,57.743,64.1678,40.1841,39.1528,35.3806,45.6402,42.8316,42.104,42.104,48.7826,37.5973,45.478,48.9897,33.7637,29.4798,44.9978,39.4618,37.8956,41.8716,56.5104,25.4162,27.3507,26.486,47.4382,24.1991,22.0386,24.8282,23.8684,26.5677,27.8981,71.5991,64.4445,66.1187,27.5693,31.1482,30.0452,44.5345,43.5963,44.6275,52.3041,59.8582,37.8956,51.9024,45.3531,46.3312,44.7582,47.6745,36.8013,52.7062,45.1616,62.8003,49.8557,47.8709,36.088,37.8225,41.1763,34.4687,33.7637,36.0926,36.0926,50.5514,50.5514,41.8653,50.3731,47.2555,56.7721,41.963,44.9978,47.1719,37.2434,38.3123,42.8435,49.272,38.8417,38.8417,73.1171,54.5726,54.1069,34.4687,30.5847,31.3456,46.6341,54.5726,35.1733,55.8919,55.8919,53.8763,41.7522,38.5793,36.3361,40.2439,48.8816,50.9558,44.1003,40.2955,31.0678,60.2683,65.8909,60.1497,39.4167,34.2655,32.6098,68.3091,58.4868,54.445,54.8508,52.693,41.5193,33.8897,31.1482,32.6098,54.5726,47.2555,64.0858,30.7195,22.6199,32.7601,42.8316,37.9572,40.7249
50.069,52.6168,74.0498,34.1334,31.7132,42.0582,48.8022,51.8457,41.0307,50.4577,57.572,65.0924,61.1097,43.8439,37.8441,75.2875,68.5265,71.907,60.2313,63.1661,69.3781,62.9228,30.338,43.4849,51.7654,69.5066,64.0634,58.2778,56.5722,55.8677,54.3096,37.5849,48.2337,71.2783,41.9684,55.8079,49.6819,54.5726,41.8607,49.872,44.5345,41.8653,31.5528,27.5693,27.5693,53.9356,40.4776,52.8791,43.1003,31.7667,54.5941,32.6098,32.6098,29.9048,74.4144,79.7718,74.4144,58.9175,72.8797,68.0606,51.3654,67.0194,45.3531,51.3913,52.8791,56.791,45.3531,47.4844,49.9132,40.1302,35.1733,35.1733,49.1754,38.0712,33.7637,37.0375,34.6987,34.6987,53.411,59.9764,38.7067,30.3272,37.0375,61.5789,27.7738,24.8282,22.3838,35.9626,35.9626,30.1298,70.0534,77.4089,58.7011,34.1406,34.7609,35.6133,49.358,45.8225,56.4785,66.3016,64.5797,47.4382,47.1981,49.1754,46.8143,58.7334,62.7559,44.4584,60.694,56.1997,51.5561,48.1884,50.3939,42.5479,45.1748,49.872,40.4776,32.6098,37.9572,37.9572,66.8704,66.8704,56.4785,57.8511,68.6305,63.4108,50.2974,51.5581,53.3686,49.9681,41.0058,41.0058,38.6332,36.602,36.602,63.3261,43.8633,41.0606,40.4776,37.8956,28.3288,40.1302,46.6341,35.6954,52.4406,44.9892,50.8478,44.52443333,50.069,43.8439,39.1321,39.4618,49.4886,42.1534,42.4698,38.6201,54.2916,50.1058,55.4238,42.9347,36.0926,31.82,69.7371,66.6377,68.2336,66.6667,70.0057,63.4108,36.8013,40.7249,52.347,37.5973,41.0606,49.2703,30.7195,31.307,31.307,50.5523,46.3312,49.1754
49.3236,50.291,69.6219,49.9034,32.7698,47.7184,48.8022,47.9476,39.8822,48.3004,55.0724,65.0924,46.017,48.494,41.3236,87.2137,72.9828,80.09825,56.7597,59.4162,57.152,60.5657,46.129,54.506,56.145,61.324,71.2451,52.6536,57.9016,54.9624,52.6536,38.5348,36.5248,60.3947,41.2355,45.9985,64.0858,66.1712,62.1342,55.534,36.4924,39.1528,34.7609,37.7285,27.2645,52.0563,31.4708,52.8791,54.5941,45.0614,58.6784,34.2655,31.82,32.7398,75.4955,68.8431,75.4955,52.693,72.2451,58.9175,47.4844,62.1227,41.4722,57.1801,54.0163,48.5795,55.5587,59.4694,59.0612,31.307,38.3354,35.1733,42.8316,44.5585,35.8536,32.94,36.4924,39.8707,56.5104,56.5104,47.3514,34.2375,51.5581,56.4002,41.2753,32.3351,30.5847,47.3772,46.7303,49.5462,61.7845,75.8458,54.995,50.5523,46.8143,36.8013,69.6107,56.4785,67.154,69.4714,69.4714,56.4785,47.9586,52.347,51.9024,67.0194,68.3091,53.0527,61.1908,60.0583,43.4091,44.0394,39.1494,48.923,42.688,44.6275,41.5712,37.7285,39.7471,39.7471,67.0831,67.0831,62.5391,81.3492,73.4332,68.0606,63.9277,66.0876,68.3525,54.6742,55.0253,54.3231,30.3272,37.0375,34.4687,40.1302,33.9731,33.973,53.3686,41.2753,34.6987,38.3354,39.6583,28.7354,47.1399,33.8825,35.0304,67.6688,65.1253,59.7371,38.9332,32.8776,41.2674,39.0446,40.8683,45.0108,45.3374,43.9148,44.9018,56.2367,41.4722,40.1841,68.3091,68.3091,69.9614,79.6611,78.2733,76.3339,50.5523,62.1227,61.6453,30.7195,38.3354,42.7601,28.7354,28.7354,30.7195,70.7066,66.6377,73.5822
47.8072,45.7796,63.6122,52.791,42.0582,63.6389,52.116,50.4098,41.2734,49.6496,54.1496,70.9644,43.8439,58.6784,58.1446,84.7633,70.7698,77.76655,54.4251,56.7597,54.4251,54.9624,53.4529,52.116,50.4577,63.1742,67.0773,44.4054,53.9154,56.5722,43.5622,36.8811,36.8811,50.0892,41.5116,40.398,57.4031,64.0858,64.0858,41.8653,35.2677,35.2677,53.0527,50.5523,32.7398,37.8956,31.4708,43.1211,56.9997,52.2583,55.2193,34.2655,34.2655,32.7398,62.6127,63.9277,68.8431,55.3122,69.6025,66.8314,46.3312,60.7644,44.4584,59.8582,47.1719,47.4382,60.7644,63.3071,59.0612,35.1733,38.6999,36.7203,36.0926,42.4171,30.0452,38.6332,41.2753,48.5795,49.3236,49.3236,54.1213,38.2132,58.3373,52.6332,48.5795,49.872,39.1528,57.5425,51.3016,55.1037,59.8334,62.9517,51.1907,59.143,62.3606,54.7893,76.0341,69.4714,70.5131,73.7359,68.5629,60.7596,55.8136,55.5587,56.2367,69.7371,71.3003,62.1227,51.3037,54.8108,39.2229,37.4031,35.82,49.83,49.5044,53.3686,45.6402,46.3312,49.453,49.453,66.8704,66.8704,67.0831,73.4332,80.5829,77.00805,66.0876,66.0876,66.0876,75.4168,75.4168,61.2913,37.0375,38.0017,34.6987,35.3045,33.973,33.973,65.3719,57.1801,61.276,35.6954,30.7195,33.1517,32.7916,27.0832,28.4767,69.0752,75.933,72.0292,38.9332,32.8776,37.0332,41.5952,56.2526,57.5868,42.1269,45.9949,43.4894,58.4868,52.2583,55.8136,62.677,63.8556,65.1771,77.8866,74.5355,80.3527,59.5509,64.1678,66.6377,40.1302,41.0606,37.5973,32.4533,31.161,33.973,78.2141,79.5729,79.5729
43.8439,42.3463,59.4735,48.6012,55.572,61.4685,55.8033,48.2337,42.7842,50.6297,54.1496,70.9644,52.9024,69.3184,60.4584,64.3081,79.9444,72.12625,52.0798,59.4162,55.7427,51.0972,55.8677,47.0814,51.0861,52.2707,67.0773,34.7897,51.8457,58.2778,39.0446,42.4698,36.8811,42.8702,50.3267,37.3945,48.2776,57.4031,54.1069,34.2375,33.417,34.2375,68.2336,65.2544,49.1754,34.2375,30.5847,31.4708,50.069,58.6784,50.291,38.0712,36.0926,35.2502,54.2579,58.3373,61.0583,45.0518,51.5424,52.024,46.0395,57.5769,44.4584,54.0163,43.1211,49.358,64.0118,58.8155,55.8136,40.1302,55.954,45.0518,30.0452,40.4012,27.5693,45.6402,50.9726,58.2606,46.1149,41.8716,59.9764,56.1648,59.6316,43.5963,58.9486,56.4002,41.1763,53.6893,55.679,50.8669,54.9207,54.0238,49.6117,49.3606,59.5509,55.0466,75.1583,71.6856,76.0341,71.0659,64.5797,70.5131,62.7559,69.1375,64.0118,64.8675,67.0194,71.8181,43.4091,47.3474,35.9882,32.7106,29.7118,50.5979,60.1596,53.2058,59.8582,56.8255,65.1771,65.1771,61.2817,61.2817,71.3416,63.4108,66.8314,61.0155,61.0583,59.8582,59.6316,68.086,77.0181,69.2284,37.0375,41.2753,37.0375,35.6954,35.1733,31.307,66.3016,58.9486,53.6121,37.3485,40.1302,35.3045,32.7916,23.5798,28.0547,80.1753,76.1673,80.1753,47.0258,36.9638,40.2439,56.2526,72.2054,68.8168,38.68,43.2325,41.731,65.1771,57.5769,67.3239,57.5769,58.4868,62.677,69.6025,63.4108,66.4192,54.1858,62.3606,68.3091,55.3122,55.3122,45.6954,44.7302,44.7302,41.5193,78.2141,77.7119,81.7067
45.0614,46.6457,49.0232,41.7063,61.7355,58.6492,55.8033,51.8457,41.2734,50.6297,49.2419,61.9275,62.6564,64.6231,65.6255,42.7665,72.9828,57.87465,54.4828,59.143,54.4251,45.907,48.305,42.4698,53.1606,45.2015,63.2734,31.0678,36.5248,64.1715,36.5248,53.2539,38.6201,39.6412,67.1788,38.969,45.3717,48.2776,49.6819,36.2724,32.4569,33.417,74.822,68.912,62.1227,32.5783,41.8653,29.9372,48.7969,63.6122,49.3236,38.0712,36.0926,35.2502,58.3373,52.3041,56.791,44.7302,47.9727,54.5726,45.9419,57.5769,40.7249,52.6332,43.5963,44.9978,58.8155,49.1754,46.8143,51.2519,63.4108,61.6193,36.684,29.4798,33.7637,52.8791,63.9277,62.5391,33.4213,33.4213,52.591,64.2904,55.4549,32.8198,58.2606,55.9288,40.4776,44.4576,43.9726,39.9239,54.249,49.6117,45.7443,53.4905,56.2367,56.4895,66.3016,64.5797,63.0527,62.8329,63.4181,72.7136,70.2599,68.3091,69.1375,56.8255,61.6453,69.9614,45.6053,44.8826,36.984,27.2364,28.786,40.6821,54.5788,65.4436,63.4181,62.1227,72.996,72.996,55.2963,55.2963,69.4714,57.9404,62.6466,56.7721,58.3373,58.3373,53.2058,59.6924,69.2284,67.0233,51.5581,44.1611,48.5795,37.5973,34.1082,41.1757,71.823,64.9404,61.2817,41.0606,45.0518,38.3354,30.0107,30.0107,31.5722,76.1673,71.0104,83.6206,56.6005,40.3085,43.4371,69.6707,76.1895,70.1242,39.7493,40.885,41.8192,58.4868,60.7644,64.8675,57.5769,56.8255,60.7644,63.4108,57.7617,55.7711,55.0466,57.743,62.677,66.4192,68.0606,61.2519,58.9175,58.9175,48.7826,82.1319,81.7067,76.9927
43.1003,44.0895,48.7969,39.6891,65.2532,49.9034,53.9154,45.9811,45.0108,50.6297,47.0434,48.3004,74.0498,61.0447,67.3612,39.7493,56.3193,48.0343,53.4955,57.9868,56.7597,44.6332,49.6457,40.8683,45.5745,41.7271,52.2707,29.4839,34.6026,66.4565,41.2734,57.5868,45.6098,41.2355,72.9402,48.6464,40.1302,45.3717,47.2555,38.2132,32.4569,32.8198,77.9272,68.2336,65.2544,38.6332,50.2974,27.3507,46.6457,54.0342,47.8072,42.4171,36.0926,39.4167,55.2963,50.9726,56.1648,41.5193,44.7302,41.5193,43.7526,53.0527,40.1841,48.5795,44.9978,44.5345,49.1754,46.8143,46.4281,66.6667,71.289,68.793,34.1406,39.5271,28.4657,58.3373,67.0831,57.1801,29.9947,29.9947,42.9637,62.5391,42.0605,29.5426,47.1719,46.0948,37.8956,39.3939,44.4576,33.0982,51.2687,49.0504,45.489,44.4584,50.5523,51.3654,66.0876,63.4181,66.0876,56.713,59.6316,70.4439,72.4816,68.158,70.2599,52.347,57.5769,65.1771,36.5222,43.0633,37.5705,26.7598,27.7054,36.3211,61.17,61.2817,61.0583,66.1015,76.1268,76.1268,50.5514,50.5514,61.4304,51.2519,54.5726,52.693,52.3041,53.2058,54.5788,62.958,61.9425,63.0499,57.1801,55.2963,55.4549,41.0606,55.954,52.693,62.8329,67.4369,66.8704,48.2776,60.0594,47.9727,42.6808,39.4875,43.4853,66.3101,68.6486,77.1604,62.6538,51.4915,49.2134,72.2054,68.531,66.5146,34.9517,37.0031,41.9293,58.4868,62.677,64.8675,53.0527,52.6124,56.8255,56.7721,49.4831,54.5726,50.6431,47.6745,65.8711,70.0057,68.1421,68.793,60.3211,65.0912,62.70615,74.1665,79.4302,70.7066
42.5148,43.7617,47.6536,37.2731,53.4955,43.9861,47.9476,42.2327,46.129,50.4003,53.1606,42.5843,65.6255,52.5452,58.0776,42.7665,42.7665,42.7665,50.1486,56.928,55.572,41.5952,43.4849,35.712,39.8989,40.1741,47.1038,36.5248,29.4839,61.8414,46.7899,69.3297,54.2441,46.8383,79.458,58.4159,39.3012,43.2041,44.1899,29.5426,32.8198,32.3351,68.3091,65.1771,69.9614,44.9978,62.2446,32.4569,44.4965,54.803,44.0895,40.1841,31.82,32.6098,53.6121,50.2974,56.1648,42.4246,41.5193,41.8607,41.4722,52.347,43.2429,49.358,41.5712,44.1611,46.3312,45.3531,40.7249,68.1421,71.289,71.2091,48.3354,33.7637,36.8013,60.8344,61.2817,51.5581,30.1581,30.6433,31.437,54.5788,35.2677,29.5426,38.0017,41.963,39.1528,33.0982,33.468,33.0982,49.0504,48.4029,45.489,40.7249,48.3354,48.3354,50.5514,59.556,62.7595,65.3719,55.2963,59.8582,66.1015,65.7172,67.3239,49.1754,52.6124,60.7644,38.2132,38.277,40.0276,29.7515,32.455,27.7054,50.2974,59.1768,58.2606,74.822,70.2599,70.2599,47.1719,47.1719,59.6316,52.024,52.024,52.024,50.5514,54.0163,53.6121,63.7821,58.1633,56.5104,58.3373,51.3913,57.1801,45.0518,58.9175,62.1342,59.8582,62.6127,68.3525,62.6466,72.8797,48.2776,58.9164,56.2531,58.9164,61.6277,62.079,71.7302,57.6447,56.4002,59.6982,62.2632,56.5722,59.0879,34.7459,40.7726,39.008,61.6453,60.7644,60.7644,55.8136,49.0826,52.6124,48.7826,48.7826,45.584,51.9024,45.3531,58.4868,61.7053,64.8406,68.1421,69.6025,70.0057,71.3689,65.7172,73.509,70.7066
43.7617,46.8798,45.7796,39.5417,48.6638,41.2809,42.3118,39.0446,48.2337,54.2042,48.3004,40.7198,61.3042,52.3301,55.7711,44.4965,36.6229,40.5597,51.8413,55.1152,52.0798,43.4849,44.1767,34.6026,38.1416,39.8989,43.6205,42.5485,36.5248,57.9016,56.5722,63.4596,67.6129,51.5799,73.3216,71.4067,32.4533,43.2041,48.7826,29.9372,27.7738,29.5426,63.8556,55.3883,65.1771,56.713,62.5391,36.2724,44.4965,47.2679,41.0647,27.2645,23.3218,30.0452,50.5514,44.5345,50.9726,38.2132,41.1757,41.8607,45.3531,49.0826,42.9347,48.5795,38.3186,47.2608,44.4584,42.104,43.5493,64.8406,65.4245,65.5077,55.0466,43.7526,48.3354,55.4549,57.1801,44.9978,,,,43.0255,29.9372,26.0436,36.2724,39.1528,31.4708,33.0982,33.0982,27.6076,45.7443,39.7364,40.4917,36.8013,46.8143,49.453,52.3041,56.713,59.8582,57.1801,49.358,59.8582,58.8155,62.0432,62.7559,47.4844,49.0826,55.3883,38.2132,38.4677,42.189,30.3407,31.7144,23.1211,50.2974,57.6447,51.3913,72.996,59.4694,61.6453,47.5267,47.5267,53.2872,49.4831,55.954,51.2519,53.2872,50.2974,53.3686,57.7771,52.591,59.3124,55.2963,51.3913,58.9486,58.9175,68.0606,63.4108,54.5788,60.1596,63.199,72.8797,70.0057,66.6667,57.69165,53.8763,61.507,55.2193,58.3451,62.079,56.8502,61.2817,58.8236,55.9962,56.2526,60.3822,36.1398,39.0314,40.6825,56.8255,57.5769,58.8155,49.1754,49.0826,49.0826,48.2776,44.6225,45.0518,50.5523,43.2429,60.0381,61.7053,60.2339,63.4108,63.4108,68.0606,65.4245,65.4089,72.6287,69.0188
54.0342,44.0895,42.3463,39.4679,44.5246,36.9617,33.9409,30.338,48.2337,45.2015,54.6395,39.8989,55.2193,53.3996,54.30945,53.3996,43.8439,48.62175,51.1811,56.3092,50.1486,37.2344,41.5952,36.9697,38.7112,43.6205,41.5939,50.6856,45.0108,44.1003,59.0879,71.5893,71.5893,67.1788,67.1788,74.3982,31.8847,41.8607,41.8607,31.4708,32.5783,32.8198,57.5769,53.6649,58.4868,60.1596,60.1596,50.5514,38.305,46.6457,41.3236,25.8519,27.1109,25.8519,47.1719,42.0605,47.5267,,,,50.5523,46.3312,39.7471,44.5345,44.1611,44.9978,46.4281,46.3312,46.3312,63.4108,59.2703,54.8508,58.2395,46.4281,51.9024,51.3913,51.5581,51.4747,,,,43.1211,24.9831,29.9372,32.8198,36.2724,34.2375,28.3288,31.191,28.3288,44.7161,41.1431,41.1431,33.6372,46.3312,43.7526,52.3041,57.6447,63.0527,55.81305,51.3913,60.2348,55.8136,56.2367,59.0612,40.7249,46.3312,56.8255,39.2229,37.5705,44.2639,,,,47.5267,50.2974,50.2974,59.143,52.2583,56.2367,45.6402,45.6402,50.9726,,,,54.5788,47.5267,50.5514,61.2913,52.591,54.3231,50.9726,46.4559,54.5788,65.0912,71.3689,66.6667,53.2058,54.5788,61.4304,74.5355,59.2703,71.3689,60.0156,62.5254,57.5058,55.2193,58.1446,64.1187,53.9582,57.9901,65.7159,50.4789,51.5065,56.5722,40.3432,38.0883,40.885,55.8136,54.445,55.5587,49.0826,49.1754,49.1754,44.7302,38.2132,41.8607,45.3531,42.9347,56.2367,55.7711,57.7617,54.5726,58.9175,57.7617,67.7338,62.7559,68.912,62.3606
42.21195,43.1003,41.3236,41.0325,44.7919,37.2731,33.1705,28.0458,44.1003,48.3004,56.1982,41.5272,52.9024,54.0342,53.4683,59.4735,45.0614,52.26745,50.2097,55.7995,55.1152,36.8811,40.2955,36.9697,40.7198,43.6205,48.1224,66.5146,57.0175,34.7897,65.5241,63.7568,67.4977,72.9402,63.4968,68.819,35.1733,38.2132,44.6225,31.3456,29.9372,30.5847,56.2367,52.6124,53.6649,56.1648,49.358,61.2817,38.305,38.305,41.7522,31.1482,30.7388,29.9048,44.5345,44.5345,44.5345,,,,50.6431,49.453,36.8013,47.2608,44.2547,43.5963,40.7249,47.9586,47.9586,56.7721,54.5726,51.1548,58.7334,49.7295,49.0826,43.5963,44.9978,44.29705,,,,35.2677,26.0436,30.65565,29.5426,30.5847,32.8198,,,,42.9596,38.385,41.9684,28.1698,42.9347,39.8568,55.4549,56.1648,54.0163,,,,54.445,54.445,55.5587,41.0465,46.3312,55.8136,39.7814,40.4553,40.11835,,,,47.5267,47.9675,45.6402,52.347,53.0527,49.0826,,,,,,,49.358,49.358,50.9726,56.9997,50.9235,54.3231,50.2125,46.4559,52.8791,63.3261,62.6466,56.7721,54.0163,53.6121,53.8142,65.4245,58.2079,68.0606,60.0185,49.35,50.3305,52.9024,55.4267,58.1446,51.4915,54.0099,59.359,49.4358,51.0972,50.2665,37.6093,39.0314,40.0471,49.0826,53.0527,52.2583,46.0395,46.3312,52.6124,41.405,41.5193,44.6225,47.4844,46.0395,59.0612,50.3731,52.693,55.3122,62.1342,60.0594,55.3122,64.0118,65.486,59.4694
,,,,,,35.3456,27.3587,38.5348,44.8888,50.4003,52.6057,51.245,55.7024,53.4737,68.6486,58.0776,63.3631,47.0802,60.7172,50.1486,36.9697,37.2344,34.6026,48.5961,47.1038,48.5961,78.5355,57.0175,29.0484,65.5241,65.5241,60.3822,77.0971,60.3947,68.7459,33.1517,38.6999,38.2132,30.5847,32.94,27.7738,52.347,49.0826,52.6124,55.2963,47.5267,58.3373,36.3361,33.66,39.6604,33.7637,42.104,36.8013,,,,,,,45.1497,50.5523,39.7471,47.1719,38.6332,37.8956,,,,51.5424,51.2519,54.8508,55.0466,59.5509,40.7249,42.0605,44.1611,43.1108,,,,,,,26.6319,27.0653,35.7173,,,,47.9949,37.694,40.398,31.82,39.7471,36.8013,55.21135,54.2579,56.1648,,,,49.3606,54.7893,50.5523,37.9572,44.4584,46.0395,,,,,,,44.6275,48.5795,44.9978,49.9132,45.3531,47.63315,,,,,,,,,,56.9021,53.5128,53.411,47.1719,48.5795,51.3078,63.4108,52.693,52.024,,,,57.7617,54.4797,56.1207,52.8177,45.2008,45.9701,53.3996,58.3451,58.1446,49.2134,53.336,54.7292,,,,39.1246,41.421,41.6647,49.1754,52.6124,42.8316,46.3312,43.7526,50.5523,45.584,37.0983,44.7302,46.8143,43.7526,55.5587,49.4831,55.3122,54.8508,53.5444,59.2703,57.9404,61.6453,62.7559,61.6453
,,,,,,39.0446,31.0678,34.7897,43.6205,39.8989,66.4029,,,,71.5505,67.6688,69.60965,44.5246,54.9432,48.6638,37.6721,39.5489,37.2344,70.0725,58.3031,64.3092,77.065,68.8168,31.6813,61.0536,61.0536,63.8754,74.0821,58.4159,66.249,34.1082,35.5655,35.1733,36.602,34.6987,31.3456,52.2583,49.1754,45.9419,47.5267,47.2608,57.1801,37.0023,36.3361,40.0153,38.5241,54.1858,44.8578,,,,,,,,,,44.2547,39.8707,42.0627,,,,47.9727,48.7826,52.024,50.6431,44.8578,42.4171,41.2753,44.5345,42.9049,,,,,,,23.717,29.41,32.4569,,,,45.9985,40.398,41.9684,39.9656,39.7471,40.1841,,,,,,,49.0826,53.4031,51.3654,,,,,,,,,,47.4382,45.6402,41.2753,,,,,,,,,,,,,,,,47.5267,44.9978,51.3078,53.5444,54.8508,44.7302,,,,55.3122,51.5424,53.4273,51.8712,46.661,44.5636,55.67796667,53.3996,61.3042,47.0828,52.7612,49.0477,,,,38.1121,40.1384,42.996,46.0395,49.1754,42.9347,43.7526,42.4171,48.3354,43.2041,37.0983,42.4246,43.7526,41.4722,52.347,45.0518,47.8708,51.2519,55.954,58.652,54.5726,63.8556,59.4694,61.6625
,,,,,,42.9407,34.0361,30.338,41.7271,40.1741,72.7342,,,,72.0292,66.3101,69.16965,44.5916,52.2583,50.6364,38.2777,39.6325,35.0686,73.6126,70.9644,66.8368,83.3882,73.0421,43.4849,59.8296,59.0879,59.3976,67.1788,62.0602,64.6195,39.7157,40.1302,39.3012,32.4569,40.7782,31.3456,49.453,47.4844,46.0395,44.1611,41.1763,52.3041,36.3361,35.2672,40.0153,54.1858,60.7644,56.8255,,,,,,,,,,44.9978,39.1528,42.0753,,,,48.2776,47.2555,49.4831,46.3312,54.7893,37.7285,38.3186,47.9675,43.14305,,,,,,,24.9831,26.6319,29.41,,,,48.4029,39.2583,41.9684,,,,,,,,,,,,,,,,,,,,,,48.5795,44.6275,47.1719,,,,,,,,,,,,,,,,47.9675,47.9675,51.3078,48.7826,44.6225,48.2776,,,,51.2519,52.024,51.63795,47.1399,43.4853,44.5636,52.75416667,50.5859,57.6076,49.872,49.872,51.4381,,,,38.0883,41.3987,42.0172,51.3654,46.3312,38.5241,40.7249,39.5271,40.126,38.2132,36.7203,39.3012,46.0395,41.4722,55.4735,47.9727,47.9727,48.2776,48.7826,57.9404,45.0518,57.743,60.0381,58.89055
,,,,,,52.116,47.9476,27.3587,47.0434,40.1741,71.9446,,,,61.3042,73.161,67.2326,45.1244,52.2583,53.7289,36.5248,35.0686,35.0686,71.9446,71.9446,80.0245,76.1895,74.2625,45.0108,62.6834,58.2778,59.0879,66.6498,60.7439,63.69685,40.98205,39.5395,42.4246,,,,46.3312,44.4584,43.7526,,,,35.1686,32.7255,33.94705,60.7644,56.1522,59.5509,,,,,,,,,,42.7379,40.4776,41.60775,,,,46.321,45.3717,54.5726,43.651,53.4905,38.5241,38.3186,49.358,43.8383,,,,,,,28.23765,27.0653,29.41,,,,,,,,,,,,,,,,,,,,,,,,,,,,47.1719,44.5345,47.2608,,,,,,,,,,,,,,,,45.6402,47.5267,51.3913,41.5193,45.0518,42.4246,,,,51.2519,43.2041,47.228,44.063,43.7026,41.1096,52.6396,51.245,54.0342,47.0258,51.6514,54.113,,,,40.7726,41.3987,41.421,43.5493,47.4844,39.5271,41.4722,39.5271,40.49965,45.3717,41.0606,40.1302,45.9419,43.5493,52.347,45.0518,48.2776,46.321,48.2776,54.4797,46.321,,,
,,,,,,63.8754,56.3806,39.0446,48.5961,40.7198,70.6364,,,,62.6564,75.7572,69.2068,45.1244,50.6364,51.1811,37.6721,38.2777,33.9409,75.6778,74.6707,75.4493,72.2054,78.5898,54.8323,59.0879,63.2214,58.9016,60.3947,64.7139,62.5543,35.53565,33.973,37.0983,,,,,,,,,,,,,60.7644,56.8255,57.8259,,,,,,,,,,41.8653,41.963,41.91415,,,,44.1899,49.38125,54.5726,46.4281,46.4281,34.7609,37.0375,47.1719,42.1047,,,,,,,27.1299,27.7738,26.486,,,,,,,,,,,,,,,,,,,,,,,,,,,,44.5345,46.0948,47.2608,,,,,,,,,,,,,,,,44.6275,47.1719,50.2974,41.8607,40.99545,40.1302,,,,48.2776,48.3789,48.32825,40.8812,43.7026,43.4853,,,,48.8262,48.9924,42.7648,,,,38.0883,41.5983,38.9379,39.5271,48.3354,38.5241,42.4171,37.9572,40.18715,,,,42.9347,43.5493,52.347,46.321,47.2555,50.3731,44.7302,51.1548,48.7826,,,
,,,,,,62.7433,57.0175,45.2361,66.6441,51.0861,64.7503,,,,56.251,76.2844,66.2677,46.1755,46.1755,53.7289,34.4129,34.0361,34.7897,75.6778,73.3818,70.6364,72.6521,74.4284,61.0536,53.1874,63.2214,59.0879,,,,,,,,,,,,,,,,,,,59.5509,54.1858,51.9024,,,,,,,,,,37.8956,37.0375,37.46655,,,,,,,45.3531,49.3606,34.1406,,,,,,,,,,25.6322,24.1991,27.0653,,,,,,,,,,,,,,,,,,,,,,,,,,,,44.61825,43.5963,45.6402,,,,,,,,,,,,,,,,47.8757,47.1719,48.5795,43.2041,42.13235,41.0606,,,,,,,40.8812,41.4881,38.2939,,,,52.0761,52.2876,45.6402,,,,39.5651,43.5534,41.5983,40.7249,46.4281,43.5765,43.5493,41.0465,45.3531,,,,43.2429,46.3312,49.9132,44.1899,48.3789,49.6819,41.5193,51.5424,47.2555,,,
,,,,,,60.0141,61.0536,58.4029,62.6772,65.2874,64.3092,,,,58.6784,66.3101,62.49425,44.4576,46.1755,52.791,,,,71.8981,66.9811,70.6364,66.1077,70.407,73.0421,55.9962,62.6834,56.5722,,,,,,,,,,,,,,,,,,,55.0466,54.1858,54.7893,,,,,,,,,,,,,,,,,,,38.5241,48.3354,33.6372,,,,,,,,,,24.5911,24.1991,24.9831,,,,,,,,,,,,,,,,,,,,,,,,,,,,,,,,,,,,,,,,,,,,,,46.1111,44.2547,47.9675,,,,,,,,,,38.9343,40.1893,43.4126,,,,49.872,49.3236,49.872,,,,42.0172,47.1483,42.3673,39.4167,46.3312,42.87395,44.8578,41.0465,47.6745,,,,46.8143,42.8316,50.5523,45.3717,46.7381,49.979,45.0518,48.7826,45.3717,,,
,,,,,,57.5868,57.3342,63.7568,65.8221,70.0725,60.9197,,,,55.2193,64.1187,59.669,40.6359,43.7149,52.791,,,,69.1282,61.0715,72.4559,65.5826,76.4087,80.1065,56.2526,62.2632,56.5722,,,,,,,,,,,,,,,,,,,53.4031,52.347,47.6745,,,,,,,,,,,,,,,,,,,38.5241,37.1513,33.7637,,,,,,,,,,,,,,,,,,,,,,,,,,,,,,,,,,,,,,,,,,,,,,,,,,,,,,,,,,42.91295,41.5712,44.2547,,,,,,,,,,38.9343,38.6141,38.2939,,,,48.6166,51.6514,45.5818,,,,39.4958,47.1483,39.7723,41.0465,44.8578,42.95215,47.9586,47.1981,46.3312,,,,38.5241,43.42975,48.3354,,,,45.584,46.321,51.1548,,,
,,,,,,53.7836,50.2023,59.583,63.3229,67.4132,60.869,,,,,,,47.1805,44.4576,49.9034,,,,,,,64.8791,68.531,75.6956,52.116,62.2632,58.2778,,,,,,,,,,,,,,,,,,,49.0826,46.3312,46.4281,,,,,,,,,,,,,,,,,,,37.1513,36.8013,30.6012,,,,,,,,,,,,,,,,,,,,,,,,,,,,,,,,,,,,,,,,,,,,,,,,,,,,,,,,,,,,,,,,,,,,,,,,,,,,,,,,,,40.8625,39.77125,38.68,45.3531,41.0465,43.1998,,,,,,,42.4171,45.37625,48.3354,,,,44.1899,46.321,47.2555,,,
,,,,,,50.4789,51.5065,61.0536,60.7676,61.0458,61.324,,,,,,,46.3296,45.3229,47.3363,,,,,,,,,,59.0879,64.8791,55.5455,,,,,,,,,,,,,,,,,,,53.4031,50.6431,45.3531,,,,,,,,,,,,,,,,,,,40.1841,30.7388,30.7388,,,,,,,,,,,,,,,,,,,,,,,,,,,,,,,,,,,,,,,,,,,,,,,,,,,,,,,,,,,,,,,,,,,,,,,,,,,,,,,,,,,,,,,,,,,,,,40.7249,44.1997,47.6745,,,,,,,,,
,,,,,,53.2539,51.0288,59.0879,62.1279,59.13645,56.145,,,,,,,,,,,,,,,,,,,60.0141,58.9016,52.8543,,,,,,,,,,,,,,,,,,,56.4895,46.3312,41.4722,,,,,,,,,,,,,,,,,,,36.8013,27.7206,30.7388,,,,,,,,,,,,,,,,,,,,,,,,,,,,,,,,,,,,,,,,,,,,,,,,,,,,,,,,,,,,,,,,,,,,,,,,,,,,,,,,,,,,,,,,,,,,,,37.9572,42.81585,47.6745,,,,,,,,,
,,,,,,47.9476,50.6856,51.5065,,,,,,,,,,,,,,,,,,,,,,54.7019,61.7206,57.3342,,,,,,,,,,,,,,,,,,,49.3606,44.8578,43.7526,,,,,,,,,,,,,,,,,,,36.8013,33.7637,28.1698,,,,,,,,,,,,,,,,,,,,,,,,,,,,,,,,,,,,,,,,,,,,,,,,,,,,,,,,,,,,,,,,,,,,,,,,,,,,,,,,,,,,,,,,,,,,,,,,,,,,,,,,,
,,,,,,52.06925,50.6856,53.4529,,,,,,,,,,,,,,,,,,,,,,59.583,56.2526,55.8033,,,,,,,,,,,,,,,,,,,46.4281,49.0826,40.1841,,,,,,,,,,,,,,,,,,,33.7637,31.1482,32.45595,,,,,,,,,,,,,,,,,,,,,,,,,,,,,,,,,,,,,,,,,,,,,,,,,,,,,,,,,,,,,,,,,,,,,,,,,,,,,,,,,,,,,,,,,,,,,,,,,,,,,,,,,
,,,,,,49.071,47.7322,50.4098,,,,,,,,,,,,,,,,,,,,,,57.3342,64.8791,57.3342,,,,,,,,,,,,,,,,,,,41.4722,46.4281,36.8013,,,,,,,,,,,,,,,,,,,33.7637,30.7388,32.25125,,,,,,,,,,,,,,,,,,,,,,,,,,,,,,,,,,,,,,,,,,,,,,,,,,,,,,,,,,,,,,,,,,,,,,,,,,,,,,,,,,,,,,,,,,,,,,,,,,,,,,,,,
,,,,,,,,,,,,,,,,,,,,,,,,,,,,,,61.2966,56.0604,58.6785,,,,,,,,,,,,,,,,,,,44.4584,45.3531,39.8568,,,,,,,,,,,,,,,,,,,,,,,,,,,,,,,,,,,,,,,,,,,,,,,,,,,,,,,,,,,,,,,,,,,,,,,,,,,,,,,,,,,,,,,,,,,,,,,,,,,,,,,,,,,,,,,,,,,,,,,,,,,,,,
,,,,,,,,,,,,,,,,,,,,,,,,,,,,,,60.5657,50.4789,55.5223,,,,,,,,,,,,,,,,,,,43.2429,42.4171,39.7471,,,,,,,,,,,,,,,,,,,,,,,,,,,,,,,,,,,,,,,,,,,,,,,,,,,,,,,,,,,,,,,,,,,,,,,,,,,,,,,,,,,,,,,,,,,,,,,,,,,,,,,,,,,,,,,,,,,,,,,,,,,,,,
,,,,,,,,,,,,,,,,,,,,,,,,,,,,,,61.9621,53.7836,57.87285,,,,,,,,,,,,,,,,,,,40.1841,44.4584,40.1841,,,,,,,,,,,,,,,,,,,,,,,,,,,,,,,,,,,,,,,,,,,,,,,,,,,,,,,,,,,,,,,,,,,,,,,,,,,,,,,,,,,,,,,,,,,,,,,,,,,,,,,,,,,,,,,,,,,,,,,,,,,,,,
,,,,,,,,,,,,,,,,,,,,,,,,,,,,,,,,,,,,,,,,,,,,,,,,,,,36.8013,40.7249,34.7609,,,,,,,,,,,,,,,,,,,,,,,,,,,,,,,,,,,,,,,,,,,,,,,,,,,,,,,,,,,,,,,,,,,,,,,,,,,,,,,,,,,,,,,,,,,,,,,,,,,,,,,,,,,,,,,,,,,,,,,,,,,,,,
,,,,,,,,,,,,,,,,,,,,,,,,,,,,,,,,,,,,,,,,,,,,,,,,,,,40.1841,40.1841,34.7609,,,,,,,,,,,,,,,,,,,,,,,,,,,,,,,,,,,,,,,,,,,,,,,,,,,,,,,,,,,,,,,,,,,,,,,,,,,,,,,,,,,,,,,,,,,,,,,,,,,,,,,,,,,,,,,,,,,,,,,,,,,,,,
