Rodilla derecha,,,,,,,,,,,,,,,,,,,,,,,,,,,,,,,,,,,,,,,,,,,,,,,,,,,,,,,,,,,,,,,,,,,,,,,,,,,,,,,,,,,,,,,,,,,,,,,,,,,,,,,,,,,,,,,,,,,,,,,,,,,,,,,,,,,,,,,,,,,,,,,,,,,,,,,,,,,,,,,,,,,,,,,,,,,,,,,,,,,
"R1-ST, 15 dpl",,,"R1-ST, 30 dpl",,,"R2-ST, 15 dpl",,,"R2-ST, 30 dpl",,,"R3-ST, 15 dpl",,,"R3-ST, 30 dpl",,,"R4-ST, 15 dpl",,,"R4-ST, 30 dpl",,,"R5-ST, 15 dpl",,,"R5-ST, 30 dpl",,,"R6-ST, 15 dpl",,,"R6-ST, 30 dpl",,,"R1-TMX, 15 dpl",,,"R1-TMX, 30 dpl",,,"R2-TMX, 15 dpl",,,"R2-TMX, 30 dpl",,,"R3-TMX, 15 dpl",,,"R3-TMX, 30 dpl",,,"R4-TMX, 15 dpl",,,"R4-TMX, 30 dpl",,,"R5-TMX, 15 dpl",,,"R5-TMX, 30 dpl",,,"R6-TMX, 15 dpl",,,"R6-TMX, 30 dpl",,,"R1-EJE, 15 dpl",,,"R1-EJE, 30 dpl",,,"R2-EJE, 15 dpl",,,"R2-EJE, 30 dpl",,,"R3-EJE, 15 dpl",,,"R3-EJE, 30 dpl",,,"R4-EJE, 15 dpl",,,"R4-EJE, 30 dpl",,,"R5-EJE, 15 dpl",,,"R5-EJE, 30 dpl",,,"R6-EJE, 15 dpl",,,"R6-EJE, 30 dpl",,,"R1-TE, 15 dpl",,,"R1-TE, 30 dpl",,,"R2-TE, 15 dpl",,,"R2-TE, 30 dpl",,,"R3-TE, 15 dpl",,,"R3-TE, 30 dpl",,,"R4-TE, 15 dpl",,,"R4-TE, 30 dpl",,,"R5-TE, 15 dpl",,,"R5-TE, 30 dpl",,,"R6-TE, 15 dpl",,,"R6-TE, 30 dpl",,,"R1-VH, 15 dpl",,,"R1-VH, 30 dpl",,,"R2-VH, 15 dpl",,,"R2-VH, 30 dpl",,,"R3-VH, 15 dpl",,,"R3-VH, 30 dpl",,,"R4-VH, 15 dpl",,,"R4-VH, 30 dpl",,,"R5-VH, 15 dpl",,,"R5-VH, 30 dpl",,,"R6-VH, 15 dpl",,,"R6-VH, 30 dpl",,
Paso 1 ,Paso 2,Paso 3,Paso 1 ,Paso 2,Paso 3,Paso 1 ,Paso 2,Paso 3,Paso 1 ,Paso 2,Paso 3,Paso 1 ,Paso 2,Paso 3,Paso 1 ,Paso 2,Paso 3,Paso 1 ,Paso 2,Paso 3,Paso 1 ,Paso 2,Paso 3,Paso 1 ,Paso 2,Paso 3,Paso 1 ,Paso 2,Paso 3,Paso 1 ,Paso 2,Paso 3,Paso 1 ,Paso 2,Paso 3,Paso 1 ,Paso 2,Paso 3,Paso 1 ,Paso 2,Paso 3,Paso 1 ,Paso 2,Paso 3,Paso 1 ,Paso 2,Paso 3,Paso 1 ,Paso 2,Paso 3,Paso 1 ,Paso 2,Paso 3,Paso 1 ,Paso 2,Paso 3,Paso 1 ,Paso 2,Paso 3,Paso 1 ,Paso 2,Paso 3,Paso 1 ,Paso 2,Paso 3,Paso 1 ,Paso 2,Paso 3,Paso 1 ,Paso 2,Paso 3,Paso 1 ,Paso 2,Paso 3,Paso 1 ,Paso 2,Paso 3,Paso 1 ,Paso 2,Paso 3,Paso 1 ,Paso 2,Paso 3,Paso 1 ,Paso 2,Paso 3,Paso 1 ,Paso 2,Paso 3,Paso 1 ,Paso 2,Paso 3,Paso 1 ,Paso 2,Paso 3,Paso 1 ,Paso 2,Paso 3,Paso 1 ,Paso 2,Paso 3,Paso 1 ,Paso 2,Paso 3,Paso 1 ,Paso 2,Paso 3,Paso 1 ,Paso 2,Paso 3,Paso 1 ,Paso 2,Paso 3,Paso 1 ,Paso 2,Paso 3,Paso 1 ,Paso 2,Paso 3,Paso 1 ,Paso 2,Paso 3,Paso 1 ,Paso 2,Paso 3,Paso 1 ,Paso 2,Paso 3,Paso 1 ,Paso 2,Paso 3,Paso 1 ,Paso 2,Paso 3,Paso 1 ,Paso 2,Paso 3,Paso 1 ,Paso 2,Paso 3,Paso 1 ,Paso 2,Paso 3,Paso 1 ,Paso 2,Paso 3,Paso 1 ,Paso 2,Paso 3,Paso 1 ,Paso 2,Paso 3,Paso 1 ,Paso 2,Paso 3,Paso 1 ,Paso 2,Paso 3,Paso 1 ,Paso 2,Paso 3,Paso 1 ,Paso 2,Paso 3,Paso 1 ,Paso 2,Paso 3,Paso 1 ,Paso 2,Paso 3,Paso 1 ,Paso 2,Paso 3,Paso 1 ,Paso 2,Paso 3,Paso 1 ,Paso 2,Paso 3
39.438,40.2113,38.6647,41.4096,44.6487,43.02915,73.9433,70.1521,67.8698,81.95,82.2181,78.4176,62.6679,63.601,63.13445,73.509,46.3797,52.8989,50.5661,48.4543,65.805,55.6012,62.9531,61.3658,73.9579,77.847,75.90245,57.5425,54.2747,52.9725,61.6865,61.3343,58.3857,81.1246,83.8494,85.2677,19.6111,21.3176,22.7378,29.3589,34.0069,21.0427,47.8709,50.1638,46.9088,52.2583,51.458,45.0488,54.249,56.1016,57.555,34.9152,31.9434,36.6305,34.4209,34.6993,34.6993,37.7521,33.1863,34.8104,53.3345,65.5257,59.4301,64.0437,54.0368,64.1909,50.4271,58.4233,50.7855,47.8963,50.0037,48.2015,51.4776,43.7324,39.1641,28.8785,27.1348,42.3248,26.7655,22.8642,17.8643,21.7754,21.454,24.9327,42.8435,34.3753,26.7655,35.3575,33.9333,42.1677,58.9736,60.4205,61.111,37.3945,37.85295,38.3114,37.7667,47.492,46.9389,37.7667,47.492,46.9389,54.6389,53.5341,58.4456,52.8118,53.4503,56.5002,17.7766,26.2069,21.99175,41.1757,41.80015,42.4246,35.4118,35.207,38.6688,30.1846,30.3407,37.7899,66.1808,62.0827,62.8646,48.6092,51.2818,49.9455,29.8931,35.3826,42.6162,48.7323,48.7323,48.7323,17.8863,27.3878,29.927,28.8941,26.1862,31.602,29.8931,35.9626,33.2527,29.7482,35.4479,32.59805,44.6275,40.5027,40.7033,37.6283,46.8679,45.6105,44.8361,42.0848,37.6025,49.1058,52.52325,55.9407,34.7975,30.3462,26.2848,43.0237,39.9976,45.3433,40.7517,43.7005,42.2261,45.478,50.201,44.1085,38.2132,36.6305,45.8018,59.3432,42.4559,50.89955,41.5641,44.8812,43.22265,59.9762,51.1807,55.57845
38.9371,39.7746,38.0996,36.8699,35.5888,36.22935,73.9622,68.9665,70.5196,82.8383,84.4134,80.2948,61.8127,67.5907,64.7017,67.7226,43.8793,54.1209,48.4543,48.4543,66.9222,57.8259,63.2481,61.3658,74.2744,84.1682,79.2213,51.4098,50.1877,49.145,68.027,60.8141,58.642,71.229,79.4846,71.1858,19.4838,20.4204,22.7378,32.4533,32.7692,21.3046,49.9843,51.0545,46.3678,52.4818,49.9843,46.3678,66.716,60.1144,58.4873,31.7883,33.8646,33.0104,35.6133,33.7637,32.7722,35.3045,31.307,32.9436,55.4488,55.1252,55.287,64.0858,53.0015,65.5285,53.3785,62.225,58.3232,48.7826,49.9048,50.201,47.6498,44.7703,36.7051,30.9008,27.1348,38.4354,22.0063,28.7004,19.1535,16.9832,24.6909,21.454,40.9122,36.3207,29.9947,36.4117,40.7517,45.2815,61.6801,64.7263,61.9136,36.2012,42.5339,40.2334,40.708,52.5902,50.2097,40.708,52.5902,50.2097,59.2451,58.1156,61.0455,56.182,60.6255,55.5191,19.6832,28.0741,33.7737,41.0606,48.3789,48.2776,39.9502,37.3506,40.4741,31.602,33.8575,41.7271,60.5598,59.5253,59.3289,52.3577,52.6057,52.4817,34.1066,33.5904,40.5782,44.1899,48.7826,51.1062,18.4824,30.2978,29.449,28.08145,24.8625,31.3004,30.2978,35.207,31.516,29.7482,33.3097,34.9509,41.201,39.9216,39.1011,39.5395,51.494,48.9333,47.4825,43.0255,36.1896,44.4835,51.8643,59.2451,30.3462,32.3333,23.138,39.3888,36.699,44.9971,42.9552,45.6104,44.5573,44.9984,53.4503,43.6718,34.0477,36.8358,42.8435,54.6513,40.2506,40.0246,47.2679,48.6729,47.3792,64.2627,55.3184,59.79055
38.6767,39.1118,38.2416,29.9947,33.8646,31.92965,74.1138,69.1225,71.2712,83.2325,83.753,80.0111,64.8615,69.784,67.32275,60.5632,42.1302,57.014,49.6013,51.0537,69.4326,55.4948,64.7318,64.6735,80.3959,82.7212,81.55855,51.5611,48.7863,54.3788,62.7159,62.8184,58.0214,62.0584,62.336,63.325,21.5508,21.3176,21.8962,33.1517,31.6331,21.6662,51.5836,52.6057,49.7785,53.9552,48.7401,46.259,64.5119,67.2448,62.2666,31.7883,36.3207,33.4956,33.1912,35.9135,32.6424,31.813,30.0083,34.0069,56.9997,46.5956,51.79765,68.6711,54.897,68.4882,54.5118,67.6372,58.6231,55.7711,56.9754,54.6886,45.1491,42.9986,39.2388,28.8785,28.8785,38.3593,25.8419,29.9947,21.3975,27.9342,27.3878,21.6382,42.6324,38.6084,29.7482,43.577,49.872,53.0326,62.7102,64.3356,62.5613,39.9737,44.3039,40.5151,42.0133,56.9392,53.5423,42.0133,56.9392,53.5423,61.5855,67.5899,63.1105,57.5153,63.0718,54.1536,23.9787,28.187,32.7792,43.8633,52.788,57.4031,41.988,36.563,44.7706,39.7069,37.4031,42.9824,60.5598,61.507,59.7996,55.3299,55.3299,55.3299,31.998,36.563,45.5102,46.6341,49.1838,53.4503,19.5212,27.3878,28.2217,21.0823,24.4856,35.1423,28.8938,39.4205,31.191,31.0027,34.3027,34.5921,41.522,40.3014,37.7093,41.0606,55.954,50.0037,44.9978,41.7919,34.9842,46.9585,56.9303,62.7559,32.3333,34.4668,24.9817,36.1823,36.5962,42.0246,47.0537,47.0537,44.4661,50.4958,58.1634,47.6919,33.1604,37.5467,43.7091,52.3401,44.4681,42.1311,48.4545,50.3146,51.0815,69.0641,57.1152,51.6931
40.772,43.4728,38.0712,27.8363,31.6716,29.75395,69.2784,69.7256,72.4403,83.753,84.0623,81.2011,62.1342,65.8814,64.0078,60.7644,43.5493,57.2854,54.8423,49.6013,68.3694,58.1776,63.3856,66.1015,79.2791,73.5352,76.40715,48.0401,52.3343,58.2811,62.7159,61.355,58.9826,49.6735,49.7807,50.9235,21.8962,22.2927,25.992,35.1076,32.6291,17.6124,54.7539,53.3692,51.0798,53.4672,49.2354,46.259,73.8923,74.3982,69.0146,31.982,36.3207,31.437,30.0452,41.6045,37.0641,35.1733,35.1076,36.3708,55.3493,38.3123,46.8308,67.9994,54.8739,58.8512,54.5641,67.8674,62.6097,56.9754,56.9754,55.8169,40.0043,42.9986,36.994,30.9008,34.3196,38.1049,25.0803,34.9509,25.1286,33.5904,32.6307,29.449,39.2273,43.5014,27.3503,45.6104,50.703,57.0119,63.1558,68.7581,60.0141,45.4036,44.5646,40.7952,45.7232,59.1715,57.0602,45.7232,59.1715,57.0602,65.1385,67.5899,58.1156,64.7779,63.0718,52.2636,24.7211,28.4116,25.505,49.979,62.1342,61.2747,48.0629,39.6066,44.1185,50.7758,39.1494,46.259,64.3936,58.0422,56.5955,54.9944,56.352,55.6732,38.4518,35.6736,44.9624,45.6105,51.1062,54.5959,21.6382,36.0776,27.9342,19.9024,25.6462,34.2089,33.0982,39.4472,35.1482,32.2898,33.1604,37.8145,39.7943,39.7943,40.7782,41.0606,59.6437,52.5263,48.1649,39.6923,40.3014,52.4577,45.7708,68.7804,32.0688,34.7975,24.533,32.5949,34.9509,35.2357,49.0026,46.2332,43.7929,57.2457,55.7711,52.2397,33.1978,36.3207,45.573,52.3401,46.7117,44.364,48.5092,51.7099,55.9689,70.2876,64.2627,53.9336
41.4449,43.778,39.1118,27.3503,35.9041,31.6272,70.1521,70.9247,72.4976,82.5001,85.5219,79.3719,70.0057,56.5002,63.25295,60.684,44.2074,60.0583,54.8423,52.695,68.1999,55.0466,56.1522,63.3856,82.7212,63.7919,73.25655,50.8014,48.8537,57.0602,58.4926,61.355,57.0935,46.1149,44.2103,44.9971,22.6826,23.3367,26.8066,32.6291,31.7771,19.1138,58.2221,58.3146,55.3299,54.6093,51.0798,46.3678,79.1485,85.9619,76.0966,31.0027,34.9509,34.6642,31.6198,42.339,42.8316,36.243,36.3708,39.2115,58.091,34.6282,46.3596,61.8127,53.3796,56.364,56.4002,56.8085,55.3448,61.8985,59.6437,58.3414,39.0393,43.183,37.2028,38.1049,41.2854,44.0956,26.215,39.1302,27.4392,36.0776,34.016,34.5564,44.2103,43.5014,32.0592,50.9229,53.2722,52.3091,61.6133,68.8212,63.2381,42.8031,46.3779,46.8383,48.1991,62.6363,58.2811,48.1991,62.6363,58.2811,75.0037,65.1385,60.4019,69.5419,58.3414,49.979,23.8144,25.5976,22.144,53.8262,64.0858,60.7556,55.7814,40.4741,47.492,57.7582,45.0488,47.8974,60.5598,58.0422,56.1283,55.8781,56.9875,56.4328,42.915,38.9925,43.0143,43.3421,54.6886,51.2519,25.6844,29.8931,26.1487,23.3702,29.3527,36.088,38.6688,42.6162,36.563,33.6066,36.904,39.0328,37.9222,40.7283,40.7283,45.6105,51.0575,47.6919,48.2524,39.9978,41.522,62.7559,62.7954,66.4273,35.207,34.7975,22.0373,34.1937,33.3097,35.058,48.6629,49.5928,44.8904,57.0656,48.7826,54.5959,30.963,34.9509,41.5641,45.9311,47.9257,51.4374,46.1149,50.3146,55.9689,73.3974,64.1009,56.1807
34.6993,45.7708,38.0712,29.5414,41.5641,35.55275,75.3409,73.5829,74.6999,83.1903,85.662,84.6942,71.5684,44.5686,58.0685,60.0786,47.9586,64.421,50.4437,52.695,68.0642,52.0138,51.0278,59.1021,68.6718,56.9392,62.8055,51.8413,50.9105,59.2109,51.6931,50.1209,55.3405,46.1149,45.2281,47.2679,22.7378,23.3367,29.1678,30.6082,26.8276,19.7395,59.623,58.4993,55.3299,56.068,53.4672,45.5745,78.6526,86.3277,80.8163,28.3145,36.904,30.963,35.8536,43.651,42.8316,39.8358,39.6583,43.6718,59.0503,34.6282,46.83925,56.4321,52.048,49.9048,56.8085,45.2815,48.3215,64.7779,56.182,61.8985,37.9259,45.6797,36.0681,42.2077,40.7335,46.3581,29.0394,34.5921,25.4162,28.7887,33.0362,41.3008,43.2332,45.7732,34.5921,55.8098,49.1154,46.1447,57.3823,63.271,64.5311,35.8132,39.665,45.4036,49.1226,58.1219,49.212,49.1226,58.1219,49.212,71.2447,59.2451,54.7249,65.6739,53.5915,51.9519,25.6898,22.0378,20.3059,53.4503,63.4108,60.7556,61.4685,42.6162,48.7413,53.0746,40.0443,45.0488,56.9392,55.7814,55.2891,54.7539,52.3577,53.5558,44.1185,39.4205,42.1142,46.6341,51.1062,52.3353,31.191,34.4668,27.9342,31.1106,33.3243,40.531,48.7413,48.0629,37.7667,34.5921,40.5358,36.3207,38.6332,43.997,41.8897,44.1899,44.1899,41.8607,49.401,44.4647,44.4647,68.7804,52.6345,57.4313,29.5939,32.7698,27.9342,32.5949,28.3576,33.3097,53.2722,54.5118,44.8904,52.2397,39.5989,58.3414,34.0477,32.6708,45.2281,46.2849,48.1705,54.0011,46.1149,50.3146,49.7807,72.8219,64.1009,58.0077
35.2502,44.6085,36.0926,32.2898,39.1302,35.71,74.0948,76.7297,75.6231,84.8767,87.3144,84.6942,62.6892,43.2593,52.97425,60.4624,46.2584,64.1873,48.2857,48.4543,66.9907,46.9585,43.4728,52.8329,59.2109,58.2811,58.746,48.1083,55.679,61.4685,41.5853,43.7354,54.5172,48.4545,48.0706,45.2281,21.3176,26.8066,29.1678,34.1082,30.4592,22.6199,65.1303,59.143,56.7292,57.735,52.3577,46.9088,65.3179,56.6858,73.8923,29.4998,36.904,34.6282,37.0641,41.9205,39.4444,39.5989,38.851,42.7601,61.5243,32.6708,47.09755,48.8077,50.8871,51.4457,55.8098,36.1236,39.5623,59.9065,49.5328,58.5634,42.2077,42.2077,37.5142,47.81605,46.0308,49.6013,37.7142,26.3997,24.4946,21.454,26.1487,42.691,38.6084,44.9971,34.9509,50.0112,42.3262,37.9628,49.1607,51.6965,67.92,31.3587,31.6207,37.0425,50.2097,46.0294,44.8666,50.2097,46.0294,44.8666,53.5341,54.7249,53.6649,63.199,51.494,51.4457,22.7367,24.7211,19.9189,53.4503,51.0575,46.6341,58.5193,41.5819,44.0942,41.8452,34.6957,36.7506,55.8631,58.0422,52.6115,57.175,50.5979,53.88645,41.0954,39.4205,42.0133,49.9048,49.9048,49.9048,36.9023,40.5782,27.7895,36.088,36.088,43.3562,53.4792,52.8028,41.988,37.2434,41.4096,41.4096,41.1763,45.1361,39.7943,39.6583,43.1211,36.243,52.7358,47.7916,46.5684,64.7318,42.8316,48.4528,31.9803,37.0398,34.5497,30.6433,30.0356,31.6716,58.3232,55.887,47.141,45.2919,34.0069,57.0656,34.5921,35.9041,37.9478,45.9311,46.7368,53.0271,45.2281,42.299,42.6324,67.8698,59.3008,56.3091
34.6993,41.3926,33.7637,37.9478,41.2547,39.60125,75.8486,79.3362,76.6922,82.3309,87.6082,83.2748,49.1087,38.6091,43.8589,56.4474,47.532,70.3344,44.1408,47.3294,69.2307,41.3926,42.1302,49.2912,55.7814,57.5425,56.66195,50.9758,57.0602,60.3266,41.0335,39.4548,55.1854,49.8075,54.7752,53.4364,22.7378,25.6003,28.0554,31.161,26.5327,23.0585,62.5665,56.281,53.9309,58.1527,53.6628,46.9088,45.9985,50.0892,58.4873,30.1988,38.9678,34.6282,40.6711,36.9475,32.6424,37.3485,32.9436,36.243,57.3164,31.3191,44.31775,49.9048,47.8963,50.3731,40.7517,35.4311,34.8014,50.4958,41.889,51.8317,38.6769,40.151,37.2028,51.271,48.4543,54.0877,39.1302,24.0968,20.4814,25.8788,26.906,42.5412,34.0477,42.0246,38.6084,46.1447,42.9865,24.901,47.2084,44.5259,60.2175,29.4351,27.6528,30.1695,44.8666,40.4741,39.6066,44.8666,40.4741,39.6066,52.4577,50.1193,45.6727,57.5153,50.4958,50.7162,30.0469,28.4116,24.4653,39.6583,39.6583,35.1733,56.2708,38.9925,36.5914,33.3243,31.9753,29.7515,56.9392,58.0422,53.4792,54.7539,50.5979,52.6759,38.9925,42.3407,44.0942,50.0037,52.5263,52.2397,39.4205,43.2122,26.7185,41.8452,41.8452,47.7382,54.4828,58.5193,42.3407,39.1302,44.2982,42.8435,46.2982,47.4825,39.6923,32.9436,40.7428,36.3708,55.1573,49.9147,51.7661,55.0466,38.9168,44.4835,35.207,39.7626,34.5497,31.982,32.2515,30.3611,62.225,63.494,49.5368,38.4876,31.7771,47.5895,31.0027,35.9041,32.6708,42.4559,45.3964,50.7587,35.9041,35.3419,34.0477,57.1152,53.459,54.3605
34.5449,41.3926,35.9135,41.3167,38.3453,39.831,74.5488,79.4844,75.4726,81.8794,86.3345,85.648,43.1211,36.6253,39.8732,57.2854,47.9586,60.7644,45.2379,45.1491,68.0981,40.1025,39.5271,48.3589,54.0453,57.9026,55.97395,50.0114,55.8631,61.507,38.8491,34.0992,54.6066,52.591,68.086,57.7771,25.992,25.6987,28.326,29.6661,27.8169,23.0585,56.8937,47.0165,46.259,62.0333,54.9944,43.6704,45.9985,47.7488,49.6117,28.743,37.8145,36.8699,36.3893,27.341,24.2356,26.2774,27.3264,27.3264,50.7388,29.0394,39.8891,38.6091,40.8586,47.7942,33.24,38.5478,33.1233,46.8938,38.3354,48.6063,40.39005,42.0669,38.7132,50.53485,46.2274,54.8423,33.1978,27.3057,19.2158,30.0285,28.2217,33.468,29.9947,35.4479,38.3123,41.4647,27.9647,20.4204,45.5848,41.5983,52.7932,29.1866,24.6508,23.495,37.3227,37.2669,38.3429,37.3227,37.2669,38.3429,49.0362,47.8877,46.8143,54.8739,51.8317,55.0588,33.5094,35.0686,31.9086,37.5973,35.1733,39.6583,46.0294,35.2949,33.2527,32.8922,32.6013,27.9162,58.0422,53.5423,50.9758,47.8974,46.5848,47.2411,39.8711,43.2122,44.4576,49.1838,53.1908,51.0575,35.8761,37.3227,27.9342,36.7506,44.7982,52.2831,46.7303,59.7996,39.9502,42.0246,44.2982,51.0815,46.2982,48.6882,38.6854,34.142,31.7771,34.0069,54.2177,49.0348,52.0563,43.1916,36.3893,42.8316,29.5939,42.6162,37.2731,31.6326,31.9434,31.9434,63.5892,62.225,62.9071,39.6583,30.7195,41.8607,33.6066,37.8145,33.6066,39.3113,41.5853,48.1705,29.5414,27.3057,29.0394,51.1807,46.7117,56.046
31.1482,38.2416,39.1118,41.3167,39.8062,40.56145,75.3409,82.3618,75.8486,83.2748,76.8292,85.2554,44.5686,32.2056,38.3871,43.651,44.8578,49.1058,41.2854,44.1408,65.9085,38.6928,38.0996,45.5746,56.1283,55.8631,55.9957,56.1283,55.7814,62.6363,40.5876,35.5032,33.3115,60.6594,76.4505,70.6662,23.3367,29.1678,28.6388,26.9531,26.8276,23.442,46.259,38.2053,36.7506,63.0309,47.3383,40.0443,54.5482,48.4029,39.2583,30.4015,37.8145,34.0477,29.4798,19.9425,19.5793,24.0527,26.2774,21.8194,42.8435,22.8642,32.85385,37.0983,37.1297,45.7163,35.4311,34.8014,33.0061,45.3983,34.4107,41.0894,44.23945,48.3279,40.151,34.9568,36.0681,42.7672,27.3057,31.9434,22.8642,34.016,37.9046,26.4919,28.5295,32.6708,36.0782,29.6881,20.4204,18.4345,38.4679,45.8926,50.583,25.6526,23.2651,21.2579,37.3227,33.0362,31.998,37.3227,33.0362,31.998,50.2107,50.2107,48.8267,55.151,50.4958,56.7268,40.9699,42.3118,33.8693,39.6583,41.1757,38.2132,50.2537,35.3826,31.998,32.8922,35.1423,36.0546,56.8989,52.5902,48.3125,46.5848,44.0394,45.3121,35.2069,41.0954,40.239,49.1087,51.1548,53.4032,33.8646,36.9023,24.6909,34.8336,44.0394,49.9843,40.708,50.0114,31.8701,42.8435,45.7732,54.2475,37.9222,44.8361,35.6333,29.5512,34.0069,34.142,43.5963,42.7619,48.6882,41.5251,35.1589,37.2963,27.0179,40.6359,40.1284,30.3611,36.6305,34.0477,61.1845,57.2403,52.0124,37.4109,28.7354,37.4109,32.2898,35.9041,32.2898,35.9709,40.8389,48.1705,31.3191,24.4946,25.1286,46.7368,41.0057,50.6586
29.799,37.6424,38.2416,40.9122,40.6616,40.7869,76.9728,84.5067,77.2904,83.514,69.1502,81.4697,44.5686,32.2056,38.3871,40.0207,40.4553,44.4083,43.3438,42.0199,60.2373,36.1223,40.9663,45.3531,58.0422,58.6778,58.36,55.679,51.3232,54.6488,54.4501,37.3437,35.8778,75.1206,83.3346,84.5692,28.0554,31.0783,29.3856,29.7043,34.6776,26.1918,38.3006,36.0546,31.9753,52.4818,44.6024,35.5503,65.1169,70.8281,41.5116,33.6066,37.8145,38.2132,23.0545,21.191,22.2343,27.6543,31.161,22.6199,35.058,20.8295,27.94375,32.6291,34.3101,40.1302,35.3944,36.2679,40.1276,41.8607,34.0069,37.9063,43.4068,48.4543,38.3593,27.9856,26.3297,33.9549,26.215,48.9448,30.3611,37.9046,49.8567,27.3878,26.3997,28.5295,39.0328,23.3367,22.0669,18.9005,43.4894,41.6647,43.9995,27.4226,25.0488,22.6806,38.6418,33.2835,34.016,38.6418,33.2835,34.016,52.6345,46.2584,47.9586,57.8734,49.7067,61.2963,45.6098,44.2721,42.2525,45.584,55.3122,45.0518,56.6563,44.4576,37.7667,42.0511,43.5849,50.5979,56.8989,47.492,48.8537,45.2984,45.5745,45.43645,38.3429,37.4898,40.239,49.6819,48.9333,53.4503,31.9661,34.8238,26.7185,32.7833,36.9147,44.7982,34.5862,42.3407,29.8931,42.0246,48.7818,53.411,33.5648,35.3806,29.3102,30.0083,33.1517,34.4107,38.2396,40.3014,42.3761,34.2655,39.2229,41.2864,27.0179,40.1284,40.1284,29.4166,38.7067,39.0328,43.577,43.8237,48.4355,33.4961,29.1265,32.9436,29.9947,35.624,31.3191,34.6155,36.6476,43.709,32.2898,28.7004,29.0394,43.709,39.023,47.7587
29.9048,37.6424,39.1118,42.299,40.6616,41.4803,78.7611,77.4956,75.0395,83.2325,60.6219,80.2948,38.2132,32.0277,35.12045,40.7249,35.6133,44.982,38.3593,44.1408,55.8568,34.1719,39.5271,39.4167,55.1037,55.9448,55.52425,57.5425,46.9389,46.9389,59.0676,50.3105,41.0335,84.5692,81.3524,82.613,27.3681,31.0783,30.6631,29.6661,40.6267,24.7398,37.4031,32.8922,31.3004,45.0488,39.429,33.3243,73.0675,72.9402,60.3947,35.624,37.8145,37.7142,22.465,25.2005,27.0338,35.1733,35.3372,24.7398,30.4015,19.9484,25.17495,33.1517,31.2341,35.8572,35.3575,40.8821,44.2833,40.1302,33.973,36.243,45.4151,49.4356,40.7335,33.8702,29.9998,34.9568,33.8646,62.2435,39.8062,41.1212,57.2414,34.016,26.7655,25.1286,42.0552,18.5688,21.141,25.8457,44.5049,42.5197,42.6501,31.1536,24.2095,24.2095,39.6596,39.6596,39.6596,39.6596,39.6596,39.6596,51.6344,49.2912,45.5746,54.2236,48.9333,56.364,48.1087,48.5363,48.5363,54.5726,68.1421,65.4245,61.2566,52.2701,48.6738,49.5463,52.4818,65.779,60.3266,48.4256,48.1083,45.5745,43.6704,44.62245,36.0776,36.2209,37.2669,53.0015,48.3789,54.8739,32.3789,28.8238,25.3309,35.4148,36.0546,35.1423,33.2835,34.8238,27.3878,38.3123,36.1823,48.9177,30.5847,30.5847,26.486,31.813,33.1863,34.5777,34.9842,32.94,32.6085,30.4976,39.3338,42.339,24.533,45.5865,46.1755,48.5919,45.0838,52.1,31.5294,35.3575,42.2945,29.6661,28.2596,26.8276,30.4015,25.8419,30.4015,35.409,39.3113,43.4448,34.5921,31.9434,37.4122,41.0612,38.8781,43.709
29.1213,35.9135,37.0641,42.0246,40.1565,41.09055,78.4639,74.4921,71.0596,83.0073,54.3195,74.5501,41.7756,33.4961,37.63585,38.0996,39.5271,42.1302,33.1573,42.0669,51.4776,34.1719,38.5241,41.0465,52.9725,56.8383,54.9054,55.0212,42.6162,42.6162,72.9172,57.6988,39.4835,79.8174,79.4638,82.262,30.8713,30.5375,29.0363,34.1082,41.7756,30.1216,38.3957,34.868,30.1846,40.9829,34.7302,32.6013,71.4067,67.1788,68.9494,33.3097,39.0328,35.9041,26.2117,35.9135,41.5251,43.9996,47.5126,28.7747,26.7655,18.4552,22.61035,32.7692,32.2056,35.1733,44.4357,44.2833,52.8724,45.212,39.6879,34.0069,46.2274,50.5661,38.7132,36.4674,36.3347,41.3808,41.5332,63.0499,54.9504,43.9969,53.3528,49.8567,23.81035,23.1261,24.4946,23.3905,27.7366,30.8298,44.9018,51.8462,40.0471,36.3041,30.1997,28.4292,51.4098,49.8567,48.131,51.4098,49.8567,48.131,51.4776,49.8444,44.982,56.364,54.897,51.5424,49.4358,51.8627,51.5235,63.4108,66.9959,68.1421,72.97,64.2998,62.0061,67.1947,63.5593,68.1727,54.8145,51.8413,45.5102,41.963,46.259,44.111,39.9502,37.4898,39.6066,52.3353,46.2687,53.1908,33.5904,30.9945,27.2034,38.3957,36.4537,38.7112,37.7667,35.207,28.2217,34.0477,32.5189,40.5673,29.4432,28.3288,25.6319,33.8713,39.1216,36.1469,29.4432,29.4432,26.8494,38.9168,50.8696,51.3654,24.9817,48.6638,48.6638,53.98305,52.6168,55.3493,23.2289,30.4115,34.0477,29.1265,27.8169,25.1435,29.4998,22.6526,26.7655,35.8778,38.55255,41.2273,47.2679,39.902,46.5956,45.3964,41.2825,39.4548
28.5024,33.8897,37.0641,39.8701,36.5619,38.216,78.0174,64.3032,69.9971,81.5828,56.2915,65.8366,33.2209,35.3372,34.27905,37.5561,39.2229,42.7799,31.1452,39.9552,47.3294,33.2872,37.5561,37.9572,49.8345,57.2414,53.53795,57.0602,41.5819,41.7346,76.2239,68.4388,43.4448,84.3431,77.3749,80.2952,31.692,31.037,36.2679,34.1082,35.6954,33.5988,42.0511,37.5324,31.1106,37.4031,34.6957,29.3527,66.6498,60.6043,75.3434,32.0592,37.8145,34.9509,33.7005,47.1263,47.6982,52.4547,52.4547,38.6999,26.7655,18.712,22.73875,33.7694,36.657,35.0747,52.9526,56.6301,59.4184,56.182,46.2687,32.4533,44.1408,55.0347,38.4354,44.434,38.7383,50.2597,62.958,59.0503,58.1633,44.4576,49.212,58.8361,26.1277,27.1268,25.1286,34.0477,34.1617,41.9132,51.9396,56.4703,44.7559,40.4917,35.657,35.657,55.1037,56.4536,54.8766,55.1037,56.4536,54.8766,51.9024,52.6565,49.4069,58.3191,61.0155,54.3168,52.2171,47.9476,54.2441,66.1712,58.652,61.7053,73.3587,71.3712,67.5601,69.5434,68.8701,61.3856,50.6047,50.0114,43.9969,41.9335,42.0511,41.9923,41.2752,39.4205,39.9239,46.4778,43.6992,54.8739,45.6286,43.8994,27.3878,42.3147,41.6088,44.1242,45.6286,37.3506,35.9049,27.3503,29.4998,32.4045,27.244,25.1756,23.3905,42.1434,45.2919,40.5394,30.3917,24.4368,24.1991,50.5523,67.7984,63.7383,29.878,51.1811,48.0982,42.299,51.9182,59.3124,20.9631,28.0554,30.4115,34.0069,30.3471,30.4592,26.2613,26.7655,23.6926,35.1252,36.3414,36.739,53.7162,51.2654,49.9948,48.8755,47.7783,39.7975
28.5024,32.7398,37.2963,39.8062,41.6565,40.73135,79.6696,55.1854,63.6953,80.2948,55.6845,60.6219,31.2341,45.584,38.40905,36.1223,39.2229,38.6928,30.7471,36.8892,48.2857,30.91,34.7609,33.8897,54.4828,64.1307,59.30675,49.1226,40.4741,39.6066,64.6664,65.8096,55.1854,79.3597,77.8149,76.0924,32.967,39.0916,42.9552,37.4109,33.1517,38.6999,48.923,48.8969,36.3211,38.1416,40.136,32.7833,60.3947,63.4968,70.0534,30.8434,33.6066,34.0477,44.4083,49.4069,47.3414,56.7268,51.0819,42.4246,24.6913,21.7868,23.23905,38.2132,39.8358,39.9243,60.2317,61.9357,40.8892,62.0485,55.6108,40.8586,43.3438,46.878,32.577,53.9515,46.2928,52.2782,62.151,45.7732,51.8922,40.1604,40.5782,53.8151,30.1581,34.9509,19.9484,43.2359,42.9552,45.9078,58.3024,61.111,50.7919,38.4339,35.6048,39.7602,56.2708,62.7125,55.679,56.2708,62.7125,55.679,58.4868,55.3883,53.0527,61.7268,59.556,51.0819,38.2992,40.8683,49.0493,56.5002,51.1548,57.1332,74.7833,73.6586,66.7526,61.2511,64.1508,49.83,48.4256,50.4514,42.6162,40.3794,45.712,43.0457,43.311,41.5819,42.1142,51.179,49.6074,53.5915,55.1037,48.921,43.8994,52.2583,47.258,47.4719,55.3713,44.1185,46.6605,30.1988,29.7482,27.3057,26.2656,25.1756,22.7662,46.8938,52.8118,49.5328,32.6085,35.2112,26.8494,60.4019,70.8738,69.3064,29.4986,55.1152,48.6638,46.8205,55.7711,58.1151,22.2927,24.4416,29.1678,43.4522,38.3354,37.4109,27.1268,26.72,21.5652,38.4994,33.6088,36.6476,54.7752,51.5011,52.1,60.0603,56.724,50.8111
24.7015,28.1698,34.2655,38.51,47.2679,42.88895,85.3661,49.3572,59.0463,65.714,58.1039,55.2943,34.6776,50.3731,42.52535,35.6133,34.1406,38.6928,27.6821,32.8102,44.1408,33.7637,34.1406,31.3174,54.8766,69.1611,62.01885,39.4472,38.3429,38.9925,65.8096,60.7306,58.7912,71.6823,77.8776,75.5225,32.3749,40.7844,45.9967,41.0606,24.3297,41.1757,60.6887,59.6913,51.4832,38.7112,56.0443,42.2855,51.5799,57.9147,63.4968,33.3097,31.3191,34.9509,43.8793,45.0068,51.0278,51.494,48.0999,43.9996,21.0585,25.5113,23.2849,39.8358,43.2593,45.2919,61.9357,64.2771,35.9049,65.7777,61.7268,49.5328,34.4599,40.7335,28.1863,61.0143,60.5995,66.0981,60.589,40.5673,45.8018,36.8177,34.4967,46.6605,39.9976,39.3888,24.2467,51.1968,49.5928,54.7208,64.0091,60.7579,55.3524,41.0738,33.9518,41.6491,49.8567,59.2305,52.8028,49.8567,59.2305,52.8028,59.5916,58.4868,54.6389,58.8733,57.985,50.8871,34.6026,32.1094,38.2992,51.8317,48.3789,47.2555,73.7995,72.2612,60.8701,50.1638,61.3856,42.3147,44.0942,45.4153,43.8994,42.0511,48.5305,45.2908,49.3236,45.9118,47.8579,55.3122,55.0588,54.2236,50.7359,53.6893,55.1243,59.2575,52.6552,57.175,59.5253,53.8151,50.3416,29.9947,32.6708,26.3997,28.0872,25.1756,24.9831,56.1592,54.4797,51.373,33.9172,51.8284,36.2724,62.1227,62.7559,67.1908,29.878,57.6538,46.1755,51.7099,52.1,54.7752,20.4204,24.4416,24.4416,51.0819,48.3283,46.321,28.4007,35.2357,26.7655,37.9104,36.3721,30.984,54.2475,51.5011,52.9508,61.8519,62.982,53.4875
24.533,29.2292,31.8533,36.5619,51.5011,44.0315,81.1288,51.1807,57.6126,61.4685,68.1448,57.2937,43.1211,56.3413,49.7312,34.1406,36.8013,37.9572,26.8573,29.8103,40.0043,32.1182,35.2806,34.6993,60.7926,69.2516,65.0221,36.3353,37.3227,38.1517,63.4512,62.4081,61.4173,74.442,80.046,75.3322,40.7844,44.6483,44.1917,36.3708,22.6199,38.851,65.1953,66.8956,62.3669,39.0247,68.7858,58.5224,47.5018,60.9528,55.4394,32.6708,28.1415,31.7883,47.7219,38.2132,41.3926,46.8938,43.038,41.8607,21.0585,32.5949,26.8267,44.6495,44.8644,54.8508,61.5729,58.0223,36.563,65.0912,65.2788,58.9396,32.0171,31.5086,35.2852,68.471,65.6841,64.9737,47.712,40.5673,42.7531,33.4986,31.7739,39.073,50.9499,48.9177,35.4832,53.5111,51.7687,48.6346,60.6905,59.4526,59.7933,36.8908,32.5653,41.0969,47.4001,55.3713,50.2097,47.4001,55.3713,50.2097,54.7893,54.0559,54.8966,55.6108,51.494,50.8871,29.6188,32.1345,28.3275,45.0518,38.6999,45.0518,62.6934,61.3915,55.679,44.1807,55.4971,37.6935,50.9758,46.0999,54.5451,48.5305,53.1483,50.8394,51.6043,53.3528,50.3856,59.7533,58.652,49.6819,43.5324,55.8018,61.9487,62.3669,58.0136,58.0136,59.3289,62.9406,52.2701,33.3097,37.4122,27.7045,30.1003,24.4368,28.5002,63.0293,59.6437,58.408,45.663,59.5181,55.2963,59.2451,54.0342,50.6885,37.2731,63.6389,46.1755,51.7099,55.175,55.9195,21.141,20.9631,20.9631,55.954,51.0819,51.0819,36.1823,47.3514,34.1937,41.0057,37.4636,31.5454,50.633,51.6578,50.0749,65.8096,63.329,54.4501
24.9105,29.4084,27.946,39.902,62.0584,50.9802,82.9494,47.9257,56.1996,57.8402,77.9464,57.2937,51.179,63.093,57.136,36.8013,36.684,35.2806,30.5618,31.5086,36.994,36.684,33.7637,30.8073,71.9413,78.2619,75.1016,33.0982,37.7667,36.563,59.9973,58.642,68.908,73.6332,79.9421,74.1656,45.9078,39.3612,41.0446,34.142,22.669,33.4961,68.342,70.13,64.1508,47.3383,72.3734,66.317,50.6421,59.8334,56.1016,27.7045,25.0803,28.011,39.7471,33.9212,39.7746,44.7302,43.1211,38.9715,25.2727,40.6616,32.96715,52.8355,52.8355,54.4797,54.9294,56.6046,34.8238,59.556,61.2963,61.4687,29.1383,30.7471,41.9493,61.4633,66.5795,67.1787,39.3888,34.6282,33.4956,31.6129,25.9948,29.7571,58.6677,54.1718,48.3451,46.1447,42.3262,39.5623,60.842,57.0502,63.8127,34.9199,32.9867,38.4339,43.9969,49.923,49.923,43.9969,49.923,49.923,51.4776,51.0278,52.6565,53.662,50.4958,47.5126,24.8164,30.5742,23.2478,44.6225,44.6225,38.3354,53.3106,55.3096,50.0114,35.82,50.6742,31.5644,61.9487,60.5793,54.8766,52.6057,54.561,53.58335,48.7413,53.878,53.1206,66.6048,63.3473,64.97605,34.4967,53.036,61.9487,57.572,62.3669,56.8232,54.4828,66.3101,53.6893,37.5467,47.0167,32.5949,40.0992,28.0872,32.3656,59.5779,56.5229,58.408,62.9978,52.077,68.5629,49.8444,56.0042,48.3354,45.1244,62.9553,51.8413,51.7099,51.7099,52.591,23.1748,22.7378,18.9661,58.2079,56.5229,49.7315,48.0706,56.5104,44.5321,39.712,40.5876,32.8107,46.8205,45.6016,46.5956,67.5351,65.0085,61.8519
27.4554,29.6575,26.6844,46.8205,67.8432,57.33185,75.4538,50.7587,52.5469,56.6937,87.0485,58.8908,59.7533,69.9453,64.8493,41.3926,38.4677,38.0996,36.0681,29.524,34.0394,46.0395,35.1893,34.4209,77.2235,81.5432,79.38335,33.0982,38.6418,39.3139,64.1009,60.0603,66.5859,70.8396,79.8798,74.7603,47.8635,34.2375,39.5957,29.6661,23.203,28.7354,66.7459,63.1852,67.9394,62.6772,68.3632,64.8264,60.1846,54.995,57.8429,30.4015,25.8419,28.3145,37.1513,34.4209,35.6434,41.4336,41.6618,37.7521,31.7883,48.2629,40.0256,59.5779,58.052,51.2519,54.6425,57.0119,35.3826,56.2503,54.5726,59.6437,31.3879,34.9568,49.8489,56.5201,61.9461,62.1244,29.8717,33.1604,25.8419,27.3878,23.2335,28.6479,56.3631,52.1,52.9508,38.0666,37.1236,36.1236,59.0764,58.7847,54.8686,38.7994,32.537,41.6491,43.3109,47.5149,45.5102,43.3109,47.5149,45.5102,51.0278,50.3931,59.5916,52.8118,48.9333,49.6819,23.9787,31.9086,19.0409,45.0518,41.5193,41.8607,46.6605,51.9917,45.0341,33.1448,47.258,29.7515,66.0328,66.2362,66.1345,57.6651,53.1483,55.4067,43.7285,50.6047,54.6903,64.3589,66.7079,65.5334,26.906,51.4315,49.3236,51.8092,64.4128,52.3577,47.1469,56.6765,52.9513,44.9102,55.9195,41.8102,42.7619,28.7386,38.6332,56.182,48.5053,56.1592,69.5063,48.7099,63.3816,48.3589,54.7893,44.8578,55.7995,74.1768,50.1486,56.9997,50.633,49.9948,25.6987,22.0669,21.5508,54.5726,51.179,46.3472,58.8831,59.9054,59.39425,43.9457,48.5118,37.5533,46.5675,44.9971,43.4717,65.1089,61.8519,66.8436
42.8574,39.9934,23.0097,52.1,60.8236,56.4618,60.8141,59.3432,47.2101,58.4818,92.6413,64.9604,64.3589,62.6679,63.5134,46.8143,42.5729,44.7831,43.6868,27.5462,26.8224,51.0278,41.313,35.9135,81.3551,76.668,79.01155,30.2978,37.211,44.3851,59.7235,59.9762,70.1328,73.7611,81.0418,70.384,46.9372,30.8713,31.692,29.6661,23.203,29.1265,60.8915,59.3261,61.4304,69.2282,59.143,63.7129,54.995,53.4202,54.2076,26.5374,30.0356,29.9947,37.7285,33.8897,33.7005,37.1297,39.6879,34.6776,44.9102,53.64,49.2751,56.364,57.2682,56.7268,53.934,55.4743,54.70415,56.364,55.6108,53.9667,37.9003,35.9342,55.0155,47.0504,61.4095,53.5219,26.9015,30.1988,21.8419,25.9948,25.66285,25.3309,48.2903,48.3451,50.0749,36.2679,38.6503,37.4591,60.1497,59.4014,56.8222,38.3114,33.9518,41.0969,41.9374,46.0294,44.6745,41.9374,46.0294,44.6745,50.2107,51.2755,53.4905,48.9333,52.5263,48.9333,26.5662,32.7792,19.6832,43.2041,43.2041,39.3012,43.5324,48.4708,43.606,28.2504,43.9545,36.10245,62.4839,62.0061,62.245,54.3435,48.923,51.63325,38.9925,46.9389,51.8413,64.338,66.4398,48.2776,28.7887,44.6985,46.9389,45.2984,54.3435,45.5745,40.5001,50.0114,50.0114,52.9508,57.6076,44.5321,49.4654,38.8678,41.7184,46.6601,45.7163,58.408,66.9591,47.1941,61.0769,48.4528,51.4776,49.9652,54.3673,74.1768,51.1811,57.7771,56.3631,57.0701,36.2679,27.5069,30.8298,48.5053,46.6601,42.1152,65.6156,59.3124,51.1604,50.3105,53.7079,46.2093,44.9102,41.5332,42.299,60.5007,56.6586,61.8519
51.0278,46.4281,23.1885,60.1888,48.5092,54.349,53.4363,66.903,46.6116,63.5952,92.0818,73.2262,64.1068,61.8127,62.95975,54.445,50.3247,53.8607,47.0504,29.524,26.8224,52.1028,47.8877,36.2412,76.3201,74.292,75.30605,34.5564,37.9321,49.746,57.4399,55.9362,69.5313,73.9315,83.3346,69.7528,38.5478,26.995,27.3681,30.9041,27.52475,24.1454,57.7582,54.0525,57.3854,73.3613,54.8261,61.0715,,,,29.0394,36.1823,33.8646,36.684,35.61445,34.5449,33.5736,35.9862,31.161,50.2082,50.0749,50.14155,51.2519,58.408,55.3122,54.9814,52.4974,53.7394,56.5229,49.9048,53.0015,44.7927,46.271,56.5578,39.0393,51.0739,46.3581,25.2727,29.4998,18.4552,21.8664,23.7754,25.6844,45.1416,46.7082,46.6801,36.6979,37.1236,36.91075,58.1641,59.1963,57.6089,39.9737,36.0206,41.0969,43.606,45.7232,43.606,43.606,45.7232,43.606,54.6389,53.5341,49.0826,49.9048,53.8262,48.9333,,,,50.3731,44.1899,41.1757,40.708,45.0341,39.073,28.9083,42.7511,35.8297,,,,48.714,46.693,47.7035,47.54715,44.1185,50.9758,63.199,62.6679,51.373,43.75215,42.089,45.4153,42.3147,45.5745,41.1326,34.7349,46.5907,46.5907,54.3482,55.0253,48.9177,50.5514,44.3715,46.9267,43.2041,41.7756,55.6108,64.2361,43.2641,57.1024,50.1421,52.8329,51.4875,59.4162,75.4909,52.6138,58.8592,59.3124,59.0858,41.1742,42.3262,44.4357,46.321,45.212,43.2041,62.6359,52.9508,55.3493,55.0077,53.7773,52.5469,44.9102,43.3228,43.0237,54.7851,55.5395,62.9616
54.1858,56.2578,24.9105,63.3708,44.6487,54.00975,52.7073,73.1077,45.5242,73.8675,83.5702,79.6562,64.8615,62.4974,63.67945,61.6453,55.9195,60.4019,43.3438,29.524,27.4439,51.8355,51.4776,38.4677,72.5451,71.4604,72.00275,34.016,37.3506,55.1037,58.4926,55.9582,70.5196,75.4168,85.8834,72.0484,33.1233,23.2289,23.3905,28.1796,25.1512,22.1228,53.1483,51.4832,55.8781,74.2011,50.9786,60.869,,,,36.5619,44.2689,45.1416,33.8897,34.56995,35.2502,,,,49.2426,51.7099,50.47625,53.0252,58.9396,56.3413,,,,53.662,51.4457,50.5204,48.5173,46.8133,55.2458,36.0414,46.271,46.2928,22.0063,28.8704,18.712,,,,44.2689,47.0167,43.0237,,,,58.9221,58.9736,58.1641,39.16315,36.8147,41.5116,,,,,,,51.80595,53.8824,49.7295,52.2397,56.182,47.4869,,,,,,,41.1212,46.6605,41.4032,29.3527,41.7271,35.5399,,,,47.4719,45.602,46.53695,,,,61.8127,59.556,51.179,41.07295,35.207,46.9389,34.3137,39.5218,40.531,,,,57.3164,44.9971,56.0429,50.2125,50.7412,48.9483,47.2555,45.2919,53.5444,53.4701,42.3761,54.8586,,,,70.7772,82.2455,52.6138,61.5243,60.9407,61.2325,43.9159,47.141,47.3152,44.757,46.2687,42.4246,58.6677,55.3742,55.7711,53.911,53.4363,48.706,45.9158,42.6324,41.8716,54.0011,51.6002,57.6342
55.4948,52.8989,25.2005,61.0343,41.4096,51.22195,53.0271,76.3926,48.948,76.8723,78.66,86.9786,,,,68.6486,57.5769,69.1375,45.1491,31.7787,28.6166,56.9303,54.0342,44.4584,71.2462,73.8699,72.55805,35.5283,39.9239,58.5193,55.3184,56.1996,69.6479,78.5466,88.2604,74.9299,28.7719,22.2927,27.1355,32.7692,27.446,22.1228,49.8557,49.8557,50.5469,65.8005,45.712,56.0443,,,,41.8716,51.2654,46.9607,,,,,,,53.3345,51.6839,52.5092,54.8508,57.985,56.7721,,,,52.693,50.5204,51.9519,54.6302,53.6198,52.3776,30.7779,40.9983,39.3383,24.2467,26.2613,15.7405,,,,36.6305,41.8102,39.22035,,,,58.5266,59.0422,58.3024,,,,,,,,,,,,,56.06615,63.199,48.9333,,,,,,,35.9049,43.8994,36.9867,29.1111,36.9147,33.0129,,,,,,,,,,55.6796,54.897,56.1592,39.4582,39.9239,38.9925,32.7833,35.8536,39.0247,,,,57.3407,38.3453,53.1301,47.3717,53.7943,50.7412,46.7381,42.7601,52.4547,53.2872,41.7184,53.3075,,,,74.5183,78.1448,60.4476,63.9189,58.2596,61.08925,48.6346,49.4247,52.9526,44.6495,43.1211,41.889,53.7669,50.2082,51.7881,48.4632,44.1291,46.9863,43.0237,43.4717,42.3901,48.8755,50.8762,60.0183
52.4798,53.6649,30.3591,50.3943,42.7531,46.5737,56.9415,75.8298,48.8755,82.5001,79.1585,91.0332,,,,65.5824,62.5386,71.0964,46.0308,41.9257,31.3879,57.743,56.4895,47.3414,70.8886,72.1013,71.49495,43.5324,45.2489,60.9475,58.2145,58.0214,67.9484,,,,23.2289,21.3176,24.1829,30.9041,26.10435,21.3046,49.2354,44.8261,50.3939,64.9568,45.5194,56.5172,,,,48.0706,53.64,57.1217,,,,,,,53.7669,48.5092,51.13805,53.9667,61.5548,56.3413,,,,49.9048,45.2919,51.373,53.208,66.3218,48.2857,27.4439,32.5822,37.7205,,,,,,,35.3419,39.8701,37.606,,,,,,,,,,,,,,,,,,,56.29515,62.0699,50.5204,,,,,,,40.3051,41.4032,39.207,29.0301,38.2053,33.6177,,,,,,,,,,54.5726,52.2636,59.7533,,,,27.7054,32.8922,37.7899,,,,55.3493,36.1823,53.1301,46.0268,51.7661,45.6858,,,,50.2974,40.7782,46.7702,,,,86.5419,76.8938,60.4476,63.9189,60.4715,62.1952,43.577,48.0643,47.6332,,,,54.6499,51.7099,49.9681,43.8406,43.0994,40.6715,41.8716,42.9637,43.5905,50.1209,49.4771,58.6953
47.1263,49.6605,39.5271,45.9158,41.8716,43.8937,52.3401,75.1526,55.0077,80.9606,79.2723,89.2721,,,,52.2804,60.3817,62.3011,45.1491,48.8528,43.7324,59.9165,57.0976,55.6012,68.8169,69.9553,69.3861,48.921,48.131,64.1307,59.3008,56.046,66.7049,,,,20.9631,21.3176,20.4204,,,,46.6701,45.602,47.7382,59.143,54.84495,50.5469,,,,53.64,52.1777,61.1979,,,,,,,58.6677,48.2903,53.479,52.693,64.1068,57.6049,,,,49.3336,51.0819,52.8118,57.5149,66.3218,54.3207,,,,,,,,,,33.6066,38.3453,35.97595,,,,,,,,,,,,,,,,,,,,,,,,,,,,39.2941,40.6561,37.9321,,,,,,,,,,,,,52.5263,46.6341,49.5802,,,,,,,,,,48.809,34.6642,48.3724,46.0268,50.9726,47.2608,,,,50.4033,42.4728,50.0638,,,,85.0345,71.8187,62.797,64.6231,55.7464,60.18475,42.9552,46.3511,44.65315,,,,52.333,48.5092,48.7001,39.7975,40.8111,41.2549,44.2689,41.2547,42.7531,50.8762,50.8058,58.3857
44.4083,51.0278,38.0996,,,,48.0972,73.0696,65.0085,91.0332,87.91285,84.7925,,,,49.1754,57.2854,60.684,47.6498,46.9212,46.0308,57.6807,57.0976,56.9512,74.8534,72.6868,73.7701,54.2747,50.0114,52.14305,60.5844,58.2145,61.9964,,,,19.6111,21.3176,19.9261,,,,,,,57.4087,53.4128,49.4169,,,,59.0503,54.9504,61.1979,,,,,,,56.633,43.2034,49.9182,,,,,,,,,,57.5149,73.0253,53.6979,,,,,,,,,,34.3027,39.9976,37.15015,,,,,,,,,,,,,,,,,,,,,,,,,,,,37.72325,41.5819,33.8646,,,,,,,,,,,,,,,,,,,,,,,,,43.9455,44.1072,44.2689,44.581,47.1051,46.0268,,,,45.6402,38.6593,45.5031,,,,82.2455,66.5398,64.1098,64.6231,58.8831,61.7531,42.5787,45.8781,44.2284,,,,48.3724,47.0167,47.5736,39.4835,38.0584,40.8111,44.9971,40.5673,45.7732,,,
42.9347,52.2804,42.9604,,,,54.0011,67.1404,69.5313,88.7269,85.16895,81.611,,,,48.1002,56.8255,59.5509,45.7017,46.9212,44.3439,,,,70.6737,71.2462,70.95995,56.8383,57.5826,57.21045,,,,,,,,,,,,,,,,,,,,,,55.7464,58.091,56.9997,,,,,,,61.3146,41.5332,51.4239,,,,,,,,,,61.0143,66.012,56.5578,,,,,,,,,,,,,,,,,,,,,,,,,,,,,,,,,,,,,,,,38.9644,40.5782,37.3506,,,,,,,,,,,,,,,,,,,,,,,,,40.1565,41.01405,41.8716,41.8653,45.6402,47.9675,,,,46.9267,41.201,47.1941,,,,67.9154,56.7597,65.2532,60.4715,58.091,59.28125,45.9078,42.4841,45.9967,,,,44.8812,46.285,45.573,37.3437,36.739,38.0584,42.299,43.7091,44.2982,,,
37.412,50.7565,43.4728,,,,67.002,68.5953,72.8982,85.648,83.98945,82.3309,,,,47.4844,56.0042,59.7339,47.2651,48.2857,43.6868,,,,77.7778,68.0714,72.9246,62.6934,56.6765,59.68495,,,,,,,,,,,,,,,,,,,,,,56.4368,54.3482,51.8922,,,,,,,66.9788,41.5641,54.27145,,,,,,,,,,57.197,58.4804,55.2458,,,,,,,,,,,,,,,,,,,,,,,,,,,,,,,,,,,,,,,,37.3529,40.239,34.4668,,,,,,,,,,,,,,,,,,,,,,,,,,,,44.73,42.6898,46.7702,,,,46.5908,40.3014,43.1211,,,,54.4828,48.6638,62.797,58.9548,58.091,58.5229,42.7359,44.2833,43.577,,,,44.9971,43.5905,46.7082,36.739,37.133,39.4548,44.2103,45.2281,44.6196,,,
39.9934,49.1058,44.7831,,,,65.8096,70.365,75.8486,,,,,,,,,,48.0956,51.6384,45.2157,,,,76.2331,67.7794,72.00625,62.5792,59.1518,60.8655,,,,,,,,,,,,,,,,,,,,,,51.5011,54.7752,51.0815,,,,,,,67.5114,43.3228,55.4171,,,,,,,,,,56.5201,57.5895,54.3207,,,,,,,,,,,,,,,,,,,,,,,,,,,,,,,,,,,,,,,,,,,,,,,,,,,,,,,,,,,,,,,,,,,,,,44.3046,41.1267,47.4825,,,,46.4784,37.6025,45.8452,,,,50.6364,45.3229,60.3936,57.3407,53.4364,55.38855,42.7359,44.9205,46.5862,,,,39.3888,41.82885,44.2689,,,,43.7387,47.2679,44.2103,,,
,,,,,,73.5829,68.8885,71.8472,,,,,,,,,,48.6643,49.3319,44.5014,,,,75.116,65.7178,70.4169,60.9475,59.3289,60.1382,,,,,,,,,,,,,,,,,,,,,,48.809,49.5929,49.5929,,,,,,,67.7548,45.1416,56.4482,,,,,,,,,,51.4776,56.5201,54.3788,,,,,,,,,,,,,,,,,,,,,,,,,,,,,,,,,,,,,,,,,,,,,,,,,,,,,,,,,,,,,,,,,,,,,,41.75895,39.9216,43.5963,,,,41.201,39.7943,46.9267,,,,45.1244,39.6891,55.572,55.0253,52.7455,53.8854,39.5957,43.2359,41.7214,,,,,,,,,,,,,,,
,,,,,,81.2578,67.5351,69.5313,,,,,,,,,,46.2274,51.4172,47.5005,,,,,,,54.3788,61.7185,58.04865,,,,,,,,,,,,,,,,,,,,,,49.5929,48.809,48.9177,,,,,,,,,,,,,,,,,,,52.7544,48.2857,49.8489,,,,,,,,,,,,,,,,,,,,,,,,,,,,,,,,,,,,,,,,,,,,,,,,,,,,,,,,,,,,,,,,,,,,,,,,,,,,,,,,,,33.3724,37.3506,49.7189,53.4364,48.9177,51.17705,40.2597,42.7987,43.7005,,,,,,,,,,,,,,,
,,,,,,77.2904,68.4192,68.8885,,,,,,,,,,46.1838,52.8927,50.5661,,,,,,,54.5451,60.7345,57.6398,,,,,,,,,,,,,,,,,,,,,,47.0167,47.9329,47.3514,,,,,,,,,,,,,,,,,,,54.2625,46.8133,52.6752,,,,,,,,,,,,,,,,,,,,,,,,,,,,,,,,,,,,,,,,,,,,,,,,,,,,,,,,,,,,,,,,,,,,,,,,,,,,,,,,,,30.3462,35.0437,48.6638,45.0838,44.6487,44.86625,43.3291,44.3053,45.2815,,,,,,,,,,,,,,,
,,,,,,78.0919,69.6479,66.8436,,,,,,,,,,44.2763,55.3033,49.7898,,,,,,,56.6765,59.9365,58.3065,,,,,,,,,,,,,,,,,,,,,,43.6795,50.633,45.573,,,,,,,,,,,,,,,,,,,52.5762,44.815,48.4122,,,,,,,,,,,,,,,,,,,,,,,,,,,,,,,,,,,,,,,,,,,,,,,,,,,,,,,,,,,,,,,,,,,,,,,,,,,,,,,,,,,,,,,,,,,,,,,,,,,,,,,,,
,,,,,,75.7922,72.184,68.5758,,,,,,,,,,,,,,,,,,,57.2414,59.8583,58.54985,,,,,,,,,,,,,,,,,,,,,,43.3228,48.9448,44.6487,,,,,,,,,,,,,,,,,,,52.3379,47.8412,49.8489,,,,,,,,,,,,,,,,,,,,,,,,,,,,,,,,,,,,,,,,,,,,,,,,,,,,,,,,,,,,,,,,,,,,,,,,,,,,,,,,,,,,,,,,,,,,,,,,,,,,,,,,,
,,,,,,72.4403,68.2706,64.1009,,,,,,,,,,,,,,,,,,,55.3096,55.9448,55.6272,,,,,,,,,,,,,,,,,,,,,,41.5641,45.1416,43.4717,,,,,,,,,,,,,,,,,,,52.4373,46.3581,47.6498,,,,,,,,,,,,,,,,,,,,,,,,,,,,,,,,,,,,,,,,,,,,,,,,,,,,,,,,,,,,,,,,,,,,,,,,,,,,,,,,,,,,,,,,,,,,,,,,,,,,,,,,,
,,,,,,72.8219,71.487,70.1521,,,,,,,,,,,,,,,,,,,,,,,,,,,,,,,,,,,,,,,,,,,39.902,43.2332,43.4717,,,,,,,,,,,,,,,,,,,52.5762,42.2311,47.6498,,,,,,,,,,,,,,,,,,,,,,,,,,,,,,,,,,,,,,,,,,,,,,,,,,,,,,,,,,,,,,,,,,,,,,,,,,,,,,,,,,,,,,,,,,,,,,,,,,,,,,,,,
,,,,,,,,,,,,,,,,,,,,,,,,,,,,,,,,,,,,,,,,,,,,,,,,,,,35.2357,41.5641,43.2332,,,,,,,,,,,,,,,,,,,52.2782,41.571,48.5173,,,,,,,,,,,,,,,,,,,,,,,,,,,,,,,,,,,,,,,,,,,,,,,,,,,,,,,,,,,,,,,,,,,,,,,,,,,,,,,,,,,,,,,,,,,,,,,,,,,,,,,,,
,,,,,,,,,,,,,,,,,,,,,,,,,,,,,,,,,,,,,,,,,,,,,,,,,,,36.1823,39.902,41.5641,,,,,,,,,,,,,,,,,,,48.0956,41.9257,48.2857,,,,,,,,,,,,,,,,,,,,,,,,,,,,,,,,,,,,,,,,,,,,,,,,,,,,,,,,,,,,,,,,,,,,,,,,,,,,,,,,,,,,,,,,,,,,,,,,,,,,,,,,,
,,,,,,,,,,,,,,,,,,,,,,,,,,,,,,,,,,,,,,,,,,,,,,,,,,,33.4956,40.1565,38.7394,,,,,,,,,,,,,,,,,,,,,,,,,,,,,,,,,,,,,,,,,,,,,,,,,,,,,,,,,,,,,,,,,,,,,,,,,,,,,,,,,,,,,,,,,,,,,,,,,,,,,,,,,,,,,,,,,,,,,,,,,,,,,,
