Tobillo izquierdo,,,,,,,,,,,,,,,,,,,,,,,,,,,,,,,,,,,,,,,,,,,,,,,,,,,,,,,,,,,,,,,,,,,,,,,,,,,,,,,,,,,,,,,,,,,,,,,,,,,,,,,,,,,,,,,,,,,,,,,,,,,,,,,,,,,,,,,,,,,,,,,,,,,,,,,,,,,,,,,,,,,,,,,,,,,,,,,,,,,
"R1-ST, 15 dpl",,,"R1-ST, 30 dpl",,,"R2-ST, 15 dpl",,,"R2-ST, 30 dpl",,,"R3-ST, 15 dpl",,,"R3-ST, 30 dpl",,,"R4-ST, 15 dpl",,,"R4-ST, 30 dpl",,,"R5-ST, 15 dpl",,,"R5-ST, 30 dpl",,,"R6-ST, 15 dpl",,,"R6-ST, 30 dpl",,,"R1-TMX, 15 dpl",,,"R1-TMX, 30 dpl",,,"R2-TMX, 15 dpl",,,"R2-TMX, 30 dpl",,,"R3-TMX, 15 dpl",,,"R3-TMX, 30 dpl",,,"R4-TMX, 15 dpl",,,"R4-TMX, 30 dpl",,,"R5-TMX, 15 dpl",,,"R5-TMX, 30 dpl",,,"R6-TMX, 15 dpl",,,"R6-TMX, 30 dpl",,,"R1-EJE, 15 dpl",,,"R1-EJE, 30 dpl",,,"R2-EJE, 15 dpl",,,"R2-EJE, 30 dpl",,,"R3-EJE, 15 dpl",,,"R3-EJE, 30 dpl",,,"R4-EJE, 15 dpl",,,"R4-EJE, 30 dpl",,,"R5-EJE, 15 dpl",,,"R5-EJE, 30 dpl",,,"R6-EJE, 15 dpl",,,"R6-EJE, 30 dpl",,,"R1-TE, 15 dpl",,,"R1-TE, 30 dpl",,,"R2-TE, 15 dpl",,,"R2-TE, 30 dpl",,,"R3-TE, 15 dpl",,,"R3-TE, 30 dpl",,,"R4-TE, 15 dpl",,,"R4-TE, 30 dpl",,,"R5-TE, 15 dpl",,,"R5-TE, 30 dpl",,,"R6-TE, 15 dpl",,,"R6-TE, 30 dpl",,,"R1-VH, 15 dpl",,,"R1-VH, 30 dpl",,,"R2-VH, 15 dpl",,,"R2-VH, 30 dpl",,,"R3-VH, 15 dpl",,,"R3-VH, 30 dpl",,,"R4-VH, 15 dpl",,,"R4-VH, 30 dpl",,,"R5-VH, 15 dpl",,,"R5-VH, 30 dpl",,,"R6-VH, 15 dpl",,,"R6-VH, 30 dpl",,
Paso 1 ,Paso 2,Paso 3,Paso 1 ,Paso 2,Paso 3,Paso 1 ,Paso 2,Paso 3,Paso 1 ,Paso 2,Paso 3,Paso 1 ,Paso 2,Paso 3,Paso 1 ,Paso 2,Paso 3,Paso 1 ,Paso 2,Paso 3,Paso 1 ,Paso 2,Paso 3,Paso 1 ,Paso 2,Paso 3,Paso 1 ,Paso 2,Paso 3,Paso 1 ,Paso 2,Paso 3,Paso 1 ,Paso 2,Paso 3,Paso 1 ,Paso 2,Paso 3,Paso 1 ,Paso 2,Paso 3,Paso 1 ,Paso 2,Paso 3,Paso 1 ,Paso 2,Paso 3,Paso 1 ,Paso 2,Paso 3,Paso 1 ,Paso 2,Paso 3,Paso 1 ,Paso 2,Paso 3,Paso 1 ,Paso 2,Paso 3,Paso 1 ,Paso 2,Paso 3,Paso 1 ,Paso 2,Paso 3,Paso 1 ,Paso 2,Paso 3,Paso 1 ,Paso 2,Paso 3,Paso 1 ,Paso 2,Paso 3,Paso 1 ,Paso 2,Paso 3,Paso 1 ,Paso 2,Paso 3,Paso 1 ,Paso 2,Paso 3,Paso 1 ,Paso 2,Paso 3,Paso 1 ,Paso 2,Paso 3,Paso 1 ,Paso 2,Paso 3,Paso 1 ,Paso 2,Paso 3,Paso 1 ,Paso 2,Paso 3,Paso 1 ,Paso 2,Paso 3,Paso 1 ,Paso 2,Paso 3,Paso 1 ,Paso 2,Paso 3,Paso 1 ,Paso 2,Paso 3,Paso 1 ,Paso 2,Paso 3,Paso 1 ,Paso 2,Paso 3,Paso 1 ,Paso 2,Paso 3,Paso 1 ,Paso 2,Paso 3,Paso 1 ,Paso 2,Paso 3,Paso 1 ,Paso 2,Paso 3,Paso 1 ,Paso 2,Paso 3,Paso 1 ,Paso 2,Paso 3,Paso 1 ,Paso 2,Paso 3,Paso 1 ,Paso 2,Paso 3,Paso 1 ,Paso 2,Paso 3,Paso 1 ,Paso 2,Paso 3,Paso 1 ,Paso 2,Paso 3,Paso 1 ,Paso 2,Paso 3,Paso 1 ,Paso 2,Paso 3,Paso 1 ,Paso 2,Paso 3,Paso 1 ,Paso 2,Paso 3,Paso 1 ,Paso 2,Paso 3,Paso 1 ,Paso 2,Paso 3,Paso 1 ,Paso 2,Paso 3,Paso 1 ,Paso 2,Paso 3,Paso 1 ,Paso 2,Paso 3,Paso 1 ,Paso 2,Paso 3
86.4595,98.0667,97.0036,80.1612,74.6178,70.3098,68.5721,77.494,74.1077,56.8421,77.811,70.5193,59.4884,70.7983,60.3954,73.2534,70.9534,72.1034,75.9084,64.6795,47.7184,87.8069,81.8746,68.8069,76.794,85.4352,89.0787,85.2941,65.6212,76.4787,64.3354,53.217,84.6988,84.131,82.5643,75.5477,56.95585,61.3504,52.5613,55.9087,57.4033,58.8979,85.2902,74.3002,67.0872,76.2603,59.8301,50.1064,83.3099,83.22,83.1301,71.3031,53.0552,60.6964,81.1471,95.5213,88.7908,113.8963,101.3514,86.6921,85.5222,75.6786,77.2082,74.4257,57.217,54.7274,89.7682,72.9698,84.7069,96.1836,76.3331,73.7734,56.4906,73.9066,69.8084,66.0446,73.658,66.0446,67.5888,60.2153,54.3958,68.1327,67.1037,57.6204,64.5222,63.1343,56.9331,83.2175,81.706,66.0351,94.8725,84.2829,64.2033,51.8565,59.5118,63.6394,92.1841,88.9612,85.7383,93.4579,91.3907,89.3235,65.9999,61.8791,57.7583,71.5828,78.3394,65.2454,82.32655,89.1506,75.5025,111.178,119.0017,109.8998,59.15595,62.872,55.4399,71.0876,62.1211,63.7108,85.1099,81.2756,83.19275,83.6659,85.9869,81.3449,76.1105,64.3869,68.2999,87.2323,85.5738,80.8667,73.7397,68.8987,53.9205,62.7444,59.79575,56.8471,61.0249,50.5425,55.7837,67.129,56.3853,53.4981,64.9462,61.4022,68.4902,87.8368,91.0166,81.8685,53.9342,56.8809,50.9875,78.7575,73.0069,72.3775,87.3067,64.2139,87.6213,69.35005,71.3269,67.3732,60.4818,47.4667,53.97425,59.02315,60.789,57.2573,80.807,74.4022,61.5083,78.8597,69.2686,68.9191,96.0263,97.3801,81.9836,89.4976,90.8429,94.513
91.2946,107.1051,94.1215,93.6329,73.2631,76.9829,75.5846,85.7871,71.0733,56.8754,73.217,72.9358,78.9082,68.6958,66.6504,64.5741,84.6481,74.6111,88.2083,67.2321,47.4001,85.476,83.2127,63.0161,81.168,79.9856,82.7794,95.9639,76.2141,86.6542,80.1452,61.7209,73.0627,73.2831,75.5477,73.9907,54.30465,53.5897,55.0196,61.3797,62.7497,64.1197,84.9775,73.6829,58.5863,70.4216,50.702,42.4472,86.6949,81.0093,75.3237,75.0345,69.5079,72.2412,90.369,93.779,91.9099,114.5346,87.5533,81.6435,88.6985,83.8678,76.9302,68.1319,59.5055,56.4828,80.8367,81.3362,92.9456,106.4885,72.3423,67.6143,52.7829,78.9702,68.9156,71.1592,77.873,88.6748,96.6729,74.4315,66.4043,79.5529,79.5573,60.3747,52.8799,76.2824,60.3125,76.8119,66.8338,63.3536,87.4534,85.0873,64.8867,66.7181,59.3056,63.4294,98.0549,96.3415,88.5558,95.799,96.2297,83.2231,62.1941,63.8199,65.6297,72.9698,64.2095,76.742,88.7922,86.3466,85.1557,120.5196,143.1286,117.0193,61.8541,69.893,53.8152,74.9493,69.2842,63.2031,73.3202,81.7653,66.4227,93.90335,95.1519,92.6548,72.2323,65.9337,69.7376,89.2761,80.1138,83.825,81.8078,68.0072,57.5441,66.4672,62.6624,58.8576,52.6353,55.9221,54.2787,58.5428,61.8917,50.6914,83.1713,76.61015,70.049,86.3772,95.4474,87.8368,54.6562,57.782,51.5304,85.7329,72.1249,73.6739,91.5343,69.109,86.9724,75.23125,79.6518,70.8107,63.3357,54.2716,58.80365,56.06025,58.1039,54.0166,77.4388,74.8409,61.9839,68.8424,58.2994,75.0686,89.9089,93.0323,87.9926,99.7075,94.464,97.7851
90.5919,114.8408,107.8751,91.4232,92.0542,85.4689,76.2171,67.3468,69.0863,55.1153,71.6389,69.7854,65.0393,72.7675,62.8751,67.0592,74.1842,70.6217,91.8993,67.6723,47.4001,98.2448,83.5061,75.8608,85.749,82.9761,87.7598,87.785,77.5099,76.1933,68.6361,58.2469,73.0627,74.1915,77.9268,73.9091,60.5427,62.7521,58.3333,72.8316,69.7229,82.9119,86.829,74.7926,65.2454,74.1016,59.2705,51.4797,86.7857,58.2802,85.6005,70.3339,61.6512,56.2768,96.4869,87.0702,97.4804,113.8802,104.4306,94.5305,98.718,90.9295,85.506,85.4297,60.808,52.3516,97.4574,84.7069,98.9941,92.5485,77.1094,71.999,83.2283,71.8132,75.6497,76.1373,74.038,83.5072,90.2862,64.3555,77.2994,49.3419,63.2958,70.3525,77.0677,68.8233,68.8233,77.5609,78.9286,76.4376,87.4534,89.8113,72.4069,68.2809,67.6241,63.4795,106.5446,104.5673,96.8337,102.0918,92.6589,93.6695,67.53,64.0261,71.4225,81.3362,81.1811,74.4021,86.6162,94.2959,95.2925,129.9412,144.0238,132.3406,68.6764,77.8425,59.5103,73.8877,73.2373,67.3856,80.25813333,90.144,76.2491,99.5622,103.9725,95.1519,79.4022,78.4058,70.1609,91.1997,86.2472,86.8723,91.3363,79.6585,66.9151,65.796,64.658,51.5099,63.3671,60.0832,61.72515,60.5024,63.8009,51.3401,87.4331,65.5414,60.7777,92.6592,94.3333,90.8877,55.1572,57.2659,53.0485,98.8552,78.8027,78.1002,91.1131,72.2605,93.4911,73.5331,76.2555,70.8107,68.3418,59.5562,69.8712,59.3964,58.4434,60.3494,73.2252,80.7069,62.1438,75.818,66.4319,64.4365,100.1063,99.9805,86.1334,108.0899,100.8196,102.1957
87.5229,124.3569,110.4002,101.3161,93.1621,89.5257,76.4751,77.7622,71.4095,54.6375,72.475,76.577,70.8169,73.8173,61.3087,66.8446,71.1118,68.9782,88.8146,69.8814,46.3705,104.2719,85.476,80.2595,83.3209,87.5774,87.0364,95.9825,76.4966,73.801,64.0912,65.5222,76.6982,73.3636,86.5195,64.0109,65.7392,69.6849,61.7935,79.619,67.336,89.2248,92.2064,87.082,71.7917,68.8987,64.4553,52.7841,84.4142,60.124,91.494,64.857,60.4962,69.5729,94.5723,94.1952,110.1907,101.3807,103.4891,92.5172,89.9013,89.2534,77.9601,76.8633,62.8431,44.607,105.5264,102.2052,111.5951,102.8525,81.5583,76.3638,83.5333,78.7325,58.5724,72.867,86.5668,85.7725,83.24,68.5213,77.9075,66.7022,64.4206,80.6241,82.3694,63.7821,64.6133,93.5317,93.6825,90.298,102.6375,86.5379,80.7284,67.4225,69.7452,54.7956,110.4557,105.0203,99.1938,112.7854,103.5264,98.6506,71.3744,76.1212,82.6163,86.9651,77.8194,74.1961,93.0221,97.1599,113.7903,107.5025,105.1532,137.1136,72.3822,82.9119,61.8525,86.9651,81.9715,68.9764,97.0732,87.2425,86.437,104.1843,105.82925,107.4742,86.2577,76.7065,78.9552,92.8427,87.8332,95.5619,92.0701,85.0623,64.1115,67.8373,72.0989,55.7388,78.8939,61.9997,70.4468,62.448,65.328,48.2676,80.8579,64.9973,77.2378,94.1177,100.1678,102.8361,74.6345,70.8702,64.4125,102.0897,91.8041,82.7234,99.5012,75.591,101.3742,77.0957,87.5654,66.626,70.5449,64.9455,70.1119,78.9452,69.013,62.4648,76.9105,83.1806,63.7831,85.9554,73.8921,74.9279,99.332,97.8399,87.5974,104.7688,106.022,107.1492
86.2682,112.3872,101.2983,108.5734,101.6236,99.9898,81.3812,67.6694,84.4303,51.6096,77.4098,66.4553,63.4373,74.6343,69.9322,66.6403,81.0309,73.8356,83.9268,68.2252,46.6941,111.172,89.0056,69.3442,80.1042,89.7039,88.0269,97.6615,80.9317,70.3278,71.5626,61.9911,79.1866,74.5086,77.4487,65.6225,55.6939,81.5846,75.0504,85.5495,86.7683,99.5176,97.04,87.5131,68.8067,70.3859,63.1157,48.5202,98.5966,72.4275,82.6167,82.5025,60.3679,69.5969,106.724,94.7577,105.983,90.368,108.8689,67.0752,95.0118,103.8213,91.6646,80.1978,70.4222,65.9314,110.3052,110.2901,127.0644,109.3988,96.8134,76.977,67.4685,74.026,62.8379,73.5477,84.8576,91.3763,94.8556,84.1024,77.6882,61.5581,55.9283,87.6024,61.3026,79.2814,68.3763,96.9859,92.8957,95.8143,95.1873,97.5266,85.9682,62.0845,56.136,54.6825,114.501,112.2372,110.465,109.4089,115.1867,113.8383,73.1964,83.6256,80.3781,102.2052,92.5071,83.8678,111.1369,109.3588,102.7897,79.277,70.19,137.7844,80.32085,86.3408,74.3009,90.2917,77.4463,78.862,105.4637,98.29483333,93.9109,108.3968,106.3963,104.3958,85.7896,88.6498,88.173,96.3,94.1835,103.7304,88.2314,93.6919,72.4379,75.2657,79.4745,66.3295,78.6996,73.1512,75.9254,66.7438,66.3031,62.448,90.3202,75.6905,72.6184,107.9124,106.6365,101.5858,69.8488,67.6804,57.9943,99.1778,101.4099,100.8176,104.8255,84.246,100.199,77.4135,79.8984,74.9286,86.0311,76.2555,82.6407,79.6763,75.2657,73.7747,81.1811,87.8556,69.1304,75.6427,68.9349,78.4753,99.6143,101.8762,90.3111,113.0463,110.9199,103.3593
56.5308,71.5212,84.205,107.844,125.6271,114.5774,75.7437,65.3363,70.1446,53.4471,75.0388,68.8839,75.404,80.089,73.6235,66.7769,70.6685,68.7227,61.123,65.3672,50.6971,110.1393,85.0927,74.617,82.3877,83.4847,86.21,96.8364,83.4077,85.65,67.8914,56.7717,72.8498,75.3332,90.173,66.658,59.2794,96.5427,81.5583,91.5271,95.616,97.7783,101.8401,99.5738,74.4965,74.4257,54.6882,44.902,96.4756,77.4115,93.0753,79.6665,70.2504,73.9957,104.5989,116.6214,106.659,72.105,72.2908,36.3253,84.0333,103.2897,102.1854,81.4435,78.5838,68.5289,116.3923,118.1526,129.2901,110.9143,108.3669,90.1218,90.8657,73.205,55.5517,88.7475,87.7837,87.3459,102.157,104.6106,78.8413,74.0869,65.974,90.2708,89.4291,86.8465,64.4367,111.4502,112.1159,109.69,101.2725,104.5285,99.3423,63.7877,53.0607,68.3325,116.103,117.2603,113.0938,115.6788,127.1765,121.236,93.1873,92.5932,93.4358,104.8221,100.1297,87.5131,119.4251,120.7934,89.2417,56.7371,40.8632,109.6252,80.86775,84.6057,77.1298,85.5043,80.8367,90.1719,113.0938,118.3552,115.7803,110.6887,119.6152,119.4594,95.0053,95.916,85.2279,101.3763,87.8585,103.4434,99.7362,112.3118,106.024,87.1475,75.2657,65.6671,92.1403,90.1491,91.1447,78.4753,86.7527,58.5665,73.7188,71.4591,75.9785,113.6551,116.0024,99.5278,81.0892,67.6943,64.1481,98.9248,112.7612,101.5863,109.3507,98.8305,100.2332,82.9625,83.8435,82.0815,81.9686,87.2817,80.8367,78.1076,88.7801,80.4602,93.4793,98.6351,88.7843,79.5705,66.2044,82.1715,104.5052,105.1034,97.3699,115.2109,121.4822,111.9551
45.4535,33.2809,36.4787,121.1293,128.8069,124.3778,73.2038,73.9199,58.4452,53.5157,73.7783,72.434,74.4662,90.4763,84.1989,75.6828,77.906,76.7944,51.691,69.1166,48.6638,109.3179,84.1252,80.375,80.1042,89.4249,89.2397,90.4199,89.0772,83.3367,62.4844,67.4696,78.434,87.0935,93.4867,65.4586,69.2984,104.6728,86.7527,103.6433,81.9504,67.0439,109.3644,91.3702,80.8367,78.9309,60.808,42.4677,90.6439,77.2129,85.4326,67.1683,76.6114,77.7318,105.3503,105.3503,103.2661,43.334,39.2949,30.2776,41.8505,73.2305,101.2377,90.9058,81.2304,79.9501,105.4792,126.1017,121.4087,118.294,113.7847,96.6199,84.3438,74.9782,51.2083,103.5851,94.2022,91.8572,75.0074,59.2623,98.6148,70.1473,66.4914,73.9001,72.0648,94.7252,66.9796,117.0371,111.4502,131.6061,98.657,94.5881,99.6519,65.4557,78.6832,71.8204,129.065,123.8629,124.7074,105.873,108.0878,109.6725,90.4139,96.4617,98.9725,113.5801,119.66,92.7075,99.1978,100.8406,62.0422,51.0225,29.6147,73.8917,106.6242,100.8659,90.0434,96.65505,87.3967,105.9134,114.3881,117.9443,118.1262,115.4398,133.6846,125.9861,111.2697,109.7279,115.563,106.864,98.6411,116.7723,109.4089,105.3503,107.3796,94.2142,91.3763,75.7317,95.8632,92.6756,94.2694,79.4853,79.9159,70.5021,76.4447,70.1323,82.7571,114.9534,118.9916,101.7768,86.0919,73.2114,66.2798,118.6376,114.6554,111.8582,126.3144,113.954,111.6214,89.07925,88.7689,89.3896,66.9487,61.3266,54.8655,85.957,86.4193,70.8349,98.0717,98.9041,94.6904,84.1666,71.915,75.7317,103.3086,112.0717,104.2811,114.0005,99.1166,110.245
43.216,45.9059,31.0051,122.3062,119.9284,92.2987,82.187,76.0503,65.2971,55.9048,66.2751,79.5072,73.6359,117.3532,88.1221,73.6198,63.154,68.3869,25.733,82.2939,67.6407,79.8942,90.9991,95.0863,89.0768,86.342,87.5938,92.0487,82.7369,83.2295,76.549,73.1802,68.7815,78.8615,99.4879,67.2769,68.3687,99.6685,88.9497,75.0002,44.1864,25.7205,115.1507,107.7015,86.5954,88.9765,67.7668,55.6523,101.9458,90.6439,78.1456,62.8379,71.9049,64.857,72.4379,62.3005,77.8452,45.0838,27.985,47.5431,37.3975,70.1452,74.1439,103.0201,84.5693,69.3639,76.6037,100.9103,93.0324,113.7564,121.5453,111.8755,86.6611,83.5641,34.0352,110.9899,105.6359,102.1468,47.6669,47.9244,92.4757,72.8251,61.9539,43.8362,83.5368,84.1561,68.3558,88.0053,133.8312,134.2787,78.9431,70.1385,63.42,67.5199,85.992,88.279,133.173,134.0604,135.7427,80.3804,74.1816,93.1658,109.5609,116.3989,97.9573,114.7672,117.5218,99.962,77.0085,79.2917,36.3491,50.3242,38.3043,53.696,76.268,101.0195,72.9575,87.59045,94.6904,80.4905,96.6208,91.3649,100.0297,126.0616,121.2299,137.3632,121.3689,127.6197,119.0156,114.5558,107.9137,124.1221,126.5248,103.3964,114.9606,101.8793,92.4309,89.1167,97.9843,85.7036,66.9629,82.8572,87.6432,79.9106,99.3564,96.9442,82.759,106.7455,112.908,109.82675,74.8717,80.3178,68.0151,120.0668,100.6711,105.8678,103.6878,96.2072,77.8053,73.6462,75.5326,71.7598,40.7681,38.47325,36.1784,70.1875,70.5893,65.8257,93.0059,94.4974,94.9149,94.3422,73.7747,84.5225,102.8968,112.1654,114.274,90.814,78.2701,86.2251
83.8751,38.2218,32.9317,130.8131,87.147,67.6149,82.4375,79.1635,70.0358,58.3897,73.3844,82.8172,81.7212,111.6201,103.0097,81.8046,74.8589,78.33175,69.7412,34.8447,34.7359,49.3941,111.7804,95.592,83.0971,90.4118,86.0846,96.8123,85.5665,80.2743,71.6204,72.2935,67.1323,84.6698,101.3148,72.0049,60.1343,62.3116,61.8808,48.9144,30.0644,26.1772,104.8659,96.325,86.2515,87.7465,73.0922,58.4888,42.2295,80.0903,40.4844,71.9049,76.8294,73.1834,36.8033,52.0638,64.5926,56.5467,47.2097,54.988,66.8743,53.0552,26.4176,68.0551,55.5599,33.5906,54.4154,64.3735,53.9846,112.7656,133.525,124.0068,84.3247,88.1801,57.3541,117.2333,104.1282,105.5934,31.5622,33.6306,83.1968,66.1136,63.763,32.7754,83.486,87.2071,83.5691,98.0196,105.0261,91.0131,69.0151,55.7227,59.4326,73.2305,80.7989,70.8122,116.0937,112.5375,117.4709,47.588,40.8403,51.7191,112.5523,125.1181,105.3955,84.8721,65.0063,93.4583,44.8846,43.1363,38.6148,63.3997,47.8969,41.2208,39.3921,59.15595,47.335,82.3064,88.7101,69.8084,71.5454,69.5996,87.0304,102.1714,91.4397,96.80555,98.33325,98.877,97.7895,117.2828,100.0484,102.3574,133.7984,123.6382,128.7183,98.2408,104.8932,91.5884,89.0158,80.4022,77.8679,94.8923,88.1952,97.0318,93.2864,91.5952,89.5269,88.6877,91.6233,76.2128,93.2291,83.2262,79.1948,89.0375,68.0904,86.9734,38.804,59.6083,43.3015,59.5936,66.0254,53.1618,39.4603,51.8596,44.7824,41.3817,39.1785,41.9543,65.8566,84.3109,78.903,97.7842,80.432,88.2687,105.9883,88.9815,102.0717,61.2847,49.8839,54.8655
94.8988,81.0788,51.2136,67.5195,66.5853,44.8566,76.253,71.8992,61.5758,59.1639,77.2878,77.5672,98.644,106.3703,74.5057,89.0021,69.2172,79.10965,89.0353,61.4804,50.9935,38.0467,109.2764,54.5655,83.0476,92.1031,85.1928,108.0941,86.1606,79.4711,76.0137,93.4871,80.2781,93.5173,81.153,73.1717,29.0015,25.8041,41.0693,39.261,43.3571,44.9333,86.9477,82.6463,94.4974,87.5462,82.4622,63.6833,28.9663,68.2557,49.2711,78.3369,81.8399,64.013,48.5159,52.3724,50.3932,90.4948,59.36,86.7962,87.5049,56.249,34.7616,40.9055,28.9613,48.6794,25.3339,37.0356,34.5801,115.0583,110.6446,109.4516,96.7214,75.4882,68.8082,115.4124,105.0906,66.2793,37.4755,37.0025,46.28,58.0524,49.2299,33.3452,78.7731,77.9683,86.6077,75.0819,59.5826,58.5775,79.9061,62.5388,69.3258,64.5649,58.1543,42.6801,95.6763,82.8992,84.9543,39.1769,40.0623,58.717,117.4175,104.5739,94.3905,46.3664,37.4972,41.9318,29.1634,22.443,58.8161,72.6931,63.9436,43.143,51.7191,54.4884,31.3324,47.515,59.9291,55.9086,38.2004,42.1774,34.2278,51.322,53.4177,49.2263,85.8495,87.64325,89.437,72.8865,74.7102,73.9496,126.6734,121.9082,124.2908,102.8666,111.2152,94.518,60.1937,49.1513,54.6725,106.6955,101.7913,94.6074,101.3074,99.366,102.5861,50.0569,62.8454,61.7553,89.0343,86.0531,96.0925,63.7959,61.3872,70.9446,51.4633,63.0548,53.8638,20.2116,34.024,29.1568,52.5211,48.1033,50.1307,42.7413,44.06245,45.3836,36.802,53.2498,38.7901,105.8443,91.4207,90.6287,109.3548,93.526,100.9395,46.1071,36.607,37.215
84.9968,88.5261,72.4085,29.52,37.4931,37.3035,83.0965,79.6212,68.9927,57.0488,71.7422,89.2736,106.2966,70.5665,55.7158,86.6412,78.1898,82.4155,95.9348,76.5573,71.6933,62.6707,46.8487,38.4979,85.0834,101.7319,89.1575,106.3499,89.5776,78.2319,80.0101,84.2414,73.4179,93.3477,65.5398,72.9692,28.3985,41.904,38.8415,43.5362,60.3402,68.8777,55.344,50.8239,68.3915,94.2226,98.6662,78.2309,45.9447,36.0857,49.7389,54.022,85.2831,81.6998,78.7126,72.1023,71.2244,93.7359,81.3197,70.2365,84.172,91.8272,56.9861,32.1357,49.1499,56.1642,23.2472,33.5413,36.2676,113.9349,73.7339,83.3678,83.53,77.638,70.1452,92.588,68.7144,29.2299,61.9596,60.1408,22.6942,34.0899,37.1894,47.1924,56.9717,48.3531,40.5752,39.7455,45.691,40.5199,103.6654,69.224,88.6306,50.1114,59.3224,53.2777,60.8061,60.0018,70.6866,42.8037,36.2887,44.2621,73.3109,56.9748,61.7662,20.3811,31.8448,26.11295,37.3286,35.2646,76.7635,90.0632,78.1549,45.6831,23.9948,32.5298,21.2331,32.638,35.9505,51.2719,34.8284,47.9664,39.6523,49.89635,48.8496,50.9431,47.2485,47.588,39.1873,43.1875,51.3069,45.8091,113.4916,102.6405,98.0062,121.026,113.3405,98.9308,33.7182,31.8778,35.5586,106.907,100.8117,89.533,102.942,99.1522,105.8653,44.2074,64.1131,46.5098,69.2547,72.0809,74.3098,51.786,45.4647,51.7508,98.7885,103.727,93.1492,29.0491,27.4579,29.1439,78.2204,75.76585,73.3113,56.3416,55.1227,40.6851,33.2782,47.4609,36.0551,100.8117,93.5528,97.3027,83.5262,79.78515,76.0441,39.1926,32.4388,46.9562
106.0554,92.5583,91.0981,34.6815,34.8363,34.0467,83.4892,80.7075,69.0354,60.7423,75.6406,93.1086,88.481,25.7867,39.7785,97.7986,76.1065,86.95255,83.8469,92.8629,86.2323,89.3708,35.3655,61.5758,87.3449,110.6298,95.663,106.5182,85.5692,81.3924,80.0956,56.7211,88.3259,90.3502,45.5567,82.0541,58.0526,54.0904,47.6942,69.1231,66.454,62.7639,32.8675,37.1168,71.051,94.8936,91.26,82.7801,43.2915,42.64,69.8754,81.8399,95.3051,70.6024,99.3006,94.7478,99.3006,77.9968,74.1876,68.7507,73.9274,95.9788,71.9783,60.7276,77.3908,67.7014,27.3433,39.362,41.5358,90.8802,44.533,59.7881,101.0757,66.7645,83.4339,41.8401,39.0005,31.3368,78.2722,61.8914,64.4808,24.5848,32.6556,59.5534,49.1485,30.9484,27.776,40.8987,39.8936,39.0367,90.5237,78.2437,82.3051,56.7269,50.9055,43.1029,58.5318,48.4916,49.8754,54.2533,56.3108,46.4889,60.3818,27.6328,29.6727,31.3597,45.7464,38.3639,57.86,52.1965,77.6731,96.1219,90.6734,57.0886,42.6415,35.7355,22.1704,39.366,32.4388,40.0166,64.3494,70.4767,59.4698,72.6058,71.38335,70.1609,43.0457,50.5658,45.3829,57.5701,57.5095,44.1819,80.2797,67.4053,60.3747,120.0174,101.2673,96.9082,43.8209,28.2912,35.1552,95.0467,96.3589,59.7739,99.238,98.1505,97.2355,53.8617,62.1139,65.8364,56.7548,56.4551,56.60495,52.0587,55.4141,45.1511,98.7032,94.1844,89.7938,49.0764,36.5791,29.0737,92.3622,84.1099,88.23605,69.6687,65.3811,60.6986,30.5283,39.4882,45.9734,86.9744,84.9171,98.7025,51.7525,57.9627,57.0157,49.1265,44.8794,56.0757
88.2282,83.5339,98.4454,68.9339,39.685,72.9308,96.3829,84.8413,72.1734,64.6127,77.7309,92.6605,56.0517,38.1799,31.1988,106.6467,81.4467,94.0467,77.0969,86.5668,87.0129,97.1427,48.8904,88.9511,95.4526,107.2554,95.4641,113.2265,86.3312,83.989,84.4728,38.9069,77.4102,92.1503,37.7911,58.0007,85.869,81.5277,65.0925,70.6434,70.2796,70.2244,46.3316,36.8933,36.1277,98.6662,62.0252,92.6459,69.8754,38.5904,90.376,84.3438,81.1988,78.6177,104.772,99.567,100.0083,73.8188,64.7026,58.9183,80.0871,84.5249,73.2335,73.233,80.7921,78.1236,49.3148,58.9589,53.2632,58.3276,38.1546,44.1409,102.6275,87.8312,85.8809,34.7867,35.1186,36.2067,61.8914,68.5835,55.5197,23.4259,46.1671,77.3518,44.7945,34.3123,28.2527,44.9191,50.8142,50.9119,94.9746,69.3786,73.456,64.9879,55.3107,58.0938,52.6225,52.4358,51.3724,72.4105,66.6177,61.6883,26.3333,28.4943,27.1693,65.308,68.6759,53.9009,81.7151,76.4497,71.9935,91.6354,90.2118,70.7676,80.32085,28.1738,27.9161,35.3451,48.7582,47.7804,91.3101,92.9851,90.231,65.2997,70.7948,76.2899,73.3734,77.6745,71.8285,84.7011,82.7278,76.2729,44.9289,48.2101,40.6732,71.9555,82.8814,64.3471,51.2103,43.9643,29.3953,71.2419,67.0964,44.0243,76.263,78.8366,73.6894,56.5719,66.4476,67.7293,47.2674,50.76895,54.2705,49.6948,49.0139,52.9103,87.5371,97.1432,79.7495,48.6011,44.1736,44.0924,89.5303,82.9484,86.23935,87.0472,88.5743,77.5236,62.1362,62.7235,72.3323,41.577,38.5332,58.4242,41.4846,41.4846,36.4974,58.697,59.4147,61.3691
94.3852,77.3069,93.5854,85.829,46.1415,78.3164,94.1901,74.9003,73.9037,70.9006,77.9572,95.1937,22.0553,55.1785,47.975,111.2654,100.2898,105.7776,78.6656,80.1633,78.6656,92.4374,76.003,81.0993,97.0276,103.331,97.7639,105.9421,89.5106,82.9266,62.2167,34.5105,44.8154,81.5132,42.8274,29.6061,84.3484,87.3765,78.1039,64.3226,63.4086,61.561,53.0583,46.5529,42.8638,95.1857,34.9944,86.3128,80.4999,65.5442,78.6551,96.8726,84.3438,85.1375,99.6361,83.0622,99.567,70.9336,50.5849,64.3553,68.2009,86.2682,70.3878,89.7656,82.1416,76.8655,60.3681,86.4847,76.9453,48.7764,52.3166,42.2937,86.6611,91.6655,79.3625,33.2651,43.5608,51.1277,59.4884,67.602,75.7439,42.5288,54.0498,80.9959,56.3221,53.9502,56.2119,82.8684,67.2446,67.9255,88.0085,67.2293,75.9159,68.5481,76.0215,66.2664,82.9775,71.1916,52.4358,91.3466,82.0992,73.8593,33.8358,31.9793,33.8518,85.7802,85.3056,62.7235,78.0697,77.3792,65.9366,98.0414,89.4211,85.1258,80.86775,42.0165,41.0957,44.8569,44.4373,42.7404,93.4488,88.6828,79.9193,62.3695,66.5712,67.6424,91.7107,88.5309,91.7107,100.9797,94.4139,92.7916,34.9337,44.4582,39.69595,41.3996,49.9567,33.6965,67.909,51.0254,42.5434,55.7914,55.1957,47.6352,82.6171,74.0137,78.3154,70.0886,87.1423,74.048,42.7011,30.5681,36.6346,69.2473,60.4129,57.26,76.1278,76.9243,83.145,57.9581,55.644,46.2846,80.839,81.6374,81.2382,96.7892,89.904,92.4171,75.0375,82.149,75.9798,37.7501,38.243,48.5394,31.6184,38.1891,34.90375,77.3462,79.1778,78.7847
77.3601,76.9806,87.1039,80.189,72.5548,102.115,90.0553,85.283,71.4764,70.8702,80.0783,109.664,29.9512,88.6547,70.4461,100.8789,102.1584,101.51865,73.2926,88.115,81.2753,98.3988,87.7886,79.2434,94.7719,107.4661,104.4983,88.865,97.5456,78.9581,50.8301,33.034,21.6168,65.216,46.3266,20.7642,79.0445,77.954,70.5181,63.0222,53.5713,61.8033,73.7421,73.4045,40.6423,57.2294,28.9949,64.2857,81.6115,83.2509,78.4418,77.6695,80.9505,78.3369,84.8475,90.8188,88.6999,84.2523,70.0878,64.3953,67.5188,74.8935,75.4799,91.4117,86.757,66.0229,83.4922,80.2015,70.2581,50.176,62.9143,53.1176,50.2911,69.7599,60.146,45.8593,47.6738,76.3166,67.558,62.6682,68.5835,43.2677,66.9919,73.6594,71.4192,62.695,65.3881,65.2603,83.5789,72.5075,84.4872,83.9933,72.1075,82.1014,89.883,93.3844,88.4974,93.4501,57.9239,90.5093,84.8065,86.4025,45.7464,62.9396,51.4868,85.3321,86.6787,79.3875,81.2206,71.479,55.9714,102.6495,91.9981,89.2251,55.1397,52.6201,57.6593,42.563,62.7701,63.0759,93.0799,82.7759,77.2985,85.9256,89.2001,80.9438,77.732,86.3991,84.4174,89.5431,95.9715,92.9132,41.2829,55.9162,48.59955,35.4829,29.9122,40.3462,79.2487,66.6556,45.0951,45.778,32.2565,50.0405,55.0198,44.5216,44.8634,93.8011,97.6739,84.1759,37.7096,32.7746,28.1849,72.9257,72.514,73.3374,72.72,77.0968,73.8112,82.7533,74.9583,52.1829,74.412,80.1245,89.822,85.2801,80.6817,83.8858,99.8262,92.859,82.9484,44.3685,53.1147,43.3676,32.9488,36.5006,35.2039,95.3153,90.9478,97.5315
71.5499,68.9827,91.4002,79.965,82.7425,85.121,95.3327,107.2725,87.94,70.8702,79.1939,102.6804,62.8381,77.925,82.9554,63.781,107.6787,85.72985,79.6195,79.5368,85.2119,93.2623,82.3074,73.3276,101.0996,92.2676,99.4537,76.2756,97.5169,82.8327,30.7717,47.2325,34.4813,48.7348,66.4298,24.4743,65.2507,71.8075,68.3575,57.8903,49.1479,57.3027,78.9155,84.6907,62.7235,38.3296,26.0555,45.23,76.3958,70.9655,69.7932,83.2689,87.2907,83.7407,92.5035,84.9457,85.9533,67.56,69.5327,75.463,72.5104,77.0146,74.6456,88.249,66.3962,68.8273,72.7056,78.3247,66.5426,58.7062,66.4091,53.2038,23.7912,44.0833,29.7192,66.0809,69.8216,77.0172,64.17,66.3583,57.6735,55.2216,70.2283,67.6819,65.0066,76.036,59.733,62.4574,70.4562,54.9861,75.1406,72.1075,67.6171,79.86,77.1633,77.1255,85.582,82.0802,76.9258,88.6145,83.5078,74.5226,69.2719,82.9484,66.4913,81.0167,82.9519,93.1885,55.5019,67.9637,51.2201,98.0398,92.902,88.3458,61.7963,77.7611,73.7053,62.7235,76.1551,74.2559,82.6441,75.9731,69.6273,93.813,87.6665,77.4893,71.808,74.0685,71.055,85.6372,88.5174,79.5032,56.4719,42.7231,51.1277,37.0609,37.9425,36.1793,87.6786,84.2734,58.8636,34.058,52.6735,59.3159,41.0668,41.6524,37.4818,97.6739,91.0596,94.0858,48.0623,43.0612,49.2127,91.383,91.889,84.1562,66.9798,70.8193,68.4174,75.3608,73.5757,69.6234,80.1944,69.1281,82.7533,79.1335,69.4624,78.484,88.6208,78.163,78.6779,77.0879,70.2365,64.2081,57.4408,51.7302,43.3481,92.126,96.0241,92.6865
87.0786,83.1036,82.4048,79.4769,93.7473,87.1551,96.6489,109.3916,87.9561,79.4661,84.4289,85.8383,87.7893,74.8487,76.4383,33.6902,89.767,61.7286,69.1736,70.6021,78.3157,87.1615,87.4524,71.1803,97.0293,82.6964,97.0979,63.9842,105.6344,89.9811,35.8149,48.5138,31.0983,38.7962,83.8312,35.1193,58.8215,59.7095,64.7637,45.2551,39.6206,51.6219,102.8657,92.9916,73.4045,26.2712,45.873,27.0886,81.2977,63.0102,63.4215,89.9298,101.5065,82.8695,81.6496,83.5114,76.6925,84.6435,77.9488,72.0866,64.9936,75.6014,65.1162,80.2846,66.2247,67.6944,70.6966,77.8525,62.373,66.117,74.961,76.8281,27.9871,33.1999,36.7742,81.4138,96.8129,82.3541,62.6616,66.4305,64.6628,86.3973,58.8766,71.0247,71.6501,64.6882,59.3355,58.9321,70.4847,60.5231,78.5438,77.8382,72.0166,72.9904,77.4978,70.5209,79.2599,83.5078,76.9685,81.8125,78.725,79.8499,86.9757,83.5726,87.0908,70.768,79.5042,82.7533,66.2565,55.2678,63.6794,102.3671,100.5457,84.8403,61.7031,78.8467,69.1361,79.5021,89.975,89.4482,78.2064,73.8739,56.755,80.9557,77.022,73.7747,73.852,72.6032,63.6439,88.2204,81.9739,85.8539,69.8252,55.3548,54.1547,54.4746,47.6592,61.29,71.2118,81.6669,68.7498,40.7304,60.8146,48.9145,34.6174,37.2675,47.4071,94.6518,79.8214,93.5518,52.1548,49.1006,46.5469,73.1657,75.1657,75.5632,62.3369,73.9841,68.358,70.2587,68.8845,64.6732,67.5585,69.3812,83.4415,75.3871,71.4535,68.1267,88.2678,89.44,79.0476,96.6791,91.5707,81.3932,78.4807,75.6494,67.4112,88.8842,93.636,89.0138
91.201,80.12,74.7747,69.4148,87.6086,91.5591,112.0924,87.2837,81.3616,88.2415,81.6595,59.7767,88.3592,70.2406,77.5195,33.3026,37.2159,35.25925,76.436,79.5248,84.4226,74.672,74.8451,79.1836,73.2488,68.576,78.9361,66.34,104.8915,80.9492,35.0659,59.9703,57.4167,36.1975,94.8771,46.7925,53.5254,57.4092,65.111,54.7297,39.6857,43.1541,91.5757,87.2141,85.4233,41.006,48.605,29.1292,68.0774,51.429,61.3022,92.1203,101.7548,94.5203,72.3368,85.8094,79.2951,79.1191,86.904,72.0866,64.1764,69.0833,74.3014,73.2861,62.3042,68.283,74.295,76.742,79.3961,86.4685,85.0217,82.7438,41.2259,42.9429,39.3257,91.0001,85.4286,70.1295,61.9262,68.7771,72.3094,79.4659,51.2802,68.7659,72.797,67.6452,64.4663,65.9634,65.2635,56.4361,72.7746,80.8184,60.4192,61.0751,70.5281,70.5281,79.0969,78.0571,79.561,72.1766,68.9712,66.0863,81.658,72.5564,80.7933,66.3805,74.0166,93.3933,60.2564,53.398,58.3147,102.7588,103.432,87.1532,58.2121,77.428,73.7528,84.4567,82.3272,80.93,69.1022,63.7411,63.2315,81.7779,79.8486,71.3578,66.2174,77.1225,62.9513,82.0971,71.3164,67.1136,80.6148,61.1583,68.4694,62.28725,62.2044,62.3701,62.058,65.398,63.728,53.2836,51.6569,50.0302,55.5744,50.4907,62.8376,82.4979,88.8602,90.679,71.8154,63.6424,52.8166,74.5553,78.1054,71.0052,59.2816,69.3488,79.4795,72.3323,65.3858,61.2106,64.2888,63.812,75.3497,67.8189,63.3581,60.2198,84.2788,76.742,82.614,87.7481,95.7641,91.5707,88.6465,96.6791,79.381,81.8209,92.5036,87.9785
98.4279,70.8412,70.8721,68.6366,85.4147,88.2524,101.4231,89.3103,88.3259,82.4597,91.1777,42.4329,77.0323,76.0301,71.9362,38.5991,32.4273,35.5132,71.4779,66.5242,78.0205,81.343,64.5061,72.5039,57.883,64.9362,53.9828,55.2441,120.4263,82.8888,56.108,91.0136,75.1066,52.0803,78.6489,70.6488,63.8776,58.4142,52.8373,52.355,43.2424,46.3858,90.7997,87.0577,85.39,45.5074,71.2244,41.0899,71.2572,48.0987,60.7668,90.7019,84.0253,85.2831,84.6523,82.3843,74.9155,84.8513,62.7444,75.463,74.2524,69.7181,71.773,67.7347,67.7968,78.3264,71.0248,72.5944,74.0885,94.7225,79.7295,73.3654,71.583,37.419,54.3707,74.1735,84.8436,64.0637,56.91285,58.2891,55.5366,82.228,47.7195,53.9538,61.0701,71.6686,58.6104,69.4308,50.9958,62.675,83.1375,75.9055,67.9955,63.8762,74.7872,58.1086,79.7493,74.6875,78.6891,83.5379,75.5808,89.4887,69.9793,68.3112,74.3569,59.5105,69.7181,81.9781,71.9872,65.9849,67.2354,109.9588,109.7419,87.3776,54.495,68.8417,65.4262,81.6963,71.4877,82.9519,75.7622,69.3897,56.6274,79.8824,75.7052,70.9497,60.7776,58.6615,61.6968,78.9302,83.3387,66.3741,69.6273,66.2688,71.4192,76.33365,77.9325,74.7348,56.4539,61.7963,77.2568,71.8263,85.7394,65.6862,77.8091,72.6761,82.9421,85.9667,82.8105,89.2139,57.221,75.9663,63.1083,70.1372,66.0684,68.9758,59.5609,72.7409,71.7595,64.0259,67.1488,48.4779,62.8086,66.5383,78.2904,66.2904,55.9828,57.6872,78.7432,67.8183,76.9653,90.3507,92.6409,89.7532,77.3978,92.5067,88.8919,79.8179,87.4469,85.1567
90.5665,88.1189,71.5403,75.262,73.4992,78.1279,80.5876,57.5944,103.9103,83.9237,88.2891,33.2607,70.8074,64.5741,67.69075,55.8653,32.725,44.29515,65.3428,56.9824,74.2749,86.2201,74.672,74.7629,45.2743,53.9982,47.4519,61.6857,95.1436,90.4589,65.9973,84.8095,93.4368,61.7018,85.1065,83.945,55.644,48.4104,57.383,50.6979,42.5718,48.3131,85.4416,77.8329,78.0034,72.6349,74.3706,47.7824,69.3702,47.8214,59.0999,60.5529,50.0495,63.1555,86.73,89.0015,84.0833,,,,62.8131,66.0822,67.1931,60.4412,60.4677,79.0176,71.1934,73.8414,68.3139,94.3886,74.7727,82.72,82.5694,40.8562,60.3163,74.3989,79.8571,74.3989,,,,63.4129,51.9903,71.8487,67.6819,57.8903,54.9944,61.6608,63.1723,61.6608,80.2481,68.8427,70.1749,64.7939,59.7023,72.3583,88.3767,72.7868,76.6133,,,,62.7622,58.7283,75.6433,54.5844,62.7712,81.0167,59.6676,58.485,71.7275,,,,59.3537,62.9758,57.4346,68.779,67.5588,68.1649,81.8078,72.4169,77.11235,74.17695,74.7266,73.6273,61.4237,56.4198,51.4159,87.2242,77.7417,89.5727,62.8932,59.7163,73.9247,69.9388,84.1697,80.9057,56.9361,49.7937,68.9451,83.9571,68.1907,74.4914,82.1281,78.6684,85.5878,91.1839,83.5127,82.5084,52.7714,72.3559,65.7772,75.4265,73.6516,63.0965,62.7704,80.9057,71.9481,59.5251,60.2953,46.0155,59.4133,70.6966,66.8916,63.993,71.6335,63.392,76.742,63.338,73.257,81.4089,83.2618,78.0529,84.0058,80.7723,89.1752,78.3003,87.495,91.296
71.54875,72.8141,70.2834,75.8676,76.9167,74.8185,57.0996,50.4699,97.1223,64.0369,99.0208,33.8499,70.5525,62.0633,66.3079,61.3334,34.596,47.9647,67.8981,63.377,69.1872,78.561,67.6311,74.7629,45.7993,40.0982,46.4963,84.0618,59.9515,90.4589,77.0947,85.9325,77.709,85.8766,78.2622,83.9591,61.5708,45.2551,41.0012,46.4415,47.4047,47.4298,72.8129,77.1965,71.3131,77.174,69.3067,64.058,58.2097,52.7694,52.177,32.2058,34.1129,44.0373,91.1911,91.4805,91.7699,,,,68.4153,66.8553,66.5198,59.6231,58.8259,70.8217,73.9689,78.4583,78.4583,87.813,74.7001,75.1404,77.3919,85.2877,73.4495,71.4984,95.3924,71.4984,,,,,,,66.1602,66.0514,50.592,,,,78.738,72.0838,70.4043,62.6551,66.9085,63.4878,85.7383,73.9888,73.8561,,,,60.716,60.716,68.8492,55.9672,74.295,86.0902,68.7793,68.3579,,,,,59.3537,53.4619,59.8956,73.7103,62.5463,73.4495,,,,,,,61.5446,57.7305,54.9492,87.4938,82.6552,71.1242,75.665,71.2129,80.1171,71.6509,65.9876,70.9262,51.5626,42.9639,47.26325,82.3721,63.7434,79.1514,79.4725,73.1395,76.0582,81.8624,77.8722,78.3076,58.7259,63.4799,61.3683,66.2277,67.2359,66.7318,58.842,67.2911,78.2015,56.8107,67.5585,57.8312,58.1057,69.8963,63.812,72.3404,67.8348,70.0876,64.832,60.3662,63.7547,82.6145,80.9438,71.0678,86.6611,82.316,86.0021,73.5159,81.0593,83.9338
,,,,,,30.7096,38.2619,83.9069,54.4832,96.0568,37.164,63.7926,67.8772,65.8349,70.2246,45.3483,57.78645,60.851,58.9499,79.0386,74.7629,66.4606,73.3767,52.6402,55.0812,47.7663,98.7954,47.0652,90.9662,77.0947,83.6766,75.5577,105.4338,76.1171,90.77545,51.8201,43.9727,52.6199,47.4298,53.2217,50.9384,74.9529,66.5383,64.7705,71.4456,55.7825,72.8496,58.1579,56.0699,55.1783,30.2185,52.8389,39.8419,,,,,,,70.1976,68.886,71.5092,58.8328,63.1411,74.4257,,,,81.5288,63.862,66.2811,66.8194,69.327,65.6254,66.1399,80.8118,66.1399,,,,,,,60.2062,62.1263,50.7597,,,,77.5144,68.5579,56.8569,58.8186,65.8609,60.8716,74.66825,76.7268,72.6097,,,,64.5039,51.1575,61.2578,70.1954,69.6926,69.3108,,,,,,,51.3724,48.5068,56.2985,69.6818,62.1211,65.90145,,,,,,,,,,84.2793,83.0684,83.67385,59.7689,67.7347,67.678,65.893,69.0552,65.6006,,,,78.6512,56.4199,67.53555,74.2913,76.2779,74.7961,88.9781,79.1546,88.3156,66.2881,61.8445,70.7317,,,,60.7314,74.7637,68.3579,71.7812,62.128,57.6275,71.91015,73.1237,70.6966,59.157,63.4764,55.9828,71.8365,53.6837,67.0595,73.5746,76.3739,73.0919,84.3791,81.8977,80.0353,81.4442,78.3003,79.87225
,,,,,,23.7768,35.3612,68.6976,45.1531,89.0117,46.6802,,,,90.5202,41.9582,66.2392,63.9832,63.8328,73.32,74.8939,61.2434,71.0308,80.9065,68.5144,58.73,104.8749,38.579,78.5048,70.0329,85.7911,76.5223,89.4953,63.8837,76.6895,58.1461,55.0546,59.6929,51.1451,54.1704,35.9501,75.5022,70.6966,62.8729,65.6483,57.462,80.233,53.629,62.5566,53.2166,47.1656,65.061,58.1688,,,,,,,,,,69.0481,59.4053,64.2267,,,,73.9314,67.1356,68.7833,76.8341,63.3632,61.9206,63.5443,77.5198,63.5443,,,,,,,76.2628,48.9414,55.5233,,,,69.6884,70.4273,57.0949,63.9787,70.1288,57.8286,,,,,,,63.812,49.8939,65.9999,,,,,,,,,,60.1574,54.6568,48.5259,,,,,,,,,,,,,,,,65.9578,64.0637,76.9506,55.8835,65.049,64.4372,,,,66.17,53.4883,59.82915,73.0141,67.6549,66.6714,85.5687,77.9486,91.137,54.3677,63.4035,57.2414,,,,59.2913,78.8067,71.4996,69.5467,57.0258,53.84,51.999,67.613,68.8321,56.8471,69.346,52.1984,74.6188,61.6476,55.1622,76.1222,66.1669,62.1773,79.6646,85.6677,72.6565,84.4317,96.0597,90.2457
,,,,,,43.7025,40.7395,39.1594,23.6601,60.4459,68.7896,,,,81.0365,56.8324,68.93445,67.1774,71.7437,70.6888,83.2801,67.9076,76.3904,83.5431,92.9502,83.1573,100.4365,39.0296,62.4953,72.9549,87.5926,78.789,84.3216,66.5368,75.4292,49.6881,51.1811,48.1951,59.4528,56.4828,39.7086,75.0681,63.3245,66.2358,57.9782,57.217,64.6631,49.8762,53.4412,58.2802,65.061,75.9634,69.9465,,,,,,,,,,62.2089,50.419,56.31395,,,,81.7853,55.0435,60.1229,61.7662,59.9262,59.5986,62.8054,80.4928,62.8054,,,,,,,68.799,57.0263,64.0513,,,,83.2379,66.6331,72.1132,,,,,,,,,,,,,,,,,,,,,,57.8775,54.7388,41.73,,,,,,,,,,,,,,,,66.8495,66.4766,72.3766,53.6798,65.2289,52.0404,,,,56.8879,50.3483,53.6181,66.7668,56.2139,65.089,83.05755,88.8147,77.3004,61.4507,69.9656,60.1641,,,,55.1813,77.7832,69.624,50.8759,56.7638,43.9239,53.9883,70.1828,65.0719,61.3528,57.4177,51.1811,62.0785,59.7777,58.9249,62.6214,70.1173,66.0766,84.5609,72.5394,76.188,91.4982,88.7258,90.112
,,,,,,52.2566,47.9714,42.4626,21.61,33.8808,87.4432,,,,88.4107,71.1097,79.7602,64.3388,78.8687,71.1288,80.047,69.4792,68.1087,96.4481,94.2756,80.035,108.2786,48.8623,45.3986,63.7505,73.0148,74.9122,79.3755,63.427,71.40125,49.60105,45.3461,53.856,,,,81.2062,68.6875,58.6534,,,,44.2074,64.5301,54.36875,75.9634,85.1698,75.0375,,,,,,,,,,64.9211,51.0014,57.96125,,,,70.217,71.9836,63.5768,68.5946,56.6614,71.1281,67.1215,82.5821,67.1215,,,,,,,53.4875,55.58,51.395,,,,,,,,,,,,,,,,,,,,,,,,,,,,60.5052,50.5839,55.54455,,,,,,,,,,,,,,,,59.368,68.1379,70.0002,59.2641,61.938,60.0499,,,,63.862,46.1773,55.01965,71.8127,61.8199,59.9658,90.37105,84.3486,96.3935,52.2238,54.5839,51.5306,,,,58.8573,81.2168,77.3861,53.051,55.1944,35.8025,50.3154,75.2749,64.078,64.8586,61.3134,56.3514,68.779,57.4497,52.5197,65.6965,70.4753,58.2728,84.7254,71.4884,73.3968,,,
,,,,,,67.0098,66.7101,36.1802,39.4992,31.5493,72.9389,,,,87.7184,94.9831,91.35075,64.6925,71.3692,75.9625,74.8939,74.1178,75.001,85.5968,97.0673,82.5481,105.4193,57.5947,47.1408,61.2052,69.5443,64.6587,79.1299,73.3886,76.25925,53.0128,49.6742,56.3514,,,,,,,,,,,,,81.674,81.2565,82.9602,,,,,,,,,,59.7456,51.3608,55.5532,,,,79.9657,73.65055,67.3354,53.8508,59.5614,54.7503,57.6725,72.3938,57.6725,,,,,,,49.4165,50.1536,48.6794,,,,,,,,,,,,,,,,,,,,,,,,,,,,43.9245,48.6165,39.2325,,,,,,,,,,,,,,,,62.7869,61.3223,57.8653,56.3779,59.24905,62.1202,,,,59.1654,39.4403,49.30285,68.9405,62.825,54.3956,,,,50.8147,61.8998,53.8518,,,,64.7509,82.8474,73.2395,65.5473,56.4499,49.83,46.8407,69.4217,69.6169,,,,72.2749,66.0456,62.7237,54.9619,63.2563,65.2997,89.8449,78.5068,75.2657,,,
,,,,,,89.2618,86.8464,52.0856,45.2279,39.7556,72.0679,,,,83.8941,90.0003,86.9472,58.8662,66.0468,71.1288,72.1839,78.2852,66.0826,90.5665,92.4029,74.1843,102.4021,73.2623,48.6493,69.171,69.5443,62.2464,,,,,,,,,,,,,,,,,,,80.6369,83.3004,78.7512,,,,,,,,,,58.717,50.0577,54.38735,,,,,,,54.9406,53.491,57.2166,,,,,,,,,,62.2753,65.6597,58.8909,,,,,,,,,,,,,,,,,,,,,,,,,,,,,,,,,,,,,,,,,,,,,,58.5529,65.9578,56.2381,56.3994,54.4462,52.493,,,,,,,59.6868,69.533,53.2463,,,,55.8739,54.2691,57.0763,,,,60.2147,79.5428,70.123,69.2052,58.1688,63.687,44.9007,68.4961,63.7108,,,,72.9731,55.4065,63.7021,56.7671,67.1398,61.149,79.779,67.5245,70.1675,,,
,,,,,,90.2652,79.2092,67.9482,61.8911,54.6901,73.2003,,,,81.7435,94.6518,88.19765,63.7693,78.1781,70.8658,,,,87.0028,89.3615,77.3998,99.0272,84.9163,47.6476,68.8353,62.3063,61.2731,,,,,,,,,,,,,,,,,,,72.53,83.3004,72.455,,,,,,,,,,,,,,,,,,,63.8648,56.3122,55.8212,,,,,,,,,,59.83625,69.9757,49.6968,,,,,,,,,,,,,,,,,,,,,,,,,,,,,,,,,,,,,,,,,,,,,,56.7643,61.5522,51.9764,,,,,,,,,,58.1881,53.2522,48.3163,,,,53.69485,41.0534,46.3363,,,,63.6578,83.7485,71.3088,68.1931,60.366,64.27955,45.64,68.4961,63.2218,,,,70.9413,55.138,61.2578,57.3627,73.7734,58.389,77.1931,67.1356,76.7472,,,
,,,,,,82.2039,80.9176,88.1913,88.1305,77.9404,65.6949,,,,73.7812,85.5212,79.6512,60.868,72.0793,70.8658,,,,82.6963,89.1087,68.6757,92.7896,99.0129,51.8036,61.0047,71.1203,68.769,,,,,,,,,,,,,,,,,,,74.9194,86.0231,83.9997,,,,,,,,,,,,,,,,,,,68.967,67.5968,63.0898,,,,,,,,,,,,,,,,,,,,,,,,,,,,,,,,,,,,,,,,,,,,,,,,,,,,,,,,,,58.22795,64.3384,52.1175,,,,,,,,,,67.8947,68.0762,51.215,,,,64.0595,54.6785,58.0568,,,,69.6619,91.7913,71.177,74.4022,57.2186,65.8104,47.2764,66.272,56.7742,,,,69.2701,67.5677,65.8653,,,,78.4919,70.217,76.9994,,,
,,,,,,81.1705,75.1701,94.368,77.6751,79.7947,68.5159,,,,,,,69.8478,72.095,67.6006,,,,,,,88.0013,90.1467,64.5926,64.7854,66.3567,65.7031,,,,,,,,,,,,,,,,,,,73.4495,73.0761,77.8133,,,,,,,,,,,,,,,,,,,62.5047,58.0938,58.0503,,,,,,,,,,,,,,,,,,,,,,,,,,,,,,,,,,,,,,,,,,,,,,,,,,,,,,,,,,,,,,,,,,,,,,,,,,,,,,,,,,65.6992,67.7251,69.751,74.518,63.428,68.973,,,,,,,74.738,70.59395,66.4499,,,,81.2111,75.0815,70.8982,,,
,,,,,,74.8111,73.5417,76.3288,79.078,70.26885,61.4597,,,,,,,70.49985,73.9179,67.0818,,,,,,,,,,60.2358,67.4453,71.1671,,,,,,,,,,,,,,,,,,,70.7345,76.8341,76.742,,,,,,,,,,,,,,,,,,,70.5565,63.2516,60.678,,,,,,,,,,,,,,,,,,,,,,,,,,,,,,,,,,,,,,,,,,,,,,,,,,,,,,,,,,,,,,,,,,,,,,,,,,,,,,,,,,,,,,,,,,,,,,75.2142,70.245,65.2758,,,,,,,,,
,,,,,,66.4671,68.5618,76.5224,78.5213,72.0812,65.6411,,,,,,,,,,,,,,,,,,,57.7948,76.549,69.4929,,,,,,,,,,,,,,,,,,,63.6945,73.0761,73.2335,,,,,,,,,,,,,,,,,,,60.6964,79.6906,64.4094,,,,,,,,,,,,,,,,,,,,,,,,,,,,,,,,,,,,,,,,,,,,,,,,,,,,,,,,,,,,,,,,,,,,,,,,,,,,,,,,,,,,,,,,,,,,,,79.348,73.0738,66.7996,,,,,,,,,
,,,,,,74.8575,71.537,71.4963,,,,,,,,,,,,,,,,,,,,,,61.7076,70.9164,67.8948,,,,,,,,,,,,,,,,,,,66.0198,74.868,74.6188,,,,,,,,,,,,,,,,,,,69.669,70.9051,58.2564,,,,,,,,,,,,,,,,,,,,,,,,,,,,,,,,,,,,,,,,,,,,,,,,,,,,,,,,,,,,,,,,,,,,,,,,,,,,,,,,,,,,,,,,,,,,,,,,,,,,,,,,,
,,,,,,67.7981,69.3223,66.2739,,,,,,,,,,,,,,,,,,,,,,63.0952,71.6745,76.8874,,,,,,,,,,,,,,,,,,,77.0494,74.957,79.1525,,,,,,,,,,,,,,,,,,,69.5079,79.9321,74.72,,,,,,,,,,,,,,,,,,,,,,,,,,,,,,,,,,,,,,,,,,,,,,,,,,,,,,,,,,,,,,,,,,,,,,,,,,,,,,,,,,,,,,,,,,,,,,,,,,,,,,,,,
,,,,,,66.96975,74.1077,59.8318,,,,,,,,,,,,,,,,,,,,,,58.3515,67.5435,61.3381,,,,,,,,,,,,,,,,,,,76.4133,66.3796,74.7326,,,,,,,,,,,,,,,,,,,69.5079,74.7983,72.1531,,,,,,,,,,,,,,,,,,,,,,,,,,,,,,,,,,,,,,,,,,,,,,,,,,,,,,,,,,,,,,,,,,,,,,,,,,,,,,,,,,,,,,,,,,,,,,,,,,,,,,,,,
,,,,,,,,,,,,,,,,,,,,,,,,,,,,,,57.1739,73.7511,65.4625,,,,,,,,,,,,,,,,,,,66.9814,62.7057,79.4332,,,,,,,,,,,,,,,,,,,,,,,,,,,,,,,,,,,,,,,,,,,,,,,,,,,,,,,,,,,,,,,,,,,,,,,,,,,,,,,,,,,,,,,,,,,,,,,,,,,,,,,,,,,,,,,,,,,,,,,,,,,,,,
,,,,,,,,,,,,,,,,,,,,,,,,,,,,,,56.7214,75.4265,66.07395,,,,,,,,,,,,,,,,,,,59.3197,71.1667,75.3232,,,,,,,,,,,,,,,,,,,,,,,,,,,,,,,,,,,,,,,,,,,,,,,,,,,,,,,,,,,,,,,,,,,,,,,,,,,,,,,,,,,,,,,,,,,,,,,,,,,,,,,,,,,,,,,,,,,,,,,,,,,,,,
,,,,,,,,,,,,,,,,,,,,,,,,,,,,,,47.8084,78.3755,63.09195,,,,,,,,,,,,,,,,,,,59.1072,66.9814,57.8286,,,,,,,,,,,,,,,,,,,,,,,,,,,,,,,,,,,,,,,,,,,,,,,,,,,,,,,,,,,,,,,,,,,,,,,,,,,,,,,,,,,,,,,,,,,,,,,,,,,,,,,,,,,,,,,,,,,,,,,,,,,,,,
,,,,,,,,,,,,,,,,,,,,,,,,,,,,,,,,,,,,,,,,,,,,,,,,,,,60.6964,63.1962,60.3679,,,,,,,,,,,,,,,,,,,,,,,,,,,,,,,,,,,,,,,,,,,,,,,,,,,,,,,,,,,,,,,,,,,,,,,,,,,,,,,,,,,,,,,,,,,,,,,,,,,,,,,,,,,,,,,,,,,,,,,,,,,,,,
,,,,,,,,,,,,,,,,,,,,,,,,,,,,,,,,,,,,,,,,,,,,,,,,,,,78.3567,65.1162,60.3679,,,,,,,,,,,,,,,,,,,,,,,,,,,,,,,,,,,,,,,,,,,,,,,,,,,,,,,,,,,,,,,,,,,,,,,,,,,,,,,,,,,,,,,,,,,,,,,,,,,,,,,,,,,,,,,,,,,,,,,,,,,,,,
