Tobillo derecho,,,,,,,,,,,,,,,,,,,,,,,,,,,,,,,,,,,,,,,,,,,,,,,,,,,,,,,,,,,,,,,,,,,,,,,,,,,,,,,,,,,,,,,,,,,,,,,,,,,,,,,,,,,,,,,,,,,,,,,,,,,,,,,,,,,,,,,,,,,,,,,,,,,,,,,,,,,,,,,,,,,,,,,,,,,,,,,,,,,
"R1-ST, 15 dpl",,,"R1-ST, 30 dpl",,,"R2-ST, 15 dpl",,,"R2-ST, 30 dpl",,,"R3-ST, 15 dpl",,,"R3-ST, 30 dpl",,,"R4-ST, 15 dpl",,,"R4-ST, 30 dpl",,,"R5-ST, 15 dpl",,,"R5-ST, 30 dpl",,,"R6-ST, 15 dpl",,,"R6-ST, 30 dpl",,,"R1-TMX, 15 dpl",,,"R1-TMX, 30 dpl",,,"R2-TMX, 15 dpl",,,"R2-TMX, 30 dpl",,,"R3-TMX, 15 dpl",,,"R3-TMX, 30 dpl",,,"R4-TMX, 15 dpl",,,"R4-TMX, 30 dpl",,,"R5-TMX, 15 dpl",,,"R5-TMX, 30 dpl",,,"R6-TMX, 15 dpl",,,"R6-TMX, 30 dpl",,,"R1-EJE, 15 dpl",,,"R1-EJE, 30 dpl",,,"R2-EJE, 15 dpl",,,"R2-EJE, 30 dpl",,,"R3-EJE, 15 dpl",,,"R3-EJE, 30 dpl",,,"R4-EJE, 15 dpl",,,"R4-EJE, 30 dpl",,,"R5-EJE, 15 dpl",,,"R5-EJE, 30 dpl",,,"R6-EJE, 15 dpl",,,"R6-EJE, 30 dpl",,,"R1-TE, 15 dpl",,,"R1-TE, 30 dpl",,,"R2-TE, 15 dpl",,,"R2-TE, 30 dpl",,,"R3-TE, 15 dpl",,,"R3-TE, 30 dpl",,,"R4-TE, 15 dpl",,,"R4-TE, 30 dpl",,,"R5-TE, 15 dpl",,,"R5-TE, 30 dpl",,,"R6-TE, 15 dpl",,,"R6-TE, 30 dpl",,,"R1-VH, 15 dpl",,,"R1-VH, 30 dpl",,,"R2-VH, 15 dpl",,,"R2-VH, 30 dpl",,,"R3-VH, 15 dpl",,,"R3-VH, 30 dpl",,,"R4-VH, 15 dpl",,,"R4-VH, 30 dpl",,,"R5-VH, 15 dpl",,,"R5-VH, 30 dpl",,,"R6-VH, 15 dpl",,,"R6-VH, 30 dpl",,
Paso 1 ,Paso 2,Paso 3,Paso 1 ,Paso 2,Paso 3,Paso 1 ,Paso 2,Paso 3,Paso 1 ,Paso 2,Paso 3,Paso 1 ,Paso 2,Paso 3,Paso 1 ,Paso 2,Paso 3,Paso 1 ,Paso 2,Paso 3,Paso 1 ,Paso 2,Paso 3,Paso 1 ,Paso 2,Paso 3,Paso 1 ,Paso 2,Paso 3,Paso 1 ,Paso 2,Paso 3,Paso 1 ,Paso 2,Paso 3,Paso 1 ,Paso 2,Paso 3,Paso 1 ,Paso 2,Paso 3,Paso 1 ,Paso 2,Paso 3,Paso 1 ,Paso 2,Paso 3,Paso 1 ,Paso 2,Paso 3,Paso 1 ,Paso 2,Paso 3,Paso 1 ,Paso 2,Paso 3,Paso 1 ,Paso 2,Paso 3,Paso 1 ,Paso 2,Paso 3,Paso 1 ,Paso 2,Paso 3,Paso 1 ,Paso 2,Paso 3,Paso 1 ,Paso 2,Paso 3,Paso 1 ,Paso 2,Paso 3,Paso 1 ,Paso 2,Paso 3,Paso 1 ,Paso 2,Paso 3,Paso 1 ,Paso 2,Paso 3,Paso 1 ,Paso 2,Paso 3,Paso 1 ,Paso 2,Paso 3,Paso 1 ,Paso 2,Paso 3,Paso 1 ,Paso 2,Paso 3,Paso 1 ,Paso 2,Paso 3,Paso 1 ,Paso 2,Paso 3,Paso 1 ,Paso 2,Paso 3,Paso 1 ,Paso 2,Paso 3,Paso 1 ,Paso 2,Paso 3,Paso 1 ,Paso 2,Paso 3,Paso 1 ,Paso 2,Paso 3,Paso 1 ,Paso 2,Paso 3,Paso 1 ,Paso 2,Paso 3,Paso 1 ,Paso 2,Paso 3,Paso 1 ,Paso 2,Paso 3,Paso 1 ,Paso 2,Paso 3,Paso 1 ,Paso 2,Paso 3,Paso 1 ,Paso 2,Paso 3,Paso 1 ,Paso 2,Paso 3,Paso 1 ,Paso 2,Paso 3,Paso 1 ,Paso 2,Paso 3,Paso 1 ,Paso 2,Paso 3,Paso 1 ,Paso 2,Paso 3,Paso 1 ,Paso 2,Paso 3,Paso 1 ,Paso 2,Paso 3,Paso 1 ,Paso 2,Paso 3,Paso 1 ,Paso 2,Paso 3,Paso 1 ,Paso 2,Paso 3,Paso 1 ,Paso 2,Paso 3,Paso 1 ,Paso 2,Paso 3,Paso 1 ,Paso 2,Paso 3,Paso 1 ,Paso 2,Paso 3
78.5985,80.2917,76.9053,95.9709,107.5098,101.74035,51.4949,41.9939,31.7077,41.0899,48.8527,42.473,110.4803,92.9227,101.7015,107.6495,71.3376,71.3981,108.2985,104.8399,111.0812,148.4449,141.565,138.5722,77.2982,64.3424,70.8203,65.0514,52.9831,45.9453,37.2135,43.0405,34.3792,79.5396,88.1495,90.6404,87.5326,102.5138,91.7853,80.3684,82.3203,72.2422,61.3377,52.8307,43.2837,56.7024,51.4691,42.3019,73.6332,72.0521,71.6487,90.8159,77.9923,62.9693,89.1535,76.8516,63.6734,81.7999,66.7639,59.8223,120.9064,135.5746,128.2405,151.1198,143.9443,146.2729,75.1847,81.651,68.3505,66.5346,62.1912,56.0531,111.407,103.4963,84.6267,76.1298,80.9305,71.3291,105.1133,108.0446,97.4733,91.3979,87.6122,60.6132,59.3795,47.9405,38.6105,58.419,46.1208,35.0791,93.0103,74.6897,68.5715,33.4307,36.017,38.6033,86.1102,88.4367,78.4177,74.8819,63.3134,53.2715,97.0272,93.7926,83.8761,103.8823,116.0668,109.97455,107.0933,126.942,117.01765,70.5597,75.02205,79.4844,84.324,86.1445,74.2683,38.313,59.5471,69.5273,86.5405,85.5582,85.0528,76.4289,75.0782,75.75355,82.526,85.4931,84.00955,48.97535,51.1747,46.776,57.7125,68.4404,47.0807,56.3875,59.9341,52.8409,71.5422,67.2241,60.6558,69.5196,57.944,43.8653,77.4898,67.9209,62.4578,93.6189,77.7366,88.53636667,70.54115,72.6402,68.4421,83.2958,82.4658,81.6358,98.4771,105.9896,90.9646,106.5776,101.2367,105.3551,64.2417,69.0836,64.0804,90.1697,81.67,71.9346,90.3473,92.47,92.196,143.3225,133.5755,133.0015,56.4082,70.0186,63.2134,68.8537,61.2289,54.8437
83.19415,85.5048,80.8835,90,109.4113,99.70565,50.7127,34.7971,28.5704,38.4805,43.0061,39.6132,103.8756,100.6415,102.25855,109.7885,73.2571,77.491,106.7705,103.6596,113.5191,143.6963,140.229,141.7326,89.8578,69.6094,79.7336,62.5162,44.951,46.4835,42.7121,42.0347,37.9993,90.3818,96.4515,93.6794,76.2337,103.8032,98.1897,78.9061,83.15,77.3163,66.4237,57.8339,49.5932,58.4254,52.629,43.1478,71.1458,74.0142,70.1937,92.5934,75.365,73.4946,81.6575,77.638,69.0497,92.3711,76.3735,65.2254,125.3824,133.8388,129.6106,137.905,141.5388,144.4338,80.1693,88.8255,71.3206,68.5407,70.8801,57.9936,110.0311,101.7425,90.0559,106.0477,98.5364,64.2309,108.9673,105.4974,94.5723,74.4244,86.277,65.7156,57.2478,45.9734,40.678,67.764,53.1715,46.9344,91.6905,78.0231,64.6143,36.2917,35.036,37.2301,84.9826,93.6825,86.7337,76.2115,71.735,57.456,110.3733,106.7516,93.5608,109.6261,122.5232,116.07465,124.2296,139.2998,148.3484,75.1129,84.1306,86.5153,85.6792,85.778,74.3949,54.5737,70.171,74.1749,90.4454,87.3185,94.7479,82.2681,85.2516,83.75985,95.8769,88.245,92.06095,53.74825,50.2489,57.2476,66.2816,73.2788,50.2767,57.9859,63.7374,52.2344,62.5886,74.7306,71.8661,78.0503,59.0857,52.4507,76.64,66.1996,63.7308,93.7126,85.3742,91.87113333,87.9077,78.8174,83.36255,85.8327,85.43695,85.0412,99.92995,110.9876,88.8723,113.459,103.6409,106.3873,64.7541,65.7444,62.0162,95.1922,86.7527,72.7063,87.6685,87.1647,93.5354,145.315,133.3956,147.2014,54.4007,70.0375,55.6883,70.077,65.4559,61.4978
80.1915,82.0946,78.2884,92.4065,105.5233,98.9649,50.7907,35.703,33.1354,35.9122,37.2144,36.7508,111.3375,105.0852,108.21135,111.0862,76.6975,72.0797,112.7756,104.1082,129.4579,139.5064,138.4001,144.6621,98.9377,79.381,89.15935,70.0084,51.9354,48.0354,46.2537,47.0419,41.5635,94.1158,91.2995,91.363,82.8959,108.854,99.1791,85.6413,86.6383,82.3775,57.76,63.2755,54.1037,57.1036,53.1411,38.8601,76.7867,70.043,65.3288,95.196,76.6169,72.5036,80.2487,76.8413,75.8828,80.8438,80.5745,72.6713,122.0053,123.75,122.87765,146.235,136.156,148.578,85.0698,97.2558,78.3464,81.5722,69.0206,63.9371,107.6911,110.9098,90.2787,101.0925,91.2612,66.0346,99.0714,94.896,104.363,48.4868,87.1021,70.3452,61.9752,54.7976,38.2448,71.8582,59.6608,52.0188,91.7583,82.3633,67.4388,40.96,34.6317,38.3987,85.6797,103.3783,94.9171,83.9334,71.4923,56.4609,121.0102,118.2309,108.0039,124.0454,133.525,128.7852,122.3415,139.6766,143.3291,87.3217,87.8868,93.6384,88.9493,84.8762,78.169,62.6526,78.0227,90.3427,98.7511,88.8191,93.7851,85.443,96.2854,90.8642,109.514,93.8905,101.70225,59.5642,54.9242,64.2042,61.8254,83.7046,52.7824,66.6684,62.0568,48.1941,70.6441,74.8539,71.2879,73.8216,66.643,51.2118,79.088,65.1534,66.4955,100.6728,89.5548,96.6706,91.9166,76.8548,70.4144,89.0172,81.5168,97.3599,99.69425,113.6524,85.7361,118.245,104.0699,97.688,71.1786,77.0847,65.8567,98.0754,94.3094,80.7817,87.2083,88.1105,87.6594,143.6336,125.4456,137.5938,56.4039,69.3946,61.2485,79.4243,68.7943,63.7185
83.6022,86.2071,80.9973,83.4683,119.1794,101.32385,44.3247,24.3226,24.6707,36.79,39.3226,38.3151,108.5126,117.2843,112.89845,113.9017,83.3074,77.1852,117.645,109.715,134.833,142.1311,140.9775,145.7592,101.1729,81.3904,91.28165,61.78,55.4423,42.9475,62.5139,57.269,51.0662,89.5643,84.5577,70.748,107.0788,115.5238,105.5598,85.4761,82.9055,94.1823,63.0363,61.3719,55.5402,60.9755,54.462,51.4404,82.3763,83.6082,79.324,102.8267,79.9151,77.5707,85.2831,82.1947,70.1446,88.5231,77.8212,69.7582,132.582,122.1096,127.3458,149.3289,136.5804,143.3142,95.6965,100.4876,87.0051,87.1755,70.1146,68.735,112.3496,99.9728,91.4411,110.6915,92.6393,77.9627,111.7082,99.0295,79.4619,27.8438,82.8245,73.4332,58.0856,53.271,40.9739,76.8146,79.3078,64.4332,92.3731,89.8481,71.1914,36.1993,45.2494,45.0652,93.351,110.0937,100.3983,102.3963,81.2802,63.2566,135.6525,125.5721,123.8543,133.1797,135.2385,134.2091,129.594,133.1778,122.8809,96.105,94.4764,101.4995,89.7868,89.133,78.9413,75.6634,81.0996,96.9187,104.4987,94.1431,99.3209,104.7127,114.0887,109.4007,102.4089,90.448,96.42845,69.9819,72.7386,67.2252,75.3567,92.1064,83.73155,75.7569,76.4384,55.5786,77.6707,78.1199,71.5984,83.2183,70.7675,52.6988,79.5186,64.8977,67.4999,106.3134,101.7115,105.9579,93.1684,84.6982,71.1993,94.5661,95.9294,112.3997,116.76695,105.4745,128.0594,118.2787,102.0106,103.0699,74.5407,74.9733,66.7992,103.627,105.5297,82.4554,83.6964,86.6249,85.16065,136.8061,125.7275,135.7622,62.2643,71.2081,67.7965,84.6723,76.0591,80.3657
84.52505,87.2033,81.8468,86.7519,107.6388,97.19535,43.2259,22.7692,21.9873,32.514,42.4533,32.7827,118.3902,119.1375,118.76385,111.1776,76.4256,79.7966,111.1954,119.7775,136.1028,140.9885,133.1768,138.6298,104.6316,78.7739,91.70275,62.5857,56.9846,53.1775,73.2708,65.327,50.3732,69.0381,57.1114,53.1674,103.8322,120.2711,116.7425,83.0241,79.8631,90.0714,65.3198,67.427,57.4296,62.1173,61.9099,52.1865,81.88,106.4493,84.9043,101.1668,81.2371,67.8911,83.3453,84.4109,77.9403,89.5587,79.2206,71.6186,134.4048,133.0229,133.71385,147.415,138.9345,146.3858,90.5923,98.835,95.8014,89.0656,79.3474,84.5498,118.505,109.4888,83.992,117.4455,105.9154,87.1797,98.3591,105.7686,96.1594,30.279,88.5488,77.9689,59.3649,64.1517,38.0037,88.826,77.1702,77.8703,95.3201,95.3542,76.7902,47.3622,47.7409,39.1705,92.6449,116.6239,108.222,116.2672,91.0524,91.0198,142.9585,138.3099,130.5492,140.3213,135.412,137.86665,108.7822,101.9123,89.365,91.4323,103.2099,107.7533,101.0946,82.2202,81.6962,95.2816,88.2385,98.7744,112.4873,102.7328,107.61005,123.3739,134.6579,129.0159,90.0075,86.7011,63.5277,80.20535,83.4489,76.9618,74.4079,67.74605,61.0842,88.7612,73.5926,81.1769,86.2218,87.2054,71.9642,84.3802,76.3362,57.4782,87.0118,70.7826,69.8356,99.3926,105.681,103.7691333,99.5955,80.6909,90.1432,107.2399,107.2871,114.9915,113.3541,99.2859,112.7936,114.1167,103.6207,101.2371,81.4885,77.5975,75.9832,107.2616,113.9349,99.6638,89.9602,90.021,89.9906,126.0949,120.1122,119.0677,71.7429,81.6593,78.288,99.0633,85.697,92.38015
145.6305,103.5117,87.4831,88.4948,108.3194,98.4071,38.9127,21.2354,24.9066,34.4407,41.9595,37.3866,115.8035,120.0419,117.9227,117.4534,78.9839,84.603,107.8345,115.1421,136.9757,143.841,138.7725,131.7468,103.4469,84.7264,94.08665,59.9277,57.0524,54.2176,79.2671,69.744,50.9949,52.4311,40.6348,41.7586,113.9144,114.365,112.749,77.0968,64.0985,91.1483,74.4854,72.9228,65.3818,66.8059,58.1197,52.729,104.2336,113.3545,89.8859,96.9503,81.4608,70.3064,87.9635,91.6948,93.1335,115.8919,94.671,82.9828,133.4139,147.2756,140.34475,146.4928,135.3798,153.6547,96.5893,76.2258,83.2199,97.1272,95.2257,85.9086,120.9515,103.7012,87.6489,113.1604,109.7631,89.9155,97.844,120.3854,95.1805,36.4434,87.7487,81.2093,68.5936,65.8723,67.23295,98.568,88.727,79.1506,99.5409,98.0035,85.0346,56.4938,57.1069,45.0851,91.2946,121.0416,112.6751,112.4748,99.8383,100.8609,142.2846,134.4399,133.8487,136.1251,126.9144,131.51975,77.5089,76.5673,63.581,99.9932,113.215,97.7638,108.697,94.9,92.2427,106.8322,97.5816,101.6814,120.5706,111.6908,116.1307,138.4491,137.281,137.86505,78.9413,78.5173,71.6186,84.2546,84.2352,76.3888,73.4856,65.0826,56.6796,79.7433,70.4678,64.5554,95.833,98.6476,81.8849,93.8203,77.982,64.763,90.3404,75.1574,69.1079,99.3721,91.0731,92.72536667,99.5525,85.3039,78.4381,111.7178,104.824,103.4693,124.8675,101.3545,78.3707,99.0401,97.9233,91.5984,85.8668,79.6295,73.6447,115.0237,109.671,106.5848,87.0317,96.5411,91.7864,116.1235,120.7518,116.5923,78.9961,89.3777,97.0865,108.2858,92.3228,90.9192
146.3572,118.9325,87.7102,93.4766,121.3696,107.4231,34.6294,20.6699,21.0454,26.7763,50.5199,32.6394,138.051,101.4965,119.77375,121.4912,77.7119,90.5737,105.1556,110.3844,133.6371,141.5905,143.7209,131.5467,98.3407,81.3986,89.86965,59.2587,62.6283,54.3734,74.0356,79.7155,49.9528,38.5606,40.8881,35.0835,114.0484,112.3438,113.4822,57.829,47.0262,87.2483,78.2736,71.635,73.2582,66.8221,66.0079,54.5514,90.9266,44.041,97.3077,94.9971,85.0372,70.9207,86.8438,105.9495,101.6412,112.4012,97.9,89.7511,132.2133,137.1886,134.70095,144.3568,141.8551,146.0705,94.8766,62.5102,61.5218,85.0506,95.5759,93.7869,123.6736,102.831,75.7837,106.4638,116.2888,96.6388,102.8474,106.3181,90.1277,49.8835,76.8176,92.1,71.9003,66.3375,69.1189,100.6604,87.2439,75.6944,92.6277,96.1175,82.7268,53.4837,56.7682,54.9774,100.452,104.9884,98.2554,102.0305,98.4091,91.156,130.0749,133.4701,126.6179,133.4652,120.9599,127.21255,52.753,46.7541,48.542,112.522,107.0857,100.9696,104.113,99.5884,94.951,96.2607,91.3224,85.0994,118.9636,116.8703,130.5497,140.5807,141.8085,141.1946,75.8097,62.7673,79.2723,91.6308,85.0174,88.3241,77.5333,69.4323,61.3313,88.1652,80.2089,68.9783,102.6788,103.0472,88.5738,96.2346,84.9269,76.0655,82.1427,82.4957,74.0112,100.1178,72.999,88.94383333,105.1331,86.4256,78.4849,97.0758,88.7868,85.1281,134.3419,120.9629,103.0315,97.0681,95.2702,86.2509,87.9815,85.1341,77.9901,114.0524,104.8486,102.383,87.2159,96.5874,100.5965,111.2363,116.8718,116.9008,77.1853,89.5018,93.0423,106.2473,97.2755,88.7311
137.0346,132.4834,97.4701,103.596,116.7255,110.16075,36.0279,24.7276,23.6267,27.1692,54.3463,34.3301,122.5564,91.5513,107.05385,120.4906,87.2408,108.417,107.5077,107.5011,135.3107,135.7723,147.1168,129.7456,88.9648,72.5636,80.7642,58.0898,53.1775,60.5114,55.192,63.6718,54.6861,40.3521,38.5343,34.1862,106.3198,107.8435,104.9319,43.3968,41.6797,76.6587,79.5509,79.0145,76.1788,75.4679,80.9447,62.7495,52.5316,36.9472,85.5342,92.4134,85.1629,74.6292,89.8358,120.1856,106.1014,96.0028,106.8553,107.6941,128.0323,139.5643,133.7983,144.2674,139.7738,154.4774,69.8708,52.7025,55.7047,74.5986,90.1201,84.932,123.7754,117.9685,79.0492,118.2846,134.2696,102.2996,104.0329,73.3031,90.3409,54.4083,52.5604,93.2297,73.8477,64.4959,69.1718,105.4416,81.4169,70.6585,79.6084,94.8437,92.3843,52.7973,59.7569,60.2633,100.3449,88.1264,76.7067,75.3281,80.4793,65.6445,123.9349,113.7236,102.3331,127.6802,104.291,115.9856,40.6312,36.1066,39.8668,103.2546,81.7532,75.4968,97.2164,89.4286,94.389,68.338,78.7218,67.0645,114.4604,114.9022,124.8476,129.2868,136.7692,133.028,67.5872,64.4254,64.3363,84.6521,89.9785,87.3153,84.877,79.78035,74.6837,87.8847,80.6829,75.7012,109.551,112.3346,94.2079,96.6062,88.5964,74.8692,90.9224,86.1806,79.6245,89.6428,76.8301,81.365,104.7917,90.3896,87.3796,61.42135,60.766,62.0767,118.4645,107.2766,97.1254,92.5219,99.6381,77.752,99.5848,98.5542,88.7954,105.9785,100.1457,99.2746,90.2281,98.2641,104.9278,105.1686,114.5014,116.9791,70.9333,70.2086,74.3872,104.1796,103.5925,93.7429
141.8943,135.5084,100.7587,104.1285,105.2741,104.7013,35.4865,26.2151,23.9811,29.7576,66.9696,35.319,110.5176,85.7911,98.15435,126.8206,95.4788,114.3407,106.9269,106.0451,135.3044,131.1606,144.2374,137.8803,80.6533,59.1881,69.9207,61.9825,71.9107,67.3562,51.8924,47.0827,51.8478,41.9714,56.8872,46.2986,102.5204,100.7064,88.4181,37.163,41.4426,59.4312,72.5851,69.3913,70.1922,80.4961,80.7183,73.1018,28.8589,25.8904,39.9249,98.1835,89.7985,74.0546,88.3968,109.5135,97.9095,73.1577,84.4068,92.4341,131.5024,138.0129,134.75765,137.3276,138.6271,139.7228,61.3163,43.6732,42.9194,62.4957,74.1562,70.1635,120.5711,118.2592,70.685,126.64305,135.9948,117.2913,104.2739,63.0775,65.0803,55.9376,34.8235,80.332,76.6257,60.4703,68.548,88.4979,69.7861,63.7909,85.7513,88.558,89.7047,41.9505,51.9128,59.7247,88.7425,70.0537,61.789,58.097,57.109,45.633,99.3988,89.0057,74.4573,113.1122,88.1903,100.65125,41.2039,43.9192,38.889,68.5394,46.8672,46.311,83.7328,75.1307,70.2663,38.445,57.8312,53.2601,111.6276,114.0697,117.8089,128.4025,123.8284,126.11545,66.82,60.9742,58.7574,82.4487,78.2779,80.3633,80.626,78.51015,76.3943,95.7611,92.9119,77.4715,104.8807,123.8542,91.8929,95.1391,99.6341,91.9749,92.3099,86.5236,72.2336,97.0395,67.3719,86.2379,103.1784,96.0361,94.2835,78.1756,59.7578,57.1481,125.8726,105.8344,86.1285,101.9566,88.6101,91.0832,106.3758,99.5848,102.9803,89.2184,93.761,91.4897,100.3424,104.0493,105.571,102.6357,112.2767,112.7924,46.0334,58.358,57.4547,82.6924,99.3811,85.2472
135.486,126.0147,105.722,111.7129,102.4915,107.1022,32.899,33.7781,24.2976,30.8893,75.4781,38.7497,95.8141,105.9007,100.8574,115.1324,110.2938,132.9312,104.9304,96.538,120.9588,123.994,135.0459,135.2594,73.627,66.1562,69.8916,67.3743,75.4009,75.3802,40.689,42.413,75.085,52.2997,74.2549,59.4139,98.1758,76.0768,71.3754,26.6475,39.6681,41.4154,64.8483,62.4011,67.0729,87.2167,67.7863,76.9411,36.5261,38.2155,38.6536,96.701,95.998,79.9066,101.5748,89.3083,74.1792,65.727,62.0877,80.1836,125.1894,144.6449,134.91715,142.775,146.2395,133.7829,45.2711,44.16,40.0248,50.4846,68.3255,58.9739,129.5676,101.8215,74.0754,89.5743,100.8729,93.3871,78.5829,52.6726,48.1132,67.1284,38.9014,51.5675,59.0326,55.0748,41.3085,88.4887,69.7508,68.0208,76.6479,78.8256,78.3223,49.8725,49.9207,72.3907,71.7251,69.2179,63.0197,52.1493,49.2967,49.5497,81.7068,65.0075,64.6467,100.1943,73.373,86.78365,52.5061,51.3995,40.9476,33.3164,40.578,41.0702,70.2027,62.7159,66.4593,30.2047,48.567,44.2539,103.0839,118.3697,109.5676,119.5652,107.1303,113.34775,76.4842,63.8804,70.1823,76.0685,74.1838,67.3631,77.2197,74.4368,71.6539,78.2084,92.3257,99.575,91.6988,88.3519,65.851,100.7944,100.2345,96.0169,93.1966,86.6584,66.6423,81.1299,74.3195,82.7344,97.2858,90.7881,97.3546,64.426,45.0818,49.6012,124.7286,101.5736,95.1453,92.4065,83.4998,86.4156,104.1338,103.7702,91.3481,90.8284,93.3958,95.2797,96.9635,106.2936,107.0545,111.8342,111.5222,116.9983,26.8493,42.7651,41.6954,64.3352,70.417,77.5268
126.425,119.2914,105.8666,126.667,111.8477,119.25735,31.1984,36.1317,31.364,32.1509,74.5999,43.6926,93.3246,95.3956,94.3601,100.6749,117.9934,119.1429,107.999,99.6069,113.0745,123.5032,132.0384,113.6119,73.5085,62.4414,67.97495,73.8263,82.2874,79.6766,43.8296,38.1165,56.14,65.1349,85.7101,70.1066,86.8976,58.2191,73.1154,30.7842,36.8882,30.8226,58.2108,47.2052,62.7764,79.8066,71.2433,72.0087,63.7785,61.9555,34.424,94.0345,100.1874,72.5104,96.32,89.8872,74.3916,67.2113,59.0681,57.2648,140.0874,139.44,139.7637,141.6547,144.952,137.6865,36.5076,45.9099,48.9461,48.2792,58.0456,50.2269,122.7851,108.8638,94.9425,49.3035,61.9788,59.8747,58.5535,64.8015,48.2127,67.9694,48.4167,28.211,57.7112,55.8914,41.6924,75.374,58.9424,64.9674,81.6375,71.579,72.0364,51.8997,52.5575,70.654,58.8668,59.1234,57.4752,38.7945,43.8689,44.8078,61.7594,62.6434,50.2957,81.4774,75.722,78.5997,55.8113,60.2643,60.2461,35.7524,49.563,42.4979,26.7139,41.7985,37.1491,27.4777,46.1534,52.4458,91.774,92.38005,92.9861,110.9777,100.1897,105.5837,67.5482,59.6912,46.4735,80.4933,73.6506,72.5856,64.4481,72.969,69.5333,61.6324,79.9343,70.78335,69.1383,60.6136,42.3107,104.3015,107.3621,110.4227,89.3315,73.7356,55.5797,89.465,74.4402,73.6946,84.0088,84.1939,92.1637,58.8875,50.2501,41.2572,119.0181,105.206,95.1453,88.9396,87.1952,98.438,87.1707,90.8181,83.5233,92.2905,88.6528,88.1198,102.9561,110.9534,110.3845,106.3379,106.9497,104.9282,23.4678,33.4486,35.8703,58.296,66.5547,73.2814
134.5728,104.0363,114.631,114.3808,109.6451,112.01295,27.1026,45.268,37.9299,36.428,70.2929,45.445,102.3499,84.8417,93.5958,85.4654,106.0672,93.9643,113.305,101.1462,101.5275,120.1275,123.6814,114.618,72.313,59.243,65.778,81.0586,81.6906,78.3659,57.7954,43.4477,37.2724,79.533,95.54,84.4281,70.5632,64.2883,68.0925,26.4733,58.1648,43.054,50.0135,53.7002,62.1471,69.0397,66.0442,63.9847,97.9855,89.7373,48.7974,91.0385,99.8499,84.3285,76.2695,97.0408,82.8544,66.6884,61.0242,51.5752,135.1461,138.6351,136.8906,148.9451,141.4766,143.6409,42.1451,36.4012,58.3244,50.459,60.1947,55.3816,132.0273,106.3689,110.086,41.4674,44.013,39.2623,40.2876,72.5715,60.7221,69.6692,58.4881,43.1502,63.7585,58.1267,43.3057,69.57,70.2534,58.668,74.1896,73.4933,69.4384,51.9683,56.2687,61.0324,60.6831,67.3605,53.5025,44.1267,50.6229,45.9172,55.4374,53.6804,45.0496,73.1388,64.9865,69.06265,76.1159,80.8112,66.0491,54.0904,81.0792,62.6917,73.2888,54.2987,62.61946667,54.1385,58.2754,65.7795,82.9389,85.70685,88.4748,105.789,92.1655,98.97725,75.8267,59.0668,56.3824,76.2361,72.7574,70.6101,52.1137,62.187,52.6356,37.1295,34.2326,31.3357,54.7008,34.9054,26.909,101.8947,102.5159,103.1371,79.6741,72.5804,59.3557,89.0046,75.0331,73.5073,67.3601,68.7434,67.9789,55.444,47.7444,53.9376,112.973,104.7248,97.7704,87.2793,90.3213,91.8475,94.3258,84.8931,81.7901,92.1108,92.1379,92.521,96.3862,109.5313,102.95875,103.5702,105.1686,103.4908,34.1083,37.5522,40.9099,54.3272,61.0489,70.9116
113.8341,108.7643,115.6693,104.9444,104.3705,104.65745,32.2889,49.3696,45.0751,39.2103,52.0291,60.2521,97.8649,83.0598,90.46235,82.9208,79.2543,85.154,107.8909,104.0316,100.2489,120.9989,125.2092,109.18,65.0919,62.75,63.92095,86.1454,69.2348,65.5713,74.6703,56.492,40.206,91.9254,83.7317,91.2921,53.7848,54.6195,61.7128,38.3866,56.679,35.4751,52.3223,46.7087,46.8983,66.6334,63.3312,58.6075,93.9467,82.474,75.0941,93.7817,97.19,83.1949,86.5109,76.9421,65.7065,64.2575,68.723,47.3436,133.9765,135.7147,134.8456,147.9891,151.9423,146.7063,42.6293,63.1983,66.7179,56.6653,56.8588,61.5825,134.6607,131.6432,100.7057,48.5059,31.0291,50.3352,53.5715,89.4438,73.9689,66.148,66.4581,60.239,61.1414,53.1562,42.8826,52.3804,57.6743,54.9428,72.3957,69.4568,70.3862,51.6371,59.0692,60.7189,81.0628,66.482,70.6248,63.3503,53.4025,59.3051,52.1706,48.5482,44.9964,61.7655,61.2245,61.495,91.2332,93.9116,85.0165,82.6694,99.5051,82.7639,74.0274,68.8221,59.4277,65.4827,61.1041,82.3686,90.8129,84.8235,78.8341,88.1188,86.4627,87.29075,63.2223,59.1917,47.979,75.3907,63.0737,66.7542,47.3887,40.7231,53.7709,25.5441,41.83,31.4336,36.9099,32.8846,34.932,81.1255,93.298,79.7164,76.1964,65.3836,53.2114,79.7853,72.9026,67.8046,57.1213,51.5037,52.0694,47.2273,61.5393,55.476,122.4194,103.9188,91.9832,90.823,102.8631,103.7163,81.7104,81.2113,85.0495,96.0043,98.1149,90.3502,97.5997,110.5149,116.9669,118.2186,114.7532,117.1069,44.621,43.3445,44.3122,52.738,61.6411,67.117
104.2548,100.0377,105.9805,101.967,106.1946,104.0808,28.3313,54.3268,47.5023,43.0364,33.0084,60.7285,93.283,92.2341,92.75855,86.6804,82.3342,84.555,107.0854,100.8329,101.3741,125.4489,117.0004,119.9493,69.4107,62.284,65.84735,89.5768,57.078,49.7978,80.1048,70.0319,38.9021,93.4442,76.8474,78.4271,55.9419,56.3261,62.7042,48.4259,60.3257,48.5096,48.9215,47.5546,53.904,60.3725,64.2033,63.6526,79.3755,76.9966,85.8577,99.7089,106.3029,92.1762,83.7599,74.3023,69.4416,79.4088,64.8976,50.7339,132.6201,128.5538,130.58695,146.8329,143.9815,133.4534,57.5514,65.614,73.946,61.6093,62.4952,61.8789,116.0173,122.1694,82.4196,60.087,48.976,49.9738,79.1809,93.5034,75.5795,77.2931,64.747,68.5185,53.2127,60.9723,45.7189,47.9552,61.0816,55.1355,76.822,72.7579,63.403,50.332,61.3857,57.0582,86.6853,80.0174,74.5267,79.5749,64.3953,62.3176,57.7137,50.9808,44.2593,63.2391,81.6788,72.45895,98.8027,93.559,98.018,91.5884,95.9964,85.587,88.106,82.9584,73.6783,82.9303,71.5451,74.0935,89.5707,88.2805,86.9903,88.1936,88.0593,88.12645,49.4959,58.0708,52.435,76.2999,73.3497,69.1239,56.6292,46.824,55.7978,25.1612,25.8849,36.3122,42.2292,45.7378,38.1649,64.1822,75.1642,69.6732,80.9485,76.3318,58.4731,77.107,72.6055,63.6704,53.1185,55.4305,48.6051,62.8131,80.8499,72.3458,89.6659,104.9284,100.931,85.7628,87.5272,93.2822,78.4061,81.4581,79.8317,86.6026,97.823,98.249,102.6905,118.7188,115.1653,97.8232,105.3728,101.598,54.9138,43.1555,57.4707,46.6148,57.0469,62.147
107.6484,101.9,104.3203,104.6941,105.8253,105.2597,39.6403,67.0872,49.1781,48.2192,33.0412,50.8529,102.6262,97.8995,100.26285,86.7945,79.9218,93.8585,111.2378,102.7822,100.8014,129.6816,121.3133,118.0419,67.4964,69.2273,68.36185,91.8341,48.6268,45.1652,73.3575,77.6915,44.9379,81.8777,78.7427,79.4013,52.0861,62.5404,69.2662,56.879,66.5817,56.5705,57.5739,54.0411,63.0654,59.7306,68.3217,66.2177,72.0049,73.2831,81.9039,100.9999,115.0224,101.9631,60.3826,79.6341,77.2009,83.5676,73.6752,59.443,136.3124,117.4014,126.8569,152.0054,130.2291,137.1278,73.5834,72.5954,62.5362,73.7724,63.0479,59.5851,85.9803,96.3312,61.621,79.4729,55.4962,58.9329,94.4827,87.365,85.833,81.9654,62.215,70.5678,62.1034,54.588,52.5094,58.0482,54.2649,59.2205,84.5119,86.3637,67.4504,51.4747,53.3969,55.4525,95.8802,92,84.7978,90.8802,69.7582,55.734,67.3224,61.4977,52.2242,76.5934,84.3637,80.47855,100.8243,92.0083,93.8947,86.8317,85.5418,89.8032,92.0062,85.4591,82.8082,82.9747,83.651,69.1655,89.1693,90.9326,84.8708,81.0962,83.2228,82.1595,55.0962,59.0218,56.1688,76.1138,68.2039,60.9406,71.4524,56.8423,67.2615,43.8767,40.3318,56.3195,59.4005,64.2835,42.7104,44.7593,50.3196,50.2279,68.2995,67.326,60.8576,75.6179,76.2532,66.0702,51.5239,60.4646,49.2548,78.4904,90.6533,78.6413,106.4308,102.424,94.6462,99.0978,101.7669,96.4991,66.2707,77.5504,81.0087,91.6719,83.2373,86.4222,96.7444,108.7349,112.8436,96.7584,104.8474,100.8029,63.9394,55.8826,67.1751,56.5803,56.8497,65.3644
110.4547,99.8899,101.8693,111.0146,100.4299,105.72225,48.4033,57.113,56.837,54.2744,37.9985,44.1149,93.4615,97.4567,95.4591,84.17,85.6293,91.3783,111.5803,102.3656,99.4781,125.8178,120.6413,121.3811,69.0795,74.5464,71.81295,79.8265,50.3587,49.498,67.5853,62.3153,53.4904,72.4315,71.3927,71.7579,67.5811,77.7619,79.1343,58.0923,56.7574,64.6223,69.5541,65.6335,61.4442,54.0982,71.5709,77.7713,78.9766,69.3307,71.4355,106.3105,101.1735,103.4862,79.4176,76.025,73.6755,74.0831,70.6373,65.4391,140.1534,119.2894,129.7214,134.1672,130.0923,138.9523,81.1418,77.7378,60.6728,84.5153,65.6883,67.0566,65.8289,62.693,62.2898,96.28,67.4301,63.3622,93.6931,87.1758,80.0593,99.9906,66.1703,69.9657,73.4591,63.7237,48.0468,53.4863,56.0608,69.6754,92.0434,81.4434,73.3144,43.1563,45.9943,50.7262,81.3219,84.4179,78.8624,79.4311,70.1688,50.1263,77.7802,70.2181,57.2217,87.8157,77.4862,82.65095,99.2231,92.4992,99.2231,80.5756,78.3952,79.7821,96.6004,90.804,78.1115,72.0924,79.7418,59.5415,93.234,87.4407,82.0691,72.2748,78.9896,75.6322,75.4338,72.8729,60.2383,75.3323,78.9792,63.5103,80.219,70.4352,76.4679,55.6962,59.1454,57.9569,81.495,83.1045,58.3807,36.7868,36.9738,36.8803,69.8875,61.7109,59.3807,94.737,80.0439,63.1887,49.1555,67.4001,60.0094,88.9177,70.6721,71.1619,98.912,104.0424,97.7704,97.7285,107.8939,93.2561,70.9752,79.9988,76.8806,94.0851,86.2104,88.7437,95.4077,93.2153,107.0917,102.6632,103.2689,102.96605,79.1558,66.5487,79.7657,57.4059,64.6883,58.0107
107.4245,96.8166,102.7944,112.8476,106.2863,109.56695,64.3153,42.303,61.4969,41.3168,48.1036,37.6968,94.812,96.2778,95.5449,89.0026,88.7689,85.2541,107.8555,96.7216,107.8517,124.2929,126.7955,112.061,75.1138,78.0083,76.56105,57.751,52.4944,41.8764,58.2567,61.7559,68.5195,70.8001,65.5953,65.4357,65.7621,71.9922,69.1816,60.2664,64.9301,67.7484,78.5211,72.537,60.1893,54.3947,77.8304,70.9876,68.1015,70.8079,65.9142,118.1951,82.8747,102.5731,78.5408,71.1859,70.4867,73.5398,68.6283,58.3881,138.6961,122.1863,130.4412,141.8904,134.7476,128.7005,81.2804,73.8972,55.2614,85.1762,76.3807,61.534,66.808,63.5305,68.3239,99.3285,77.3985,68.3788,91.691,91.0768,84.5806,112.3756,64.5176,65.5641,62.5297,62.7079,57.0452,55.0303,47.2067,55.0898,84.1327,74.0702,81.6812,42.0526,47.0738,44.3693,82.9762,79.2717,73.6492,71.7604,62.91,84.963,71.6267,62.8377,54.1556,81.6183,80.0317,80.825,98.2571,98.7143,98.8433,72.8892,75.7151,63.2148,95.9852,85.4478,66.9059,68.7541,73.0467,51.8661,79.8117,86.361,74.9994,74.1157,74.6854,74.40055,76.0108,70.3356,72.0127,79.5545,72.8249,58.7841,74.5164,76.6258,88.3209,72.645,66.0079,69.0372,81.3404,81.6287,73.2347,30.6598,30.6774,28.1304,67.1568,59.8778,59.8076,91.7117,86.6536,71.8766,69.2349,76.549,76.2093,76.1597,67.2773,84.8497,102.3887,110.2072,93.1964,99.9773,101.294,96.5078,60.946,77.8289,77.5701,94.6341,86.5826,79.8793,97.3763,106.0472,104.372,100.5926,111.4051,105.2471,66.4467,70.5408,71.1167,66.7139,69.5046,63.2619
104.7504,104.2547,98.7468,98.1719,100.3223,99.2471,78.122,30.7036,62.0277,36.8127,57.9814,38.7115,91.7614,96.1564,93.9589,83.9043,83.3274,83.1779,106.3679,109.2249,106.812,124.9062,109.0676,103.2975,77.2464,89.9091,83.57775,43.182,59.6571,48.3313,56.0081,54.7504,81.7951,70.2877,63.2268,58.7566,76.8994,79.706,69.0387,53.87,64.9251,62.0254,77.3999,76.7812,79.9134,66.5008,84.2409,75.4238,67.1764,59.2399,69.5125,106.3562,60.1884,82.4585,85.8147,69.1411,71.4363,78.8628,65.3493,59.6159,136.4495,144.7137,140.5816,138.5017,140.3183,121.8922,76.4589,71.6865,54.7593,83.4997,81.522,77.9134,53.3872,65.4218,78.5159,85.2995,77.8619,80.8607,95.5834,85.7021,75.4328,94.9764,56.671,61.5959,63.4815,64.9078,62.0552,42.5363,38.4903,56.8476,75.5947,73.3462,69.2716,37.6829,39.5321,40.5279,85.3796,81.7204,70.88,62.2948,52.9228,80.6825,68.4308,56.5977,49.3627,80.1032,95.7381,87.92065,108.6818,113.7472,97.6637,75.4041,63.5443,75.0245,86.9165,81.531,79.5382,61.6881,69.725,53.8076,86.1998,82.5874,86.4369,80.9705,74.8828,77.92665,67.2218,52.1482,69.9582,85.5196,84.5989,59.136,75.6528,79.3046,84.9242,77.3865,71.2551,69.6393,81.3147,82.0063,79.5328,27.7489,39.8777,28.5645,63.7345,57.7928,61.7267,90.106,91.681,71.5363,75.2438,67.6249,87.5795,72.5385,77.1188,75.1954,107.9416,109.4707,97.4808,98.8586,100.7018,97.9699,57.5462,68.6647,63.10545,92.8481,82.6869,71.4869,98.9973,106.8914,105.9996,101.6939,104.2513,106.8087,71.5647,69.3531,64.5694,79.5024,79.6266,73.4757
101.3002,94.5293,101.1449,104.3761,108.2976,106.33685,82.6138,30.1167,56.4462,31.0884,72.0591,37.7941,96.6339,70.2804,83.45715,83.4631,88.1014,88.2096,112.2907,106.9093,97.5739,121.0871,116.5631,107.5884,88.537,79.9412,84.2391,49.8023,55.3221,47.3975,51.7997,52.2757,87.7613,67.5275,66.2107,56.5143,87.9533,73.1386,71.7272,58.0174,68.9742,74.3207,67.1916,64.1942,72.57,70.806,65.3275,72.4265,65.6225,69.5793,67.8516,81.9957,53.4525,62.9581,83.1526,72.3708,67.2946,75.1641,67.3631,60.9883,147.7102,147.9072,147.8087,132.0878,126.3325,122.8982,81.0799,68.9599,58.5876,80.2847,73.3257,80.2904,70.4737,74.8827,82.2523,89.3608,76.6004,79.3733,102.8034,77.8516,83.5509,92.2505,68.0576,46.341,64.03485,66.7459,61.3238,35.2152,33.0209,63.8957,75.7669,68.3122,71.4819,37.3177,40.7739,40.0387,76.992,74.2728,65.6045,53.9654,53.8292,75.0445,76.9847,57.5227,79.2559,78.6523,98.2958,88.47405,111.6576,114.7437,110.2182,65.2489,71.6489,67.6879,86.4915,78.4605,74.1611,57.5545,70.3947,36.6608,83.4543,82.1803,82.1568,81.7068,67.3102,74.5085,60.302,50.6592,51.0048,76.5851,74.2402,62.7392,61.3993,71.5162,75.1078,71.0429,78.5744,60.4667,76.7136,76.044,73.6959,49.1173,55.0715,39.7124,70.2736,58.8642,66.8258,87.2243,81.8391,75.8142,88.6957,65.3332,74.4522,71.8324,72.9589,69.5753,110.016,106.4181,94.4311,93.1415,94.2328,90.9683,56.7386,61.5956,59.1671,82.8108,73.0159,65.7564,99.2708,105.3283,107.4649,101.6083,103.3147,101.0713,64.9952,60.9338,66.5373,75.6859,78.3304,73.9008
95.5593,95.968,105.0194,98.9681,94.2407,96.6044,86.0534,40.791,46.6358,41.2937,86.514,48.9502,109.755,65.4803,87.61765,85.9343,84.0392,83.267,101.8962,97.8631,111.3479,119.4354,113.5153,105.5445,91.3356,76.5444,83.94,54.3339,57.4043,50.2647,43.1872,48.8428,79.3366,69.6892,70.5281,58.8212,90.2841,70.6432,74.0638,68.8017,71.3865,61.8607,61.2192,58.379,61.1227,79.5163,53.2,66.3413,77.8547,58.7999,68.3273,60.8823,57.0742,55.5366,75.4806,63.4137,62.8639,77.9128,62.7312,59.6568,137.6294,161.2226,149.426,129.17,126.1924,123.7159,79.4318,70.0777,74.75475,67.1591,62.6054,70.4262,80.1709,74.2178,79.3888,83.2009,83.4399,78.4562,95.6214,80.6863,76.8209,92.0878,75.2302,58.3726,57.2855,57.0147,69.6242,38.8069,29.6043,34.2056,74.7953,70.5657,68.2211,37.1447,40.3652,33.8233,92.4007,80.5481,65.616,60.3341,49.8956,69.8285,78.9804,61.5466,76.7,88.212,108.7465,98.47925,111.6347,129.8696,107.1918,71.5234,69.6758,70.3614,81.9921,82.3943,67.3545,48.6269,72.4076,60.51725,92.3793,90.9082,91.64375,71.5445,68.856,70.20025,62.2584,49.3464,45.4524,66.52,63.8077,59.9839,59.8598,66.904,68.4635,78.2023,66.5549,56.2484,77.4682,70.1666,66.2247,51.7862,62.2921,50.5382,77.0757,56.3936,75.5773,81.0177,78.7039,82.8542,79.5131,66.4273,75.6456,70.1796,67.6351,68.90735,100.5786,115.1643,99.818,95.4611,93.7395,94.6003,58.9456,57.158,58.0518,81.784,73.8503,62.1884,97.6584,102.7646,111.2122,94.3391,100.35705,106.375,64.1519,60.8065,63.6999,64.8643,72.9652,84.5213
104.9278,97.0032,102.3427,105.833,86.8872,96.3601,87.7519,48.3981,39.9921,38.7575,77.5212,60.0253,89.2849,68.038,78.66145,83.8207,87.5122,79.4068,96.9686,108.8899,102.7816,115.7059,105.705,103.537,85.7842,68.5156,77.1499,50.9593,52.9306,55.3454,41.1584,37.569,71.7472,70.0685,74.8537,55.944,85.3046,64.1631,71.9108,55.0509,57.42875,59.8066,54.947,54.0353,48.4417,79.8552,46.8116,60.6725,,,,59.3402,54.8659,58.0239,73.1294,65.36025,57.5911,55.7461,56.7738,54.7184,127.7124,161.8572,144.7848,136.1173,143.9728,126.7538,79.1513,67.9445,73.5479,69.9921,60.8691,69.3939,82.0014,80.1914,75.7285,84.0641,82.5297,73.2705,106.2529,97.4733,82.445,84.5811,69.95195,55.3228,52.3416,64.4808,58.6925,45.5426,27.5972,36.5699,79.1667,62.0951,70.7438,34.3152,37.0883,35.0619,85.3597,80.0265,63.8583,,,,81.3186,68.5626,80.0322,94.0686,121.4555,107.76205,,,,76.8464,75.2021,70.5597,85.5807,72.8386,71.6817,49.8297,65.9368,57.88325,,,,71.2434,67.2634,69.2534,47.49615,49.837,45.1553,66.4705,61.3947,60.811,58.3726,53.6255,61.5044,69.8464,58.3695,53.1783,81.5939,63.4565,59.8369,69.4871,75.0765,62.1421,80.0169,76.6316,76.7256,77.0105,76.6014,90.0159,81.1699,59.8872,75.8267,82.5183,87.3613,84.9398,100.6031,118.2544,94.242,99.3286,94.111,96.7198,72.0255,60.746,79.718,83.1244,64.9885,58.7782,93.7998,94.8897,99.4233,95.359,98.38775,101.4165,66.5132,60.0096,59.73,61.6673,70.1682,72.152
107.6415,100.9903,98.2474,109.2144,79.957,94.5857,82.0411,58.6988,34.3928,49.2614,63.9742,68.5396,90.5653,74.2311,82.3982,89.735,86.4031,88.3268,91.47,100.5951,98.6164,115.2636,111.2818,120.2931,73.3182,66.3278,69.823,52.9326,45.9066,62.9855,30.1298,30.7492,63.0413,69.2019,79.9445,55.9866,85.9983,66.4553,73.6916,72.5191,68.3956,64.2721,52.0551,47.2714,46.2855,71.8197,47.8097,57.1333,,,,37.8205,60.0315,40.6085,78.144,65.80215,53.4603,,,,122.2488,159.0337,140.64125,135.1708,148.7847,125.2667,,,,65.6401,62.6762,61.2027,70.3621,84.0758,79.7776,83.9377,79.1249,66.1631,104.7392,94.5723,78.131,,,,48.4022,56.0766,61.6268,,,,72.4772,65.7291,67.9702,35.98765,39.9105,32.0648,,,,,,,74.4761,69.9699,78.9823,97.9183,123.6624,110.79035,,,,,,,89.6059,71.6117,77.1363,50.658,74.5663,62.61215,,,,69.7847,57.4503,63.6175,,,,63.6393,54.7181,72.0693,57.691,50.6309,64.7511,65.5584,58.9329,51.8163,,,,76.3965,70.8808,68.6422,72.6763,78.1502,81.3231,80.281,69.6198,80.5954,77.0785,59.2361,71.2098,,,,114.8256,130.7594,100.7883,99.8114,95.7699,97.79065,86.8932,81.2701,84.08165,79.9033,64.9771,52.9819,93.6839,88.6409,97.78,107.986,98.2494,103.4822,59.6848,52.1727,58.7179,61.5343,65.4115,70.0421
104.4138,96.7632,95.8983,118.5204,81.1619,99.84115,57.77,68.1712,29.8161,58.5101,59.0697,82.5013,,,,101.7385,88.7397,93.3658,90.721,102.143,95.2463,125.1562,115.6241,110.9612,69.3721,61.3801,65.3761,54.3135,50.5434,70.4159,28.7231,32.9562,62.6783,70.6709,78.6643,57.8041,89.8126,69.436,74.9198,75.6541,73.4072,71.1603,51.4657,42.9704,42.4731,69.1148,47.8011,50.6233,,,,47.9234,64.8065,59.296,,,,,,,129.0365,160.5434,144.78995,144.9711,152.2822,130.1198,,,,68.2756,56.3537,63.2289,83.5031,84.6267,77.7254,78.1226,72.0535,67.3806,108.9054,104.363,87.1117,,,,48.6125,57.1289,54.9838,,,,74.8923,59.2972,62.6604,,,,,,,,,,,,,,,,,,,,,,87.9917,75.7732,79.5382,56.2396,69.3277,62.78365,,,,,,,,,,59.4227,50.9196,70.4201,56.48325,50.0272,62.9393,55.7263,59.4911,45.4221,,,,78.5004,62.1526,69.895,68.7084,86.8801,69.8908,77.0492,65.6934,72.2371,68.5929,58.5416,70.587,,,,119.5663,133.7667,98.8548,88.3407,92.7872,90.56395,67.649,71.7692,75.8894,74.8654,68.0072,71.4363,89.1025,95.653,92.0105,100.8557,97.8645,92.0715,59.6026,53.8186,58.5923,58.4703,57.7442,68.3895
87.4569,99.9992,98.0603,105.832,85.5355,95.68375,43.0739,65.4608,37.9298,71.293,49.4141,88.9213,,,,89.7208,91.0588,87.3611,95.1991,108.1932,104.4208,124.0521,106.4544,107.5451,57.3938,62.4064,59.9001,59.6578,58.6325,68.576,35.2434,35.0473,66.527,,,,87.9779,69.5646,75.5964,81.4293,76.68675,71.9442,49.8359,46.2923,41.4836,60.6654,47.2648,48.7001,,,,69.1866,59.0343,57.523,,,,,,,132.6184,158.0967,145.35755,144.0967,159.6183,141.299,,,,70.0895,57.37,85.7294,81.2086,90.0559,81.984,,,,,,,,,,49.0268,57.9965,65.8745,,,,,,,,,,,,,,,,,,,,,,,,,,,,73.7492,73.3373,74.1611,62.6452,76.9129,69.77905,,,,,,,,,,55.4227,47.7599,51.5913,,,,61.0733,45.4598,43.4936,,,,71.6015,56.8822,77.7817,70.0222,73.9784,62.1822,,,,71.4747,63.0291,66.9088,,,,126.0117,136.6634,103.2535,98.2257,91.6651,94.9454,67.4151,75.6678,84.5405,,,,89.3357,94.9581,95.1526,105.9048,96.0498,98.7972,64.2455,55.059,59.2345,57.9557,62.8151,63.7189
91.8839,86.3949,98.16,102.7809,82.5907,92.6858,38.1614,56.5644,46.6536,81.0039,45.513,77.3812,,,,89.2134,83.5753,75.0697,93.0921,104.8491,100.1392,130.4896,117.5358,112.1132,59.692,55.0776,57.3848,65.4259,59.7038,55.5204,39.9065,34.6459,58.7228,,,,94.9337,80.5533,84.8249,,,,42.6176,44.983,40.2522,58.6344,55.40705,52.1797,,,,70.558,73.7023,68.9808,,,,,,,139.646,156.5768,148.1114,143.0484,153.9276,158.5156,,,,68.8813,60.618,75.3477,,,,,,,,,,,,,43.9424,49.8966,55.9154,,,,,,,,,,,,,,,,,,,,,,,,,,,,70.22315,73.0918,67.3545,,,,,,,,,,,,,53.8203,44.1466,48.98345,,,,,,,,,,69.6876,48.6945,75.7508,64.4047,65.8056,57.5381,,,,77.3151,59.6818,68.8578,,,,134.886,130.4621,100.0791,102.341,99.9428,101.1419,67.5938,75.418,76.2281,,,,87.5091,94.31,93.552,106.2106,98.6209,98.2813,58.7922,50.9533,57.996,58.0402,61.7353,63.8587
84.234,79.0793,100.5929,,,,41.883,57.579,50.572,94.8903,82.3624,69.8345,,,,80.8508,78.178,72.3217,98.781,89.5299,105.4538,130.9983,129.4799,114.197,61.814,57.5533,59.68365,,,,39.6961,39.0575,55.1668,,,,86.5186,81.5698,76.1875,,,,,,,59.4438,51.8094,44.175,,,,79.933,75.3208,75.6907,,,,,,,139.2509,158.8016,149.02625,,,,,,,71.94,77.78695,83.6339,,,,,,,,,,,,,42.9112,49.1789,48.2919,,,,,,,,,,,,,,,,,,,,,,,,,,,,71.585,71.4883,71.6817,,,,,,,,,,,,,,,,,,,,,,,,,63.2812,49.3442,81.0629,67.0481,63.6209,53.6327,,,,73.4065,56.6557,67.8673,,,,134.7046,133.0999,98.6559,110.3839,107.8951,109.1395,63.3067,63.8963,66.75,,,,92.254,96.1922,95.4544,106.8208,95.3456,93.7564,59.8597,60.9643,59.8701,,,
85.2696,78.6196,94.8843,,,,38.8763,53.9633,64.246,73.1303,69.67855,66.2268,,,,74.8368,74.0769,73.5334,93.951,96.3726,102.6079,,,,58.9865,56.5547,57.7706,,,,,,,,,,,,,,,,,,,,,,,,,92.6437,82.3132,83.2262,,,,,,,147.5072,150.1569,148.83205,,,,,,,68.8368,72.82115,76.8055,,,,,,,,,,,,,,45.9979,39.1974,,,,,,,,,,,,,,,,,,,,,,,,,,,,,,,,,,,,,,,,,,,,,,,,,,,,,,,62.3429,53.231,69.0217,63.2402,67.686,52.243,,,,72.2611,61.8654,64.9459,,,,106.9495,116.2036,111.469,108.7266,113.265,110.9958,60.4393,65.1066,68.581,,,,82.5214,94.4012,94.6743,109.2064,93.9059,87.5805,62.3524,59.218,65.6364,,,
84.9965,79.1932,89.5058,,,,43.117,50.6153,83.4782,65.211,64.73655,64.2621,,,,76.3191,70.9302,70.84,98.9295,99.0575,93.9271,,,,55.5827,58.8659,57.2243,,,,,,,,,,,,,,,,,,,,,,,,,72.8821,86.4277,75.8749,,,,,,,151.9613,153.6515,152.8064,,,,,,,69.3805,74.7989,80.2173,,,,,,,,,,,,,,,,,,,,,,,,,,,,,,,,,,,,,,,,,,,,,,,,,,,,,,,,,,,,,,,,,,,,,,61.4296,58.9023,60.7277,58.86635,63.8695,53.8632,,,,73.8824,62.8875,70.1283,,,,108.5459,109.3473,104.8427,119.9235,121.8259,120.8747,54.0555,57.83125,61.607,,,,81.9384,90.897,99.3935,111.3913,97.0592,91.8162,64.1027,55.9013,63.6203,,,
85.4388,80.2564,87.7495,,,,58.0407,49.6442,71.6669,,,,,,,,,,104.8802,105.3589,91.4577,,,,57.3942,57.0143,57.20425,,,,,,,,,,,,,,,,,,,,,,,,,83.4127,84.7627,70.8409,,,,,,,145.7771,146.741,146.25905,,,,,,,,,,,,,,,,,,,,,,,,,,,,,,,,,,,,,,,,,,,,,,,,,,,,,,,,,,,,,,,,,,,,,,,,,,,,,,,,,,56.95655,59.9381,53.975,,,,75.5159,57.1704,70.7459,,,,107.7915,105.6774,107.5839,121.4024,127.8557,124.62905,58.3878,66.4965,59.2765,,,,,,,,,,63.9071,60.1935,66.5222,,,
,,,,,,69.4345,42.6817,67.1602,,,,,,,,,,105.9322,99.1017,91.3685,,,,60.1633,62.1369,61.1501,,,,,,,,,,,,,,,,,,,,,,,,,81.0702,72.2971,69.6821,,,,,,,137.8623,122.895,130.37865,,,,,,,,,,,,,,,,,,,,,,,,,,,,,,,,,,,,,,,,,,,,,,,,,,,,,,,,,,,,,,,,,,,,,,,,,,,,,,,,,,58.74025,59.6534,57.8271,,,,81.5859,63.5732,68.8566,,,,106.9946,108.5005,114.7885,129.0745,127.8449,128.4597,61.436,67.9664,62.3251,,,,,,,,,,,,,,,
,,,,,,77.6417,39.4616,58.5559,,,,,,,,,,98.5562,99.3435,94.9602,,,,,,,,,,,,,,,,,,,,,,,,,,,,,,,74.0329,85.0004,70.8006,,,,,,,,,,,,,,,,,,,,,,,,,,,,,,,,,,,,,,,,,,,,,,,,,,,,,,,,,,,,,,,,,,,,,,,,,,,,,,,,,,,,,,,,,,,,,,,,,,,,,,,112.742,102.1172,108.0061,116.6577,119.6077,118.1327,61.9425,67.6974,63.6433,,,,,,,,,,,,,,,
,,,,,,71.4691,40.0184,54.9415,,,,,,,,,,105.5891,97.685,97.9707,,,,,,,,,,,,,,,,,,,,,,,,,,,,,,,74.5116,75.3746,76.0757,,,,,,,,,,,,,,,,,,,,,,,,,,,,,,,,,,,,,,,,,,,,,,,,,,,,,,,,,,,,,,,,,,,,,,,,,,,,,,,,,,,,,,,,,,,,,,,,,,,,,,,105.9896,101.441,104.6487,111.7302,116.0406,113.8854,,,,,,,,,,,,,,,,,,
,,,,,,62.2595,36.8114,47.9237,,,,,,,,,,,,,,,,,,,,,,,,,,,,,,,,,,,,,,,,,,,84.4142,74.9542,80.5867,,,,,,,,,,,,,,,,,,,,,,,,,,,,,,,,,,,,,,,,,,,,,,,,,,,,,,,,,,,,,,,,,,,,,,,,,,,,,,,,,,,,,,,,,,,,,,,,,,,,,,,,,,,,,,,,,,,,,,,,,,,,,,
,,,,,,51.392,50.36325,49.3345,,,,,,,,,,,,,,,,,,,,,,,,,,,,,,,,,,,,,,,,,,,83.0019,75.6579,69.2117,,,,,,,,,,,,,,,,,,,,,,,,,,,,,,,,,,,,,,,,,,,,,,,,,,,,,,,,,,,,,,,,,,,,,,,,,,,,,,,,,,,,,,,,,,,,,,,,,,,,,,,,,,,,,,,,,,,,,,,,,,,,,,
,,,,,,50.5927,47.60595,44.6192,,,,,,,,,,,,,,,,,,,,,,,,,,,,,,,,,,,,,,,,,,,76.3506,80.0993,68.3083,,,,,,,,,,,,,,,,,,,,,,,,,,,,,,,,,,,,,,,,,,,,,,,,,,,,,,,,,,,,,,,,,,,,,,,,,,,,,,,,,,,,,,,,,,,,,,,,,,,,,,,,,,,,,,,,,,,,,,,,,,,,,,
,,,,,,44.1666,41.22325,38.2799,,,,,,,,,,,,,,,,,,,,,,,,,,,,,,,,,,,,,,,,,,,84.4649,78.2119,73.5984,,,,,,,,,,,,,,,,,,,,,,,,,,,,,,,,,,,,,,,,,,,,,,,,,,,,,,,,,,,,,,,,,,,,,,,,,,,,,,,,,,,,,,,,,,,,,,,,,,,,,,,,,,,,,,,,,,,,,,,,,,,,,,
,,,,,,,,,,,,,,,,,,,,,,,,,,,,,,,,,,,,,,,,,,,,,,,,,,,82.2977,73.6243,63.6296,,,,,,,,,,,,,,,,,,,,,,,,,,,,,,,,,,,,,,,,,,,,,,,,,,,,,,,,,,,,,,,,,,,,,,,,,,,,,,,,,,,,,,,,,,,,,,,,,,,,,,,,,,,,,,,,,,,,,,,,,,,,,,
,,,,,,,,,,,,,,,,,,,,,,,,,,,,,,,,,,,,,,,,,,,,,,,,,,,70.3093,82.6173,69.2256,,,,,,,,,,,,,,,,,,,,,,,,,,,,,,,,,,,,,,,,,,,,,,,,,,,,,,,,,,,,,,,,,,,,,,,,,,,,,,,,,,,,,,,,,,,,,,,,,,,,,,,,,,,,,,,,,,,,,,,,,,,,,,
,,,,,,,,,,,,,,,,,,,,,,,,,,,,,,,,,,,,,,,,,,,,,,,,,,,76.0293,68.8329,61.2533,,,,,,,,,,,,,,,,,,,,,,,,,,,,,,,,,,,,,,,,,,,,,,,,,,,,,,,,,,,,,,,,,,,,,,,,,,,,,,,,,,,,,,,,,,,,,,,,,,,,,,,,,,,,,,,,,,,,,,,,,,,,,,
